date_or_year,from,from_ein,to,to_ein,amount,currency,kind,status,note,source_url,read_status
CY2020,UNRWA USA National Committee,20-2714426,,,3961616,USD,total_revenue (Form 990 Part I line 12),reported in filing,prior-year column of TY2021 return,https://projects.propublica.org/nonprofits/organizations/202714426/202242639349301419/IRS990,full return read
CY2021,UNRWA USA National Committee,20-2714426,,,7098030,USD,total_revenue (Form 990 Part I line 12),reported in filing,,https://projects.propublica.org/nonprofits/organizations/202714426/202242639349301419/IRS990,full return read
CY2022,UNRWA USA National Committee,20-2714426,,,5476838,USD,total_revenue (Form 990 Part I line 12),reported in filing,,https://projects.propublica.org/nonprofits/organizations/202714426/202302859349300115/IRS990,full return read
CY2023,UNRWA USA National Committee,20-2714426,,,32433934,USD,total_revenue (Form 990 Part I line 12),reported in filing,,https://projects.propublica.org/nonprofits/organizations/202714426/202403199349310005/IRS990,full return read
CY2024,UNRWA USA National Committee,20-2714426,,,51495126,USD,total_revenue (Form 990 Part I line 12),reported in filing,,https://projects.propublica.org/nonprofits/organizations/202714426/202533219349317108/IRS990,full return read
FY Jun2020-May2021,American Near East Refugee Aid (ANERA),52-0882226,,,112473420,USD,total_revenue (Form 990 Part I line 12),reported in filing,,https://projects.propublica.org/nonprofits/organizations/520882226/202142649349301504/IRS990,full return read
FY Jun2021-May2022,American Near East Refugee Aid (ANERA),52-0882226,,,100752656,USD,total_revenue (Form 990 Part I line 12),reported in filing,,https://projects.propublica.org/nonprofits/organizations/520882226/202213349349301026/IRS990,full return read
FY Jun2022-May2023,American Near East Refugee Aid (ANERA),52-0882226,,,173279297,USD,total_revenue (Form 990 Part I line 12),reported in filing,,https://projects.propublica.org/nonprofits/organizations/520882226/202323549349300112/IRS990,full return read
FY Jun2023-May2024,American Near East Refugee Aid (ANERA),52-0882226,,,204317485,USD,total_revenue (Form 990 Part I line 12),reported in filing,,https://projects.propublica.org/nonprofits/organizations/520882226/202500879349301330/IRS990,full return read
FY Jun2024-May2025,American Near East Refugee Aid (ANERA),52-0882226,,,176317328,USD,total_revenue (Form 990 Part I line 12),reported in filing,,https://projects.propublica.org/nonprofits/organizations/520882226/202621079349300022/IRS990,full return read
CY2021,Islamic Relief USA (legal name Islamic Development & Empowerment In America),95-4453134,,,136444567,USD,total_revenue (Form 990 Part I line 12),reported in filing,,https://projects.propublica.org/nonprofits/organizations/954453134/202203179349302265/IRS990,full return read
CY2022,Islamic Relief USA (legal name Islamic Development & Empowerment In America),95-4453134,,,128767875,USD,total_revenue (Form 990 Part I line 12),reported in filing,,https://projects.propublica.org/nonprofits/organizations/954453134/202343039349301974/IRS990,full return read
CY2023,Islamic Relief USA (legal name Islamic Development & Empowerment In America),95-4453134,,,165235589,USD,total_revenue (Form 990 Part I line 12),reported in filing,,https://projects.propublica.org/nonprofits/organizations/954453134/202413199349303316/IRS990,full return read
CY2024,Islamic Relief USA (legal name Islamic Development & Empowerment In America),95-4453134,,,147232658,USD,total_revenue (Form 990 Part I line 12),reported in filing,,https://projects.propublica.org/nonprofits/organizations/954453134/202600439349301145/IRS990,full return read
CY2021,Palestine Childrens Relief Fund,93-1057665,,,21671085,USD,total_revenue (Form 990 Part I line 12),reported in filing,prior-year column of TY2022 return,https://projects.propublica.org/nonprofits/organizations/931057665/202323189349318832/IRS990,full return read
CY2022,Palestine Childrens Relief Fund,93-1057665,,,10710532,USD,total_revenue (Form 990 Part I line 12),reported in filing,,https://projects.propublica.org/nonprofits/organizations/931057665/202323189349318832/IRS990,full return read
CY2023,Palestine Childrens Relief Fund,93-1057665,,,71798401,USD,total_revenue (Form 990 Part I line 12),reported in filing,TY2023 return carries a later object id than the TY2024 return; possibly amended,https://projects.propublica.org/nonprofits/organizations/931057665/202531299349302413/IRS990,full return read
CY2024,Palestine Childrens Relief Fund,93-1057665,,,94873840,USD,total_revenue (Form 990 Part I line 12),reported in filing,,https://projects.propublica.org/nonprofits/organizations/931057665/202513219349303276/IRS990,full return read
FY Jul2020-Jun2021,Middle East Childrens Alliance,94-3074600,,,6895587,USD,total_revenue (Form 990 Part I line 12),reported in filing,,https://projects.propublica.org/nonprofits/organizations/943074600/202211369349314326/IRS990,full return read
FY Jul2021-Jun2022,Middle East Childrens Alliance,94-3074600,,,3812328,USD,total_revenue (Form 990 Part I line 12),reported in filing,,https://projects.propublica.org/nonprofits/organizations/943074600/202332879349300303/IRS990,full return read
FY Jul2022-Jun2023,Middle East Childrens Alliance,94-3074600,,,3483995,USD,total_revenue (Form 990 Part I line 12),reported in filing,,https://projects.propublica.org/nonprofits/organizations/943074600/202441359349309414/IRS990,full return read
FY Jul2023-Jun2024,Middle East Childrens Alliance,94-3074600,,,20745978,USD,total_revenue (Form 990 Part I line 12),reported in filing,,https://projects.propublica.org/nonprofits/organizations/943074600/202521359349307327/IRS990,full return read
FY Jul2024-Jun2025,Middle East Childrens Alliance,94-3074600,,,18269688,USD,total_revenue (Form 990 Part I line 12),reported in filing,,https://projects.propublica.org/nonprofits/organizations/943074600/202631359349312463/IRS990,full return read
CY2021,United Palestinian Appeal,11-2494808,,,30902975,USD,total_revenue (Form 990 Part I line 12),reported in filing,,https://projects.propublica.org/nonprofits/organizations/112494808/202201079349300105/IRS990,full return read
CY2022,United Palestinian Appeal,11-2494808,,,83572485,USD,total_revenue (Form 990 Part I line 12),reported in filing,,https://projects.propublica.org/nonprofits/organizations/112494808/202312489349301011/IRS990,full return read
CY2023,United Palestinian Appeal,11-2494808,,,108226271,USD,total_revenue (Form 990 Part I line 12),reported in filing,,https://projects.propublica.org/nonprofits/organizations/112494808/202443199349304469/IRS990,full return read
CY2024,United Palestinian Appeal,11-2494808,,,120665815,USD,total_revenue (Form 990 Part I line 12),reported in filing,,https://projects.propublica.org/nonprofits/organizations/112494808/202640509349300304/IRS990,full return read
FY Jul2022-Jun2023,The Rebuilding Alliance,56-2392452,,,825817,USD,total_revenue (Form 990 Part I line 12),reported in filing,,https://projects.propublica.org/nonprofits/organizations/562392452/202421299349303102/IRS990,full return read
FY Jul2023-Jun2024,The Rebuilding Alliance,56-2392452,,,4309990,USD,total_revenue (Form 990 Part I line 12),reported in filing,,https://projects.propublica.org/nonprofits/organizations/562392452/202531359349315313/IRS990,full return read
FY Jul2024-Jun2025,The Rebuilding Alliance,56-2392452,,,4367156,USD,total_revenue (Form 990 Part I line 12),reported in filing,,https://projects.propublica.org/nonprofits/organizations/562392452/202621359349315472/IRS990,full return read
CY2020,Palestinian American Medical Association,47-2227058,,,1590703,USD,total_revenue (Form 990 Part I line 12),reported in filing,,https://projects.propublica.org/nonprofits/organizations/472227058/202133139349302093/IRS990,full return read
CY2021,Palestinian American Medical Association,47-2227058,,,3162254,USD,total_revenue (Form 990 Part I line 12),reported in filing,,https://projects.propublica.org/nonprofits/organizations/472227058/202233199349323963/IRS990,full return read
CY2022,Palestinian American Medical Association,47-2227058,,,1920177,USD,total_revenue (Form 990 Part I line 12),reported in filing,,https://projects.propublica.org/nonprofits/organizations/472227058/202323199349330017/IRS990,full return read
CY2023,Palestinian American Medical Association,47-2227058,,,12524599,USD,total_revenue (Form 990 Part I line 12),reported in filing,,https://projects.propublica.org/nonprofits/organizations/472227058/202443199349302734/IRS990,full return read
CY2024,Palestinian American Medical Association,47-2227058,,,22254009,USD,total_revenue (Form 990 Part I line 12),reported in filing,,https://projects.propublica.org/nonprofits/organizations/472227058/202513199349301821/IRS990,full return read
FY Jul2020-Jun2021,Jewish Federations of North America,13-1624240,,,264865615,USD,total_revenue (Form 990 Part I line 12),reported in filing,,https://projects.propublica.org/nonprofits/organizations/131624240/202221329349307412/IRS990,full return read
FY Jul2021-Jun2022,Jewish Federations of North America,13-1624240,,,364901523,USD,total_revenue (Form 990 Part I line 12),reported in filing,,https://projects.propublica.org/nonprofits/organizations/131624240/202321329349304157/IRS990,full return read
FY Jul2022-Jun2023,Jewish Federations of North America,13-1624240,,,278666826,USD,total_revenue (Form 990 Part I line 12),reported in filing,,https://projects.propublica.org/nonprofits/organizations/131624240/202411359349308751/IRS990,full return read
FY Jul2023-Jun2024,Jewish Federations of North America,13-1624240,,,702409132,USD,total_revenue (Form 990 Part I line 12),reported in filing,,https://projects.propublica.org/nonprofits/organizations/131624240/202521429349301217/IRS990,full return read
FY Jul2024-Jun2025,Jewish Federations of North America,13-1624240,,,435156966,USD,total_revenue (Form 990 Part I line 12),reported in filing,,https://projects.propublica.org/nonprofits/organizations/131624240/202601359349309115/IRS990,full return read
FY Jul2022-Jun2023,United Israel Appeal Inc,13-1760102,,,157613314,USD,total_revenue (Form 990 Part I line 12),reported in filing,prior-year column,https://projects.propublica.org/nonprofits/organizations/131760102/202521429349301142/IRS990,full return read
FY Jul2023-Jun2024,United Israel Appeal Inc,13-1760102,,,464767120,USD,total_revenue (Form 990 Part I line 12),reported in filing,,https://projects.propublica.org/nonprofits/organizations/131760102/202521429349301142/IRS990,full return read
FY Jul2024-Jun2025,United Israel Appeal Inc,13-1760102,,,350481992,USD,total_revenue (Form 990 Part I line 12),reported in filing,,https://projects.propublica.org/nonprofits/organizations/131760102/202631359349309108/IRS990,full return read
FY Jul2022-Jun2023,UJA-Federation of New York,51-0172429,,,262184000,USD,total_revenue (Form 990 Part I line 12),reported in filing,prior-year column,https://projects.propublica.org/nonprofits/organizations/510172429/202511349349303781/IRS990,full return read
FY Jul2023-Jun2024,UJA-Federation of New York,51-0172429,,,484266000,USD,total_revenue (Form 990 Part I line 12),reported in filing,,https://projects.propublica.org/nonprofits/organizations/510172429/202511349349303781/IRS990,full return read
FY Jul2024-Jun2025,UJA-Federation of New York,51-0172429,,,350493949,USD,total_revenue (Form 990 Part I line 12),reported in filing,,https://projects.propublica.org/nonprofits/organizations/510172429/202611349349307791/IRS990,full return read
CY2022,Jewish Agency for Israel (Israel-based filer),23-7254561,,,410927000,USD,total_revenue (Form 990 Part I line 12),reported in filing,prior-year column,https://projects.propublica.org/nonprofits/organizations/237254561/202413479349300711/IRS990,full return read
CY2023,Jewish Agency for Israel (Israel-based filer),23-7254561,,,455277000,USD,total_revenue (Form 990 Part I line 12),reported in filing,,https://projects.propublica.org/nonprofits/organizations/237254561/202413479349300711/IRS990,full return read
CY2024,Jewish Agency for Israel (Israel-based filer),23-7254561,,,455512779,USD,total_revenue (Form 990 Part I line 12),reported in filing,,https://projects.propublica.org/nonprofits/organizations/237254561/202513219349307621/IRS990,full return read
CY2020,Jewish Agency for Israel - North American Council,23-0053483,,,19338851,USD,total_revenue (Form 990 Part I line 12),reported in filing,,https://projects.propublica.org/nonprofits/organizations/230053483/202122539349301757/IRS990,full return read
CY2021,Jewish Agency for Israel - North American Council,23-0053483,,,23591467,USD,total_revenue (Form 990 Part I line 12),reported in filing,,https://projects.propublica.org/nonprofits/organizations/230053483/202243199349331764/IRS990,full return read
CY2022,Jewish Agency for Israel - North American Council,23-0053483,,,36788972,USD,total_revenue (Form 990 Part I line 12),reported in filing,,https://projects.propublica.org/nonprofits/organizations/230053483/202303179349304355/IRS990,full return read
CY2023,Jewish Agency for Israel - North American Council,23-0053483,,,51583190,USD,total_revenue (Form 990 Part I line 12),reported in filing,,https://projects.propublica.org/nonprofits/organizations/230053483/202433109349303358/IRS990,full return read
CY2024,Jewish Agency for Israel - North American Council,23-0053483,,,37251573,USD,total_revenue (Form 990 Part I line 12),reported in filing,,https://projects.propublica.org/nonprofits/organizations/230053483/202513039349301666/IRS990,full return read
CY2021,Jewish Agency-American Section Inc,13-1919802,,,4542213,USD,total_revenue (Form 990 Part I line 12),reported in filing,,https://projects.propublica.org/nonprofits/organizations/131919802/202243199349325889/IRS990,full return read
CY2022,Jewish Agency-American Section Inc,13-1919802,,,5989424,USD,total_revenue (Form 990 Part I line 12),reported in filing,,https://projects.propublica.org/nonprofits/organizations/131919802/202323179349309527/IRS990,full return read
CY2023,Jewish Agency-American Section Inc,13-1919802,,,7169077,USD,total_revenue (Form 990 Part I line 12),reported in filing,,https://projects.propublica.org/nonprofits/organizations/131919802/202403169349304425/IRS990,full return read
CY2024,Jewish Agency-American Section Inc,13-1919802,,,7528225,USD,total_revenue (Form 990 Part I line 12),reported in filing,,https://projects.propublica.org/nonprofits/organizations/131919802/202522729349301852/IRS990,full return read
CY2025,Jewish Agency-American Section Inc,13-1919802,,,10240353,USD,total_revenue (Form 990 Part I line 12),reported in filing,,https://projects.propublica.org/nonprofits/organizations/131919802/202632199349301378/IRS990,full return read
CY2022,American Jewish Joint Distribution Committee,13-1656634,,,456029318,USD,total_revenue (Form 990 Part I line 12),reported in filing,prior-year column,https://projects.propublica.org/nonprofits/organizations/131656634/202423179349300302/IRS990,full return read
CY2023,American Jewish Joint Distribution Committee,13-1656634,,,409844302,USD,total_revenue (Form 990 Part I line 12),reported in filing,,https://projects.propublica.org/nonprofits/organizations/131656634/202423179349300302/IRS990,full return read
CY2024,American Jewish Joint Distribution Committee,13-1656634,,,412907647,USD,total_revenue (Form 990 Part I line 12),reported in filing,,https://projects.propublica.org/nonprofits/organizations/131656634/202523049349302612/IRS990,full return read
FY Dec2020-Nov2021,PEF Israel Endowment Funds,13-6104086,,,172516755,USD,total_revenue (Form 990 Part I line 12),reported in filing,prior-year column,https://projects.propublica.org/nonprofits/organizations/136104086/202311069349300206/IRS990,full return read
FY Dec2021-Nov2022,PEF Israel Endowment Funds,13-6104086,,,178783628,USD,total_revenue (Form 990 Part I line 12),reported in filing,,https://projects.propublica.org/nonprofits/organizations/136104086/202311069349300206/IRS990,full return read
FY Dec2022-Nov2023,PEF Israel Endowment Funds,13-6104086,,,289472187,USD,total_revenue (Form 990 Part I line 12),reported in filing,,https://projects.propublica.org/nonprofits/organizations/136104086/202412279349300341/IRS990,full return read
FY Dec2023-Nov2024,PEF Israel Endowment Funds,13-6104086,,,266697950,USD,total_revenue (Form 990 Part I line 12),reported in filing,,https://projects.propublica.org/nonprofits/organizations/136104086/202531029349300033/IRS990,full return read
CY2024,Medecins Sans Frontieres USA,13-3433452,,,776922926,USD,total_revenue (Form 990 Part I line 12),reported in filing,,https://projects.propublica.org/nonprofits/organizations/133433452/202503179349303040/IRS990,full return read
CY2020,UNRWA USA National Committee,20-2714426,Recipients in Middle East (UNRWA support),,3015353,USD,schedF_region_total,reported in filing,Purpose: humanitarian assistance in the Middle East; recipient name blank,https://projects.propublica.org/nonprofits/organizations/202714426/202103099349305400/IRS990ScheduleF,full return read
CY2021,UNRWA USA National Committee,20-2714426,Recipients in Middle East,,5068827,USD,schedF_region_total,reported in filing,Purpose: humanitarian assistance in the Middle East; recipient name blank,https://projects.propublica.org/nonprofits/organizations/202714426/202242639349301419/IRS990ScheduleF,full return read
CY2022,UNRWA USA National Committee,20-2714426,Recipients in MENA,,3821894,USD,schedF_region_total,reported in filing,"Itemized purposes incl. Gaza food assistance 1,130,000; Gaza mental health 521,956; Lebanon cash 120,000",https://projects.propublica.org/nonprofits/organizations/202714426/202302859349300115/IRS990ScheduleF,full return read
CY2022,UNRWA USA National Committee,20-2714426,Unnamed recipient (MENA),,1130000,USD,schedF_grant,reported in filing,Purpose: Gaza food assistance,https://projects.propublica.org/nonprofits/organizations/202714426/202302859349300115/IRS990ScheduleF,full return read
CY2023,UNRWA USA National Committee,20-2714426,UNRWA (per purpose line),,22379502,USD,schedF_grant,reported in filing,Purpose: to support the work of UNRWA; wire transfer,https://projects.propublica.org/nonprofits/organizations/202714426/202403199349310005/IRS990ScheduleF,full return read
CY2024,UNRWA USA National Committee,20-2714426,UNRWA (per purpose line),,51536795,USD,schedF_grant,reported in filing,"Purpose: to support UNRWA; Sched F total exceeds Part IX grants (44,366,598) as filed",https://projects.propublica.org/nonprofits/organizations/202714426/202533219349317108/IRS990ScheduleF,full return read
FY Jun2020-May2021,American Near East Refugee Aid (ANERA),52-0882226,Recipients in MENA,,97282756,USD,schedF_region_total,reported in filing,Grants to recipients in MENA; region also covers Lebanon/Jordan; no Palestine split stated,https://projects.propublica.org/nonprofits/organizations/520882226/202142649349301504/IRS990ScheduleF,full return read
FY Jun2021-May2022,American Near East Refugee Aid (ANERA),52-0882226,Recipients in MENA,,95942443,USD,schedF_region_total,reported in filing,"Named in Part II: Birzeit University 50,000; Edward Said Conservatory 340,400",https://projects.propublica.org/nonprofits/organizations/520882226/202213349349301026/IRS990ScheduleF,full return read
FY Jun2022-May2023,American Near East Refugee Aid (ANERA),52-0882226,Recipients in MENA,,157524364,USD,schedF_region_total,reported in filing,No Palestine split stated,https://projects.propublica.org/nonprofits/organizations/520882226/202323549349300112/IRS990ScheduleF,full return read
FY Jun2023-May2024,American Near East Refugee Aid (ANERA),52-0882226,Recipients in MENA,,168994550,USD,schedF_region_total,reported in filing,"Many Part II rows: purchase of food (largest 5,966,210); no Palestine split",https://projects.propublica.org/nonprofits/organizations/520882226/202500879349301330/IRS990ScheduleF,full return read
FY Jun2024-May2025,American Near East Refugee Aid (ANERA),52-0882226,Recipients in MENA,,152782503,USD,schedF_region_total,reported in filing,"Includes in-kind medicines 13,152,960 (FMV); Part III individuals 2,434,949 + 637,510",https://projects.propublica.org/nonprofits/organizations/520882226/202621079349300022/IRS990ScheduleF,full return read
FY Jun2021-May2022,American Near East Refugee Aid (ANERA),52-0882226,Birzeit University,,50000,USD,schedF_grant,reported in filing,Purpose: to support Birzeit University,https://projects.propublica.org/nonprofits/organizations/520882226/202213349349301026/IRS990ScheduleF,full return read
FY Jun2021-May2022,American Near East Refugee Aid (ANERA),52-0882226,Edward Said Conservatory,,340400,USD,schedF_grant,reported in filing,Purpose: to support Edward Said Conservatory,https://projects.propublica.org/nonprofits/organizations/520882226/202213349349301026/IRS990ScheduleF,full return read
CY2021,Islamic Relief USA,95-4453134,Recipients in MENA,,15164195,USD,schedF_region_total,reported in filing,"All regions 34,829,311",https://projects.propublica.org/nonprofits/organizations/954453134/202203179349302265/IRS990ScheduleF,full return read
CY2022,Islamic Relief USA,95-4453134,Recipients in MENA,,20508538,USD,schedF_region_total,reported in filing,"All regions 62,066,344; rows aggregate projects across Palestine/Lebanon so Palestine share not separable",https://projects.propublica.org/nonprofits/organizations/954453134/202343039349301974/IRS990ScheduleF,full return read
CY2023,Islamic Relief USA,95-4453134,Recipients in MENA,,37118431,USD,schedF_region_total,reported in filing,"All regions 101,925,733; rows aggregate projects; Palestine share not separable",https://projects.propublica.org/nonprofits/organizations/954453134/202413199349303316/IRS990ScheduleF,full return read
CY2024,Islamic Relief USA,95-4453134,Recipients in MENA,,34481066,USD,schedF_region_total,reported in filing,"All regions 91,689,200",https://projects.propublica.org/nonprofits/organizations/954453134/202600439349301145/IRS990ScheduleF,full return read
CY2024,Islamic Relief USA,95-4453134,Palestine-tagged Part II rows (20 rows),,15815500,USD,derived_sum,reported in filing,Researcher sum of rows whose purpose names Palestine/Gaza/West Bank/Jerusalem; not an IRUSA-stated figure,https://projects.propublica.org/nonprofits/organizations/954453134/202600439349301145/IRS990ScheduleF,full return read
CY2024,Islamic Relief USA,95-4453134,American Near East Refugee Aid,52-0882226,4996188,USD,schedF_grant,reported in filing,Gaza emergency food security project,https://projects.propublica.org/nonprofits/organizations/954453134/202600439349301145/IRS990ScheduleF,full return read
CY2024,Islamic Relief USA,95-4453134,American Near East Refugee Aid,52-0882226,2000000,USD,schedF_grant,reported in filing,Ramadan in Palestine: West Bank and Gaza,https://projects.propublica.org/nonprofits/organizations/954453134/202600439349301145/IRS990ScheduleF,full return read
CY2024,Islamic Relief USA,95-4453134,ANERA,52-0882226,963012,USD,schedF_grant,reported in filing,Gaza WASH V,https://projects.propublica.org/nonprofits/organizations/954453134/202600439349301145/IRS990ScheduleF,full return read
CY2024,Islamic Relief USA,95-4453134,United Palestinian Appeal,11-2494808,667007,USD,schedF_grant,reported in filing,Fortifying Palestinian medical sector phase II (UPA - Palestine),https://projects.propublica.org/nonprofits/organizations/954453134/202600439349301145/IRS990ScheduleF,full return read
CY2024,Islamic Relief USA,95-4453134,American Friends of the Episcopal Diocese of Jerusalem,,600000,USD,schedF_grant,reported in filing,Emergency relief for Ahli Arab Hospital,https://projects.propublica.org/nonprofits/organizations/954453134/202600439349301145/IRS990ScheduleF,full return read
CY2024,Islamic Relief USA,95-4453134,World Food Program USA,,500000,USD,schedF_grant,reported in filing,Humanitarian response in Palestine,https://projects.propublica.org/nonprofits/organizations/954453134/202600439349301145/IRS990ScheduleF,full return read
CY2024,Islamic Relief USA,95-4453134,Catholic Relief Services USCCB,,499922,USD,schedF_grant,reported in filing,Jenin emergency response,https://projects.propublica.org/nonprofits/organizations/954453134/202600439349301145/IRS990ScheduleF,full return read
CY2024,Islamic Relief USA,95-4453134,Medical Aid for Palestinians,,100000,USD,schedF_grant,reported in filing,Gaza emergency response,https://projects.propublica.org/nonprofits/organizations/954453134/202600439349301145/IRS990ScheduleF,full return read
CY2022,Islamic Relief USA,95-4453134,Catholic Relief Services USCCB,,899977,USD,schedF_grant,reported in filing,Emergency assistance for crisis-affected Gazans,https://projects.propublica.org/nonprofits/organizations/954453134/202343039349301974/IRS990ScheduleF,full return read
CY2022,Palestine Childrens Relief Fund,93-1057665,PCRF operations in MENA (program services),,15545311,USD,schedF_region_total,reported in filing,"Medical/humanitarian 8,545,428 + infrastructure 4,458,365 + medical equipment 2,541,518; plus Europe 26,382",https://projects.propublica.org/nonprofits/organizations/931057665/202323189349318832/IRS990ScheduleF,full return read
CY2023,Palestine Childrens Relief Fund,93-1057665,PCRF operations in MENA,,24540009,USD,schedF_region_total,reported in filing,"Program service & grant, medical/humanitarian; no Part II rows",https://projects.propublica.org/nonprofits/organizations/931057665/202531299349302413/IRS990ScheduleF,full return read
CY2024,Palestine Childrens Relief Fund,93-1057665,PCRF operations in MENA,,42723488,USD,schedF_region_total,reported in filing,"Program service & grant, medical/humanitarian; no Part II rows",https://projects.propublica.org/nonprofits/organizations/931057665/202513219349303276/IRS990ScheduleF,full return read
FY Jul2020-Jun2021,Middle East Childrens Alliance,94-3074600,Recipients in Middle East and Africa,,2558606,USD,schedF_region_total,reported in filing,"Aid to children, playgrounds, water purification; names blank",https://projects.propublica.org/nonprofits/organizations/943074600/202211369349314326/IRS990ScheduleF,full return read
FY Jul2021-Jun2022,Middle East Childrens Alliance,94-3074600,Recipients in Middle East and Africa,,2217006,USD,schedF_region_total,reported in filing,,https://projects.propublica.org/nonprofits/organizations/943074600/202332879349300303/IRS990ScheduleF,full return read
FY Jul2022-Jun2023,Middle East Childrens Alliance,94-3074600,Recipients in Middle East and Africa,,2380035,USD,schedF_region_total,reported in filing,,https://projects.propublica.org/nonprofits/organizations/943074600/202441359349309414/IRS990ScheduleF,full return read
FY Jul2023-Jun2024,Middle East Childrens Alliance,94-3074600,Recipients in Middle East and Africa,,10882480,USD,schedF_region_total,reported in filing,,https://projects.propublica.org/nonprofits/organizations/943074600/202521359349307327/IRS990ScheduleF,full return read
FY Jul2024-Jun2025,Middle East Childrens Alliance,94-3074600,Recipients in MENA,,11466409,USD,schedF_region_total,reported in filing,"Largest unnamed Part II row 3,690,696",https://projects.propublica.org/nonprofits/organizations/943074600/202631359349312463/IRS990ScheduleF,full return read
CY2021,United Palestinian Appeal,11-2494808,Recipients in MENA,,28673700,USD,schedF_region_total,reported in filing,Grants and donations of medical drugs; names blank,https://projects.propublica.org/nonprofits/organizations/112494808/202201079349300105/IRS990ScheduleF,full return read
CY2022,United Palestinian Appeal,11-2494808,Recipients in MENA,,82290839,USD,schedF_region_total,reported in filing,,https://projects.propublica.org/nonprofits/organizations/112494808/202312489349301011/IRS990ScheduleF,full return read
CY2023,United Palestinian Appeal,11-2494808,Recipients in MENA,,103748385,USD,schedF_region_total,reported in filing,,https://projects.propublica.org/nonprofits/organizations/112494808/202443199349304469/IRS990ScheduleF,full return read
CY2024,United Palestinian Appeal,11-2494808,Recipients in MENA,,107941082,USD,schedF_region_total,reported in filing,,https://projects.propublica.org/nonprofits/organizations/112494808/202640509349300304/IRS990ScheduleF,full return read
CY2020,Palestinian American Medical Association,47-2227058,Recipients in Middle East,,947025,USD,schedF_region_total,reported in filing,,https://projects.propublica.org/nonprofits/organizations/472227058/202133139349302093/IRS990ScheduleF,full return read
CY2021,Palestinian American Medical Association,47-2227058,Recipients in Middle East,,40012,USD,schedF_region_total,reported in filing,,https://projects.propublica.org/nonprofits/organizations/472227058/202233199349323963/IRS990ScheduleF,full return read
CY2022,Palestinian American Medical Association,47-2227058,Recipients in Middle East,,77583,USD,schedF_region_total,reported in filing,,https://projects.propublica.org/nonprofits/organizations/472227058/202323199349330017/IRS990ScheduleF,full return read
CY2023,Palestinian American Medical Association,47-2227058,Recipients in Middle East,,96508,USD,schedF_region_total,reported in filing,"Part IX grants 1,173,709 (differs)",https://projects.propublica.org/nonprofits/organizations/472227058/202443199349302734/IRS990ScheduleF,full return read
CY2024,Palestinian American Medical Association,47-2227058,Recipients in Middle East,,14568619,USD,schedF_region_total,reported in filing,"Largest rows: Gaza emergency health response 4,603,229; emergency support to Gaza health facilities 2,712,667; Gaza orphans 1,300,000",https://projects.propublica.org/nonprofits/organizations/472227058/202513199349301821/IRS990ScheduleF,full return read
CY2024,Palestinian American Medical Association,47-2227058,Rahma Worldwide Aid,,75101,USD,schedF_grant,reported in filing,Transfer (named in purpose line),https://projects.propublica.org/nonprofits/organizations/472227058/202513199349301821/IRS990ScheduleF,full return read
CY2024,Medecins Sans Frontieres USA,13-3433452,MSF entities in MENA,,112449832,USD,schedF_region_total,reported in filing,No Palestine-specific figure stated; listed only for context,https://projects.propublica.org/nonprofits/organizations/133433452/202503179349303040/IRS990ScheduleF,full return read
FY Jul2023-Jun2024,Jewish Federations of North America,13-1624240,Unnamed recipients in MENA,,10785000,USD,schedF_grant,reported in filing,Purpose: Israel Emergency Campaign,https://projects.propublica.org/nonprofits/organizations/131624240/202521429349301217/IRS990ScheduleF,full return read
FY Jul2024-Jun2025,Jewish Federations of North America,13-1624240,Unnamed recipients in MENA,,8615000,USD,schedF_grant,reported in filing,Purpose: Israel Emergency Campaign,https://projects.propublica.org/nonprofits/organizations/131624240/202601359349309115/IRS990ScheduleF,full return read
FY Jul2023-Jun2024,Jewish Federations of North America,13-1624240,Unnamed recipients in MENA,,125000,USD,schedF_grant,reported in filing,Purpose: Haredim security project (same amount FY2025),https://projects.propublica.org/nonprofits/organizations/131624240/202521429349301217/IRS990ScheduleF,full return read
FY Jul2023-Jun2024,United Israel Appeal Inc,13-1760102,Jewish Agency for Israel and other entities in Israel (MENA),,463903441,USD,schedF_region_total,reported in filing,Part V: funds allocated to JAFI as UIA overseas operating agent; Part II rows include many Israel Emergency lines,https://projects.propublica.org/nonprofits/organizations/131760102/202521429349301142/IRS990ScheduleF,full return read
FY Jul2024-Jun2025,United Israel Appeal Inc,13-1760102,Jewish Agency for Israel and other entities in Israel (MENA),,345680467,USD,schedF_region_total,reported in filing,"Largest row: emergency support 35,490,370 (recipient name blank)",https://projects.propublica.org/nonprofits/organizations/131760102/202631359349309108/IRS990ScheduleF,full return read
FY Jul2023-Jun2024,UJA-Federation of New York,51-0172429,MENA program services (grant monitoring),,1681000,USD,schedF_region_total,reported in filing,Part II (foreign grants) empty; Israel giving routed via US intermediaries in Sched I,https://projects.propublica.org/nonprofits/organizations/510172429/202511349349303781/IRS990ScheduleF,full return read
FY Jul2024-Jun2025,UJA-Federation of New York,51-0172429,MENA program services (grant monitoring),,2561022,USD,schedF_region_total,reported in filing,Part II empty,https://projects.propublica.org/nonprofits/organizations/510172429/202611349349307791/IRS990ScheduleF,full return read
CY2023,Jewish Agency for Israel (Israel-based filer),23-7254561,JAFI program services/grants in MENA,,256798294,USD,schedF_region_total,reported in filing,Identical regional figures appear in the TY2024 return; flagged,https://projects.propublica.org/nonprofits/organizations/237254561/202413479349300711/IRS990ScheduleF,full return read
CY2024,Jewish Agency for Israel (Israel-based filer),23-7254561,JAFI program services/grants in MENA,,256798294,USD,schedF_region_total,reported in filing,Same figure as TY2023 return as rendered; possible carry-over,https://projects.propublica.org/nonprofits/organizations/237254561/202513219349307621/IRS990ScheduleF,full return read
CY2020,Jewish Agency for Israel - North American Council,23-0053483,Nonprofits in Israel (Middle East),,16699358,USD,schedF_region_total,reported in filing,,https://projects.propublica.org/nonprofits/organizations/230053483/202122539349301757/IRS990ScheduleF,full return read
CY2021,Jewish Agency for Israel - North American Council,23-0053483,Nonprofits in Israel (MENA),,24026344,USD,schedF_region_total,reported in filing,Service to vulnerable populations,https://projects.propublica.org/nonprofits/organizations/230053483/202243199349331764/IRS990ScheduleF,full return read
CY2022,Jewish Agency for Israel - North American Council,23-0053483,Nonprofits in Israel (Middle East),,36781874,USD,schedF_region_total,reported in filing,,https://projects.propublica.org/nonprofits/organizations/230053483/202303179349304355/IRS990ScheduleF,full return read
CY2023,Jewish Agency for Israel - North American Council,23-0053483,Nonprofits in Israel (Middle East),,49012656,USD,schedF_region_total,reported in filing,,https://projects.propublica.org/nonprofits/organizations/230053483/202433109349303358/IRS990ScheduleF,full return read
CY2024,Jewish Agency for Israel - North American Council,23-0053483,Nonprofits in Israel (Middle East),,33321845,USD,schedF_region_total,reported in filing,,https://projects.propublica.org/nonprofits/organizations/230053483/202513039349301666/IRS990ScheduleF,full return read
CY2023,American Jewish Joint Distribution Committee,13-1656634,JDC affiliates in MENA,,50340017,USD,schedF_region_total,reported in filing,"Of which row: innovative social services in Israel 48,557,241",https://projects.propublica.org/nonprofits/organizations/131656634/202423179349300302/IRS990ScheduleF,full return read
CY2024,American Jewish Joint Distribution Committee,13-1656634,JDC affiliates in MENA,,55446069,USD,schedF_region_total,reported in filing,"Of which row: innovative social services in Israel 51,677,573",https://projects.propublica.org/nonprofits/organizations/131656634/202523049349302612/IRS990ScheduleF,full return read
CY2023,American Jewish Joint Distribution Committee,13-1656634,Unnamed (Israel),,48557241,USD,schedF_grant,reported in filing,Purpose: innovative social services in Israel,https://projects.propublica.org/nonprofits/organizations/131656634/202423179349300302/IRS990ScheduleF,full return read
CY2024,American Jewish Joint Distribution Committee,13-1656634,Unnamed (Israel),,51677573,USD,schedF_grant,reported in filing,Purpose: innovative social services in Israel,https://projects.propublica.org/nonprofits/organizations/131656634/202523049349302612/IRS990ScheduleF,full return read
FY Dec2020-Nov2021,PEF Israel Endowment Funds,13-6104086,Recipients in Middle East,,164082312,USD,schedF_region_total,reported in filing,Part II rows not in e-file render (attachment); recipients unverified,https://projects.propublica.org/nonprofits/organizations/136104086/202311069349300206/IRS990ScheduleF,full return read
FY Dec2021-Nov2022,PEF Israel Endowment Funds,13-6104086,Recipients in Middle East,,281092775,USD,schedF_region_total,reported in filing,Part II rows not rendered,https://projects.propublica.org/nonprofits/organizations/136104086/202412279349300341/IRS990ScheduleF,full return read
FY Dec2022-Nov2023,PEF Israel Endowment Funds,13-6104086,Recipients in Middle East,,261603129,USD,schedF_region_total,reported in filing,"Part II line 2 counts 1,008 recipient orgs; rows not rendered",https://projects.propublica.org/nonprofits/organizations/136104086/202531029349300033/IRS990ScheduleF,full return read
FY Jul2020-Jun2021,Jewish Federations of North America,13-1624240,United Israel Appeal Inc,13-1760102,145841691,USD,schedI_grant (US intermediary),reported in filing,UIA forwards funds to JAFI per UIA Sched F Part V,https://projects.propublica.org/nonprofits/organizations/131624240/202221329349307412/IRS990ScheduleI,full return read
FY Jul2021-Jun2022,Jewish Federations of North America,13-1624240,United Israel Appeal Inc,13-1760102,169291052,USD,schedI_grant (US intermediary),reported in filing,UIA forwards funds to JAFI per UIA Sched F Part V,https://projects.propublica.org/nonprofits/organizations/131624240/202321329349304157/IRS990ScheduleI,full return read
FY Jul2022-Jun2023,Jewish Federations of North America,13-1624240,United Israel Appeal Inc,13-1760102,155290107,USD,schedI_grant (US intermediary),reported in filing,UIA forwards funds to JAFI per UIA Sched F Part V,https://projects.propublica.org/nonprofits/organizations/131624240/202411359349308751/IRS990ScheduleI,full return read
FY Jul2023-Jun2024,Jewish Federations of North America,13-1624240,United Israel Appeal Inc,13-1760102,454726538,USD,schedI_grant (US intermediary),reported in filing,UIA forwards funds to JAFI per UIA Sched F Part V,https://projects.propublica.org/nonprofits/organizations/131624240/202521429349301217/IRS990ScheduleI,full return read
FY Jul2024-Jun2025,Jewish Federations of North America,13-1624240,United Israel Appeal Inc,13-1760102,344493710,USD,schedI_grant (US intermediary),reported in filing,Purpose: annual/Ukraine grants; UIA forwards funds to JAFI per UIA Sched F Part V,https://projects.propublica.org/nonprofits/organizations/131624240/202601359349309115/IRS990ScheduleI,full return read
FY Jul2020-Jun2021,Jewish Federations of North America,13-1624240,American Jewish Joint Distribution Committee,13-1656634,43067723,USD,schedI_grant (US intermediary),reported in filing,,https://projects.propublica.org/nonprofits/organizations/131624240/202221329349307412/IRS990ScheduleI,full return read
FY Jul2021-Jun2022,Jewish Federations of North America,13-1624240,American Jewish Joint Distribution Committee,13-1656634,55710090,USD,schedI_grant (US intermediary),reported in filing,,https://projects.propublica.org/nonprofits/organizations/131624240/202321329349304157/IRS990ScheduleI,full return read
FY Jul2022-Jun2023,Jewish Federations of North America,13-1624240,American Jewish Joint Distribution Committee,13-1656634,47873503,USD,schedI_grant (US intermediary),reported in filing,,https://projects.propublica.org/nonprofits/organizations/131624240/202411359349308751/IRS990ScheduleI,full return read
FY Jul2023-Jun2024,Jewish Federations of North America,13-1624240,American Jewish Joint Distribution Committee,13-1656634,60628112,USD,schedI_grant (US intermediary),reported in filing,,https://projects.propublica.org/nonprofits/organizations/131624240/202521429349301217/IRS990ScheduleI,full return read
FY Jul2024-Jun2025,Jewish Federations of North America,13-1624240,American Jewish Joint Distribution Committee,13-1656634,58815671,USD,schedI_grant (US intermediary),reported in filing,Purpose: annual/Turkey grants,https://projects.propublica.org/nonprofits/organizations/131624240/202601359349309115/IRS990ScheduleI,full return read
FY Jul2023-Jun2024,UJA-Federation of New York,51-0172429,JFNA - for overseas targeted,13-1624240,98839000,USD,schedI_grant (US intermediary),reported in filing,Purpose line: caring/Jewish life/responding to crises,https://projects.propublica.org/nonprofits/organizations/510172429/202511349349303781/IRS990ScheduleI,full return read
FY Jul2024-Jun2025,UJA-Federation of New York,51-0172429,JFNA - for overseas targeted,13-1624240,100344595,USD,schedI_grant (US intermediary),reported in filing,Purpose line: caring/Jewish life/responding to crises,https://projects.propublica.org/nonprofits/organizations/510172429/202611349349307791/IRS990ScheduleI,full return read
FY Jul2023-Jun2024,UJA-Federation of New York,51-0172429,JFNA - for JAFI,13-1624240,15700000,USD,schedI_grant (US intermediary),reported in filing,Purpose line: caring/Jewish life/responding to crises,https://projects.propublica.org/nonprofits/organizations/510172429/202511349349303781/IRS990ScheduleI,full return read
FY Jul2024-Jun2025,UJA-Federation of New York,51-0172429,JFNA - for JAFI,13-1624240,16450000,USD,schedI_grant (US intermediary),reported in filing,Purpose line: caring/Jewish life/responding to crises,https://projects.propublica.org/nonprofits/organizations/510172429/202611349349307791/IRS990ScheduleI,full return read
FY Jul2023-Jun2024,UJA-Federation of New York,51-0172429,JFNA - for JDC,13-1624240,6781000,USD,schedI_grant (US intermediary),reported in filing,Purpose line: caring/Jewish life/responding to crises,https://projects.propublica.org/nonprofits/organizations/510172429/202511349349303781/IRS990ScheduleI,full return read
FY Jul2024-Jun2025,UJA-Federation of New York,51-0172429,JFNA - for JDC,13-1624240,6214218,USD,schedI_grant (US intermediary),reported in filing,Purpose line: caring/Jewish life/responding to crises,https://projects.propublica.org/nonprofits/organizations/510172429/202611349349307791/IRS990ScheduleI,full return read
FY Jul2023-Jun2024,UJA-Federation of New York,51-0172429,American Jewish Joint Distribution Committee,13-1656634,3160000,USD,schedI_grant (US intermediary),reported in filing,Purpose line: caring/Jewish life/responding to crises,https://projects.propublica.org/nonprofits/organizations/510172429/202511349349303781/IRS990ScheduleI,full return read
FY Jul2024-Jun2025,UJA-Federation of New York,51-0172429,American Jewish Joint Distribution Committee,13-1656634,4193274,USD,schedI_grant (US intermediary),reported in filing,Purpose line: caring/Jewish life/responding to crises,https://projects.propublica.org/nonprofits/organizations/510172429/202611349349307791/IRS990ScheduleI,full return read
FY Jul2024-Jun2025,UJA-Federation of New York,51-0172429,PEF Israel Endowment Funds,13-6104086,4900000,USD,schedI_grant (US intermediary),reported in filing,Purpose line: caring/Jewish life/responding to crises,https://projects.propublica.org/nonprofits/organizations/510172429/202611349349307791/IRS990ScheduleI,full return read
2023-10-26 (page timestamp),Jewish Federations (collective),,Israel Emergency Campaign,,554000000,USD,self_reported_raised,self-reported,JFNA announcement reposted on Birmingham Jewish Federation site; $111M allocated to 60+ orgs at that date,https://www.bjf.org/fedbeat/jewish-federations-surpass-initial-500m-israel-emergency-campaign-goal,tool summary + direct fetch
2025-11-10 (page timestamp),Jewish Federations (collective),,Israel Emergency Campaign,,908000000,USD,self_reported_raised,self-reported,JFNA statement reposted on federation site; 4200+ grants to 877 NGO partners,https://www.bjf.org/fedbeat/with-908m-raised-in-israel-emergency-funds-federation-shifts-to-rebuild-israel,tool summary
2006-02-19,U.S. Treasury OFAC,,"KindHearts (Toledo, OH)",, ,USD,block_pending_investigation (E.O. 13224),official action,Treasury press release js-4058; not found in ProPublica search,https://home.treasury.gov/news/press-releases/js4058,full return read
2003-05-29,U.S. Treasury OFAC,,Al-Aqsa Foundation (HQ Germany),, ,USD,SDGT designation,official action,"js-439 lists HQ Germany and non-US branches; no US branch named. Do not conflate with Al-Aqsa Foundation Inc, Brooklyn Park MN (EIN 31-1784761)",https://home.treasury.gov/news/press-releases/js439,full return read
2008-11-24,U.S. DOJ (N.D. Tex.),,Holy Land Foundation for Relief and Development,,12400000,USD,criminal_conviction (material support to Hamas),official action,Amount = DOJ-stated support provided to Hamas (approx.),https://www.justice.gov/archive/opa/pr/2008/November/08-nsd-1046.html,full return read
2025-06-10,U.S. Treasury OFAC,,Five sham charities located abroad (Hamas) + one PFLP-linked,, ,USD,sanctions,official action,"Entities are abroad, not US charities",https://home.treasury.gov/news/press-releases/sb0162,full return read
TY2024,HUMAN CONCERN INTERNATIONAL,31-1719723,UNRWA USA National Committee,20-2714426,1441535,USD,grant_received (Sched I),reported in filing,Found via full-text search (first 3-5 result pages only); amount auto-extracted from grantor return; context: Washington ; USA for UNFPA 666 3rd Ave Floor 6 New York ;,https://projects.propublica.org/nonprofits/organizations/311719723/202533189349309458/IRS990ScheduleI,full return read (parsed)
TY2025,SOUS FAMILY FOUNDATION INC,20-8058067,UNRWA USA National Committee,20-2714426,465531,USD,grant_received (990-PF),reported in filing,Found via full-text search (first 3-5 result pages only); amount auto-extracted from grantor return; context: WASHINGTON ; NONE CHARITABLE Total Approved for future payment Total,https://projects.propublica.org/nonprofits/organizations/208058067/202641359349102494/IRS990PF,full return read (parsed)
TY2023,Rugged Elegance Foundation,46-2321009,UNRWA USA National Committee,20-2714426,240800,USD,grant_received (990-PF),reported in filing,Found via full-text search (first 3-5 result pages only); amount auto-extracted from grantor return; context: WASHINGTON ; Gaza Humanitarian Crisis fund Total Approved for future p,https://projects.propublica.org/nonprofits/organizations/462321009/202413179349102796/IRS990PF,full return read (parsed)
TY2021,ARCHAEOLOGICAL NETWORKS INC,34-1804107,UNRWA USA National Committee,20-2714426,101935,USD,grant_received (990-PF),reported in filing,Found via full-text search (first 3-5 result pages only); amount auto-extracted from grantor return; context: 1666 K ST NW SUITE440 WASHINGTON DC ; NONE CHARITABLE YOUNGSTOWN STATE,https://projects.propublica.org/nonprofits/organizations/341804107/202232589349100623/IRS990PF,full return read (parsed)
TY2024,BEVERLEY WAY FOUNDATION,84-3560505,UNRWA USA National Committee,20-2714426,100000,USD,grant_received (990-PF),reported in filing,Found via full-text search (first 3-5 result pages only); amount auto-extracted from grantor return; context: WASHINGTON ; UNRWA USA LIFTS UP THE VOICES; EXPERIENCES; AND HUMANITY ,https://projects.propublica.org/nonprofits/organizations/843560505/202521359349105122/IRS990PF,full return read (parsed)
TY2023,THE MALALA FUND,81-1397590,UNRWA USA National Committee,20-2714426,100000,USD,grant_received (Sched I),reported in filing,Found via full-text search (first 3-5 result pages only); amount auto-extracted from grantor return; context: WASHINGTON ; HUMANITARIAN ASSISTANCE IN GAZA AFGHANS EMPOWERED 2101 S ,https://projects.propublica.org/nonprofits/organizations/811397590/202402889349300125/IRS990ScheduleI,full return read (parsed)
TY2019,GREAT PACIFIC FOUNDATION,13-3785442,American Near East Refugee Aid (ANERA),52-0882226,500000,USD,grant_received (990-PF),reported in filing,Found via full-text search (first 3-5 result pages only); amount auto-extracted from grantor return; context: 1111 14th Street NW 400 Washington ; Public Charity Atid Batuah 3456 B,https://projects.propublica.org/nonprofits/organizations/133785442/202001929349100325/IRS990PF,full return read (parsed)
TY2022,THE FORTH FOUNDATION,20-5369388,American Near East Refugee Aid (ANERA),52-0882226,440128,USD,grant_received (990-PF),reported in filing,Found via full-text search (first 3-5 result pages only); amount auto-extracted from grantor return; context: WASHINGTON ; NONE REFUGEE AID Total Approved for future payment,https://projects.propublica.org/nonprofits/organizations/205369388/202312489349101056/IRS990PF,full return read (parsed)
TY2021,WORLD CENTRAL KITCHEN INC,27-3521132,American Near East Refugee Aid (ANERA),52-0882226,250000,USD,grant_received (Sched I),reported in filing,Found via full-text search (first 3-5 result pages only); amount auto-extracted from grantor return; context: 1111 14TH STREET NW SUITE 400 WASHINGTON ; EMERGENCY RELIEF MEALS - GA,https://projects.propublica.org/nonprofits/organizations/273521132/202213409349301021/IRS990ScheduleI,full return read (parsed)
TY2021,M3K FOUNDATION,20-5998535,American Near East Refugee Aid (ANERA),52-0882226,242500,USD,grant_received (990-PF),reported in filing,Found via full-text search (first 3-5 result pages only); amount auto-extracted from grantor return; context: 1111 14TH ST NW SUITE 400 WASHINGTON ; NONE exempt WELFARE ISLAMIC CEN,https://projects.propublica.org/nonprofits/organizations/205998535/202233199349108673/IRS990PF,full return read (parsed)
TY2023,HELPING HAND FOR RELIEF AND DEVELOPMENT INC,31-1628040,American Near East Refugee Aid (ANERA),52-0882226,200001,USD,grant_received (Sched I),reported in filing,Found via full-text search (first 3-5 result pages only); amount auto-extracted from grantor return; context: WASHINGTON ; DISASTER MGMT MEDICAL BRIDGES INC 2706 MAGNET STREET HOUS,https://projects.propublica.org/nonprofits/organizations/311628040/202423139349301322/IRS990ScheduleI,full return read (parsed)
TY2023,INTERNATIONAL RELIEF TEAMS,33-0412751,American Near East Refugee Aid (ANERA),52-0882226,200000,USD,grant_received (Sched I),reported in filing,Found via full-text search (first 3-5 result pages only); amount auto-extracted from grantor return; context: WASHINGTON ; HYGIENE KITS AND FOOD IN GAZA AND ISRAEL EDESIA NUTRITION,https://projects.propublica.org/nonprofits/organizations/330412751/202531219349301798/IRS990ScheduleI,full return read (parsed)
TY2021,MOHAMMADY FOUNDATION,81-4587860,Islamic Relief USA,95-4453134,500000,USD,grant_received (Sched I),reported in filing,Found via full-text search (first 3-5 result pages only); amount auto-extracted from grantor return; context: 3655 Wheeler Ave Alexandria ; Minaret Academy 1220 N State College Blv,https://projects.propublica.org/nonprofits/organizations/814587860/202233089349303563/IRS990ScheduleI,full return read (parsed)
TY2022,AVAAZ FOUNDATION,20-5050267,Islamic Relief USA,95-4453134,250000,USD,grant_received (Sched I),reported in filing,Found via full-text search (first 3-5 result pages only); amount auto-extracted from grantor return; context: 3655 WHEELER AVE ALEXANDRIA ; AFGHANISTAN HUMANITARIAN AID MADRE INC 1,https://projects.propublica.org/nonprofits/organizations/205050267/202343129349304019/IRS990ScheduleI,full return read (parsed)
TY2019,Islamic Community Center,90-0041293,Islamic Relief USA,95-4453134,32469,USD,grant_received (Sched I),reported in filing,Found via full-text search (first 3-5 result pages only); amount auto-extracted from grantor return; context: 3655 WHEELER AVE Alexandria ; FOOD DONATION Enter total number of sect,https://projects.propublica.org/nonprofits/organizations/900041293/202043219349323314/IRS990ScheduleI,full return read (parsed)
TY2013,THE HADI FOUNDATION,26-1637605,Islamic Relief USA,95-4453134,30000,USD,grant_received (990-PF),reported in filing,Found via full-text search (first 3-5 result pages only); amount auto-extracted from grantor return; context: ISLAMIC RELIEF USA ALEXANDRIA ; NONE CHARITY PSA CHARITIES PLYMOUTH ;,https://projects.propublica.org/nonprofits/organizations/261637605/201422519349100172/IRS990PF,full return read (parsed)
TY2022,GAMAY FAMILY FOUNDATION INC,81-4435171,Islamic Relief USA,95-4453134,25000,USD,grant_received (990-PF),reported in filing,Found via full-text search (first 3-5 result pages only); amount auto-extracted from grantor return; context: 3655 WHEELER AVE ALEXANDRIA ; NONE PUBLIC CHARITABLE SOJOURNER 619 W W,https://projects.propublica.org/nonprofits/organizations/814435171/202331369349100143/IRS990PF,full return read (parsed)
TY2022,Peace Catalyst International Inc,45-4985656,Islamic Relief USA,95-4453134,21050,USD,grant_received (Sched I),reported in filing,Found via full-text search (first 3-5 result pages only); amount auto-extracted from grantor return; context: alexandria ; nanovic institute for europe 1060 jenkins nanovic halls n,https://projects.propublica.org/nonprofits/organizations/454985656/202430469349300743/IRS990ScheduleI,full return read (parsed)
TY2023,SIRIWAN SINGHASIRI AND KENNETH LIN,85-4367685,Palestine Childrens Relief Fund,93-1057665,1000000,USD,grant_received (990-PF),reported in filing,Found via full-text search (first 3-5 result pages only); amount auto-extracted from grantor return; context: KENT ; GENERAL SUPPORT SHE-CAN GLOBAL INC MILL VALLEY ;,https://projects.propublica.org/nonprofits/organizations/854367685/202433169349102918/IRS990PF,full return read (parsed)
TY2025,Zia & Rabia Bhatti Foundation,92-2117627,Palestine Childrens Relief Fund,93-1057665,200000,USD,grant_received (990-PF),reported in filing,Found via full-text search (first 3-5 result pages only); amount auto-extracted from grantor return; context: LOS ANGELES ; Urgent Gaza Relief fund PALESTINE CHILDRENS RELIEF FUND ,https://projects.propublica.org/nonprofits/organizations/922117627/202621769349101052/IRS990PF,full return read (parsed)
TY2024,MILTON A & CHARLOTTE R KRAMER,34-1467089,Palestine Childrens Relief Fund,93-1057665,150000,USD,grant_received (990-PF),reported in filing,Found via full-text search (first 3-5 result pages only); amount auto-extracted from grantor return; context: LOS ANGELES ; COMMUNITY OUTREACH Total Approved for future payment Tot,https://projects.propublica.org/nonprofits/organizations/341467089/202523169349101002/IRS990PF,full return read (parsed)
TY2023,THE AMITY FOUNDATION,47-4368843,Palestine Childrens Relief Fund,93-1057665,150000,USD,grant_received (Sched I),reported in filing,Found via full-text search (first 3-5 result pages only); amount auto-extracted from grantor return; context: LOS ANGELES ; CHARITABLE PALESTINIAN MEDICAL ASSOCIATION 4000 LEGATO R,https://projects.propublica.org/nonprofits/organizations/474368843/202510449349302176/IRS990ScheduleI,full return read (parsed)
TY2022,RAY OF SUNSHINE FOUNDATION INC,81-4038452,Palestine Childrens Relief Fund,93-1057665,105000,USD,grant_received (990-PF),reported in filing,Found via full-text search (first 3-5 result pages only); amount auto-extracted from grantor return; context: KENT ; SUPPORT FOR CHILDREN OF PALESTINE Total Approved for future pay,https://projects.propublica.org/nonprofits/organizations/814038452/202301919349100830/IRS990PF,full return read (parsed)
TY2023,THE MALALA FUND,81-1397590,Palestine Childrens Relief Fund,93-1057665,100000,USD,grant_received (Sched I),reported in filing,Found via full-text search (first 3-5 result pages only); amount auto-extracted from grantor return; context: KENT ; HUMANITARIAN ASSISTANCE IN GAZA TOO YOUNG TO WED 1112 MAIN ST F,https://projects.propublica.org/nonprofits/organizations/811397590/202402889349300125/IRS990ScheduleI,full return read (parsed)
TY2024,TOGETHER RISING,45-5362738,Middle East Childrens Alliance,94-3074600,331628,USD,grant_received (Sched I),reported in filing,Found via full-text search (first 3-5 result pages only); amount auto-extracted from grantor return; context: 1101 EIGHTH STREET SUITE 100 BERKELEY ; TO PROVIDE FOOD; MEDICAL; AND ,https://projects.propublica.org/nonprofits/organizations/455362738/202500419349301105/IRS990ScheduleI,full return read (parsed)
TY2024,THE JERUSALEM FUND FOR EDUCATION,52-1238142,Middle East Childrens Alliance,94-3074600,200000,USD,grant_received (Sched I),reported in filing,Found via full-text search (first 3-5 result pages only); amount auto-extracted from grantor return; context: BERKLEY ; EDUCATION UNRWA 1666 K STREET NW SUITE 440 WASHINGTON ;,https://projects.propublica.org/nonprofits/organizations/521238142/202503219349319985/IRS990ScheduleI,full return read (parsed)
TY2022,LANNAN FOUNDATION,36-6062451,Middle East Childrens Alliance,94-3074600,150000,USD,grant_received (990-PF),reported in filing,Found via full-text search (first 3-5 result pages only); amount auto-extracted from grantor return; context: 1101 8TH STREET SUITE 100 BERKELEY ; GENERAL SUPPORT MIDDLE EAST CHILD,https://projects.propublica.org/nonprofits/organizations/366062451/202341329349103664/IRS990PF,full return read (parsed)
TY2019,ARAB COMMUNITY CENTER FOR ECONOMIC,23-7444497,Middle East Childrens Alliance,94-3074600,150000,USD,grant_received (Sched I),reported in filing,Found via full-text search (first 3-5 result pages only); amount auto-extracted from grantor return; context: BERKELEY ; DONOR DIRECT FUND DISTRIBUTION MIDDLE EASTERN IMMIGRANT AND,https://projects.propublica.org/nonprofits/organizations/237444497/202122259349301142/IRS990ScheduleI,full return read (parsed)
TY2025,WE TRUST,98-6077250,Middle East Childrens Alliance,94-3074600,119900,USD,grant_received (990-PF),reported in filing,Found via full-text search (first 3-5 result pages only); amount auto-extracted from grantor return; context: 1101 8TH STREET SUITE 100 BERKELEY ; THE 4-YEAR GRANT IS TO SUPPORT TH,https://projects.propublica.org/nonprofits/organizations/986077250/202641319349101504/IRS990PF,full return read (parsed)
TY2024,MADRONO FOUNDATION,46-5476723,Middle East Childrens Alliance,94-3074600,50000,USD,grant_received (990-PF),reported in filing,Found via full-text search (first 3-5 result pages only); amount auto-extracted from grantor return; context: 1101 8TH STREET BERKELEY ; HUMAN RIGHTS/SOCIAL JUSTICE LAVENDER RIGHTS,https://projects.propublica.org/nonprofits/organizations/465476723/202501299349103505/IRS990PF,full return read (parsed)
TY2014,INTERNATIONAL RELIEF TEAMS,33-0412751,United Palestinian Appeal,11-2494808,1264070,USD,grant_received (Sched I),reported in filing,Found via full-text search (first 3-5 result pages only); amount auto-extracted from grantor return; context: 1330 NEW HAMPSHIRE AVE NW STE 104 WASHINGTON ; WHOLESALE ACQUISITION M,https://projects.propublica.org/nonprofits/organizations/330412751/201513179349305786/IRS990ScheduleI,full return read (parsed)
TY2023,ARAB COMMUNITY CENTER FOR ECONOMIC AND S,23-7444497,United Palestinian Appeal,11-2494808,181323,USD,grant_received (Sched I),reported in filing,Found via full-text search (first 3-5 result pages only); amount auto-extracted from grantor return; context: 1330 NEW HAMPSHIRE AVE STE 04 WASHINGTON ; DONOR DIRECT FUND DISTRIBUT,https://projects.propublica.org/nonprofits/organizations/237444497/202512269349301681/IRS990ScheduleI,full return read (parsed)
TY2024,WESPAC FOUNDATION INC,13-3109400,United Palestinian Appeal,11-2494808,124663,USD,grant_received (Sched I),reported in filing,Found via full-text search (first 3-5 result pages only); amount auto-extracted from grantor return; context: New Hampshire Ave NW Washington ; Transfer Funds to Fiscal Sponsoree D,https://projects.propublica.org/nonprofits/organizations/133109400/202621969349302667/IRS990ScheduleI,full return read (parsed)
TY2021,Tremont Charitable Foundation,87-0848645,United Palestinian Appeal,11-2494808,100000,USD,grant_received (990-PF),reported in filing,Found via full-text search (first 3-5 result pages only); amount auto-extracted from grantor return; context: 1330 NEW HAMPSHIRE AVE NW STE 104 WASHINGTON ; General & Unrestricted ,https://projects.propublica.org/nonprofits/organizations/870848645/202242869349101124/IRS990PF,full return read (parsed)
TY2016,KIBLAWI FOUNDATION,26-3899795,United Palestinian Appeal,11-2494808,55000,USD,grant_received (990-PF),reported in filing,Found via full-text search (first 3-5 result pages only); amount auto-extracted from grantor return; context: 1330 NEW HAMPSHIRE AVE NW WASHINGTON ; NONE SUMMER 2015 - ENGLISH ENRI,https://projects.propublica.org/nonprofits/organizations/263899795/201701509349100255/IRS990PF,full return read (parsed)
TY2023,SOUS FAMILY FOUNDATION INC,20-8058067,United Palestinian Appeal,11-2494808,52330,USD,grant_received (990-PF),reported in filing,Found via full-text search (first 3-5 result pages only); amount auto-extracted from grantor return; context: 1330 NEW HAMPSHIRE AVE NW 104 WASHINGTON ; NONE CHARITABLE JUSTICE FOR,https://projects.propublica.org/nonprofits/organizations/208058067/202421369349103037/IRS990PF,full return read (parsed)
TY2024,GLOBALGIVING FOUNDATION INC,30-0108263,The Rebuilding Alliance,56-2392452,524739,USD,grant_received (Sched I),reported in filing,Found via full-text search (first 3-5 result pages only); amount auto-extracted from grantor return; context: 50 WOODSIDE PLAZA STE 627 REDWOOD CITY ; FUNDS RAISED BY GLOBALGIVING ,https://projects.propublica.org/nonprofits/organizations/300108263/202513219349316021/IRS990ScheduleI,full return read (parsed)
TY2023,GOOD PLANET FOUNDATION,85-2355233,The Rebuilding Alliance,56-2392452,60000,USD,grant_received (990-PF),reported in filing,Found via full-text search (first 3-5 result pages only); amount auto-extracted from grantor return; context: 50 WOODSIDE PLAZA STE 627 REDWOOD CITY ; NONE GENERAL OPERATIONS SABEE,https://projects.propublica.org/nonprofits/organizations/852355233/202441309349103199/IRS990PF,full return read (parsed)
TY2014,Razoo Foundation,27-2499903,The Rebuilding Alliance,56-2392452,55563,USD,grant_received (Sched I),reported in filing,Found via full-text search (first 3-5 result pages only); amount auto-extracted from grantor return; context: SAN MATEO ; UNRESTRICTED THE SALVATION ARMY AN ILLINOIS CORPORATION 10,https://projects.propublica.org/nonprofits/organizations/272499903/201501179349300000/IRS990ScheduleI,full return read (parsed)
TY2024,HUMANITY FOR RELIEF AND DEVELOPMENT INC,83-0919620,The Rebuilding Alliance,56-2392452,50000,USD,grant_received (Sched I),reported in filing,Found via full-text search (first 3-5 result pages only); amount auto-extracted from grantor return; context: 50 Woodside Place St 627 Redwood City ; Face Value Meal Distribution E,https://projects.propublica.org/nonprofits/organizations/830919620/202523469349301012/IRS990ScheduleI,full return read (parsed)
TY2024,WOMEN DONORS NETWORK,05-0542397,The Rebuilding Alliance,56-2392452,40000,USD,grant_received (Sched I),reported in filing,Found via full-text search (first 3-5 result pages only); amount auto-extracted from grantor return; context: 50 WOODSIDE PLAZA STE 627 REDWOOD CITY ; GENERAL SUPPORT RESIST INC JA,https://projects.propublica.org/nonprofits/organizations/050542397/202523209349302157/IRS990ScheduleI,full return read (parsed)
TY2023,THE SAN DIEGO FOUNDATION,95-2942582,The Rebuilding Alliance,56-2392452,30000,USD,grant_received (Sched I),reported in filing,Found via full-text search (first 3-5 result pages only); amount auto-extracted from grantor return; context: 50 WOODSIDE PLAZA SUITE 627 REDWOOD CITY ; FOR GENERAL SUPPORT CORE CO,https://projects.propublica.org/nonprofits/organizations/952942582/202541209349303454/IRS990ScheduleI,full return read (parsed)
TY2023,AMERICAN ONLINE GIVING FOUNDATION INC,81-0739440,Palestinian American Medical Association,47-2227058,807231,USD,grant_received (Sched I),reported in filing,Found via full-text search (first 3-5 result pages only); amount auto-extracted from grantor return; context: 4000 LEGATO RD SUITE 1100 FAIRFAX ; GENERAL SUPPORT SUDANESE AMERICAN ,https://projects.propublica.org/nonprofits/organizations/810739440/202530159349302758/IRS990ScheduleI,full return read (parsed)
TY2021,NETWORK FOR GOOD,68-0480736,Palestinian American Medical Association,47-2227058,747972,USD,grant_received (Sched I),reported in filing,Found via full-text search (first 3-5 result pages only); amount auto-extracted from grantor return; context: PO BOX 4132 SUITE 70-71 MANTECA ; UNRESTRICTED PALESTINIAN AMERICAN RE,https://projects.propublica.org/nonprofits/organizations/680480736/202212289349300736/IRS990ScheduleI,full return read (parsed)
TY2023,FIDELITY INVESTMENTS CHARITABLE GIFT FUND,11-0303001,Palestinian American Medical Association,47-2227058,420095,USD,grant_received (Sched I),reported in filing,Found via full-text search (first 3-5 result pages only); amount auto-extracted from grantor return; context: 4000 LEGATO RD SUITE 1100 FAIRFAX ; For grant recipient's exempt purpo,https://projects.propublica.org/nonprofits/organizations/110303001/202521349349310887/IRS990ScheduleI,full return read (parsed)
TY2023,DONOR ADVISED CHARITABLE GIVING INC,31-1640316,Palestinian American Medical Association,47-2227058,301937,USD,grant_received (Sched I),reported in filing,Found via full-text search (first 3-5 result pages only); amount auto-extracted from grantor return; context: 4000 LEGATO RD SUITE 1100 FAIRFAX ; INTERNATIONAL; FOREIGN AFFAIRS LAR,https://projects.propublica.org/nonprofits/organizations/311640316/202541069349300729/IRS990ScheduleI,full return read (parsed)
TY2023,CHARITIES AID FOUNDATION AMERICA,43-1634280,Palestinian American Medical Association,47-2227058,68678,USD,grant_received (Sched I),reported in filing,Found via full-text search (first 3-5 result pages only); amount auto-extracted from grantor return; context: 6467 SAINT ANDREWS DR STOCKTON ; CHARITABLE DONATION GREAT PLAINS FOOD,https://projects.propublica.org/nonprofits/organizations/431634280/202530589349300723/IRS990ScheduleI,full return read (parsed)
TY2023,THE BLACKBAUD GIVING FUND,46-0942102,Palestinian American Medical Association,47-2227058,60384,USD,grant_received (Sched I),reported in filing,Found via full-text search (first 3-5 result pages only); amount auto-extracted from grantor return; context: 4000 LEGATO RD 1100 FAIRFAX ; GENERAL SUPPORT PALM BEACH COUNTY FOOD B,https://projects.propublica.org/nonprofits/organizations/460942102/202402119349300860/IRS990ScheduleI,full return read (parsed)
TY2012,MADELEINE H AND MANDELL L BERMAN,38-2582289,Jewish Federations of North America,13-1624240,1300000,USD,grant_received (Sched I),reported in filing,Found via full-text search (first 3-5 result pages only); amount auto-extracted from grantor return; context: 25 BROADWAY STE 1700 NEW YORK ; UNRESTRICTED Enter total number of sec,https://projects.propublica.org/nonprofits/organizations/382582289/201430629349300033/IRS990ScheduleI,full return read (parsed)
TY2023,JEWISH FEDERATION OF SIOUX CITY,42-0698205,Jewish Federations of North America,13-1624240,257780,USD,grant_received (Sched I),reported in filing,Found via full-text search (first 3-5 result pages only); amount auto-extracted from grantor return; context: 25 BROADWAY 17TH FLOOR NEW YORK ; CHARITY Enter total number of sectio,https://projects.propublica.org/nonprofits/organizations/420698205/202413109349301771/IRS990ScheduleI,full return read (parsed)
TY2023,JEWISH FEDERATION OF GRAND RAPIDS,38-6099686,Jewish Federations of North America,13-1624240,180100,USD,grant_received (Sched I),reported in filing,Found via full-text search (first 3-5 result pages only); amount auto-extracted from grantor return; context: 25 BROADWAY STE 1700 NEW YORK ; GENERAL SUPPORT FOR HUMANITARIAN SERVI,https://projects.propublica.org/nonprofits/organizations/386099686/202520279349301922/IRS990ScheduleI,full return read (parsed)
TY2022,United Jewish Appeal of Wilmington Inc,46-4078309,Jewish Federations of North America,13-1624240,178000,USD,grant_received (Sched I),reported in filing,Found via full-text search (first 3-5 result pages only); amount auto-extracted from grantor return; context: New York ; Operating Grant Wilmington Jewish Film Festival 233 Brascot,https://projects.propublica.org/nonprofits/organizations/464078309/202313189349312311/IRS990ScheduleI,full return read (parsed)
TY2014,JEWISH FEDERATION OF GREATER OC INC,14-1584342,Jewish Federations of North America,13-1624240,121263,USD,grant_received (Sched I),reported in filing,Found via full-text search (first 3-5 result pages only); amount auto-extracted from grantor return; context: 25 BROADWAY STE 1700 NEW YORK ; ALLOCATION JEWISH FAMILY SERVICE 720 R,https://projects.propublica.org/nonprofits/organizations/141584342/201543149349303114/IRS990ScheduleI,full return read (parsed)
TY2015,JEWISH FEDERATION OF SPRINGFIELD,37-0662593,Jewish Federations of North America,13-1624240,69045,USD,grant_received (Sched I),reported in filing,Found via full-text search (first 3-5 result pages only); amount auto-extracted from grantor return; context: Enter total number of section 501(c)(3) and government organizations l,https://projects.propublica.org/nonprofits/organizations/370662593/201631959349301453/IRS990ScheduleI,full return read (parsed)
TY2020,Jack G Buncher Charitable Fund for the,20-4393253,American Jewish Joint Distribution Committee,13-1656634,1650000,USD,grant_received (Sched I),reported in filing,Found via full-text search (first 3-5 result pages only); amount auto-extracted from grantor return; context: New York ; charitable welfare Enter total number of section 501(c)(3) ,https://projects.propublica.org/nonprofits/organizations/204393253/202133149349302408/IRS990ScheduleI,full return read (parsed)
TY2020,Glickman Foundation,36-3857009,American Jewish Joint Distribution Committee,13-1656634,750000,USD,grant_received (Sched I),reported in filing,Found via full-text search (first 3-5 result pages only); amount auto-extracted from grantor return; context: 445 Central Avenue Cedarhurst ; General Operating Support Jewish Unite,https://projects.propublica.org/nonprofits/organizations/363857009/202211369349314366/IRS990ScheduleI,full return read (parsed)
TY2022,The Thalheimer Family - JDC Support,03-0391368,American Jewish Joint Distribution Committee,13-1656634,370000,USD,grant_received (Sched I),reported in filing,Found via full-text search (first 3-5 result pages only); amount auto-extracted from grantor return; context: 220 East 42nd Street Suite 400 New York ; general support Enter total ,https://projects.propublica.org/nonprofits/organizations/030391368/202313129349300601/IRS990ScheduleI,full return read (parsed)
TY2014,ISRAEL STRATEGIC ALTERNATIVE ENERGY FOUNDATIO,80-0263559,American Jewish Joint Distribution Committee,13-1656634,100000,USD,grant_received (Sched I),reported in filing,Found via full-text search (first 3-5 result pages only); amount auto-extracted from grantor return; context: 711 THIRD AVE 9TH FLOOR NEW YORK ; RESEARCH GRANT - HEBREW UNIVERSITY ,https://projects.propublica.org/nonprofits/organizations/800263559/201640429349302334/IRS990ScheduleI,full return read (parsed)
TY2022,Swergold Family Foundation for Children,26-4139621,American Jewish Joint Distribution Committee,13-1656634,77500,USD,grant_received (Sched I),reported in filing,Found via full-text search (first 3-5 result pages only); amount auto-extracted from grantor return; context: 220 East 42nd St Suite 400 New York ; general support Enter total numb,https://projects.propublica.org/nonprofits/organizations/264139621/202303129349300300/IRS990ScheduleI,full return read (parsed)
TY2021,SAMUEL ISRAEL FOUNDATION,86-1064950,American Jewish Joint Distribution Committee,13-1656634,75000,USD,grant_received (Sched I),reported in filing,Found via full-text search (first 3-5 result pages only); amount auto-extracted from grantor return; context: NEW YORK ; JDC HANOCH P E F ISRAEL ENDOWMENT FUNDS INC 630 THIRD AVENU,https://projects.propublica.org/nonprofits/organizations/861064950/202221929349301822/IRS990ScheduleI,full return read (parsed)
TY2012,AMERICAN HEBREW ACADEMY INC,56-1985976,Jewish Agency for Israel - North American Council / JAFI,23-0053483,1000000,USD,grant_received (Sched I),reported in filing,Found via full-text search (first 3-5 result pages only); amount auto-extracted from grantor return; context: 633 THIRD AVE NO 2100 NEW YORK ; CONTRIBUTIONS FOR GENERAL OPERATIONS ,https://projects.propublica.org/nonprofits/organizations/561985976/201421359349305892/IRS990ScheduleI,full return read (parsed)
TY2023,ISADORE GARSEK LODGE OF,23-7147970,Jewish Agency for Israel - North American Council / JAFI,23-0053483,65000,USD,grant_received (Sched I),reported in filing,Found via full-text search (first 3-5 result pages only); amount auto-extracted from grantor return; context: 633 THIRD AVE 21ST FLOOR NEW YORK ; HUMANITARIAN AID Enter total numbe,https://projects.propublica.org/nonprofits/organizations/237147970/202431659349301313/IRS990ScheduleI,full return read (parsed)
TY2024,The Morris & Sylvia Trachten Family,22-2518063,Jewish Agency for Israel - North American Council / JAFI,23-0053483,50000,USD,grant_received (990-PF),reported in filing,Found via full-text search (first 3-5 result pages only); amount auto-extracted from grantor return; context: NEW YORK ; ForNitzana SELA/MASA Aliyah Education/Bedouin High School; ,https://projects.propublica.org/nonprofits/organizations/222518063/202532969349101103/IRS990PF,full return read (parsed)
TY2018,WESTCHESTER JEWISH COUNCIL INC,13-2856699,Jewish Agency for Israel - North American Council / JAFI,23-0053483,15840,USD,grant_received (Sched I),reported in filing,Found via full-text search (first 3-5 result pages only); amount auto-extracted from grantor return; context: 633 THIRD AVENUE 21ST FLOOR NEW YORK ; STIPENDS FOR STUDENTS Enter tot,https://projects.propublica.org/nonprofits/organizations/132856699/202040989349300214/IRS990ScheduleI,full return read (parsed)
TY2023,ROBERT B AND SHIRLEY K HASPEL,72-0961469,Jewish Agency for Israel - North American Council / JAFI,23-0053483,10000,USD,grant_received (Sched I),reported in filing,Found via full-text search (first 3-5 result pages only); amount auto-extracted from grantor return; context: 633 THIRD AVENUE 21ST FLOOR NEW YORK ; ISRAEL EMERGENCY FUND Enter tot,https://projects.propublica.org/nonprofits/organizations/720961469/202443329349301654/IRS990ScheduleI,full return read (parsed)
TY2020,Shelters for Israel,95-6118813,Jewish Agency for Israel - North American Council / JAFI,23-0053483,7500,USD,grant_received (Sched I),reported in filing,Found via full-text search (first 3-5 result pages only); amount auto-extracted from grantor return; context: 633 THIRD AVE NEW YORK ; PEF ENDOWMENT FUNDS 630 THIRD AVE NEW YORK ;,https://projects.propublica.org/nonprofits/organizations/956118813/202221019349301557/IRS990ScheduleI,full return read (parsed)
TY2023,THE SIDNEY AND MIRIAM LOEWY FRIEND,13-3801851,UJA-Federation of New York,51-0172429,1287374,USD,grant_received (Sched I),reported in filing,Found via full-text search (first 3-5 result pages only); amount auto-extracted from grantor return; context: 130 EAST 59TH STREET NEW YORK ; GRANT TO SUPPORTED ORGANIZATION Enter ,https://projects.propublica.org/nonprofits/organizations/133801851/202541329349302624/IRS990ScheduleI,full return read (parsed)
TY2024,THE JOEL & ORA BENTON MONROE BENTON,13-3927715,UJA-Federation of New York,51-0172429,838000,USD,grant_received (Sched I),reported in filing,Found via full-text search (first 3-5 result pages only); amount auto-extracted from grantor return; context: 130 EAST 59TH STREET NEW YORK ; GRANT TO SUPPORTED ORGANIZATION Enter ,https://projects.propublica.org/nonprofits/organizations/133927715/202611289349301936/IRS990ScheduleI,full return read (parsed)
TY2022,THE JEANNETTE R AND SIDNEY L SOLOMON,13-3852165,UJA-Federation of New York,51-0172429,86754,USD,grant_received (Sched I),reported in filing,Found via full-text search (first 3-5 result pages only); amount auto-extracted from grantor return; context: 130 E 59TH STREET NEW YORK ; GRANT TO SUPPORTED ORGANIZATION Enter tot,https://projects.propublica.org/nonprofits/organizations/133852165/202401349349307755/IRS990ScheduleI,full return read (parsed)
TY2023,THE MARC AND HARRIET SUVALL FOUNDATION,13-3978407,UJA-Federation of New York,51-0172429,70000,USD,grant_received (Sched I),reported in filing,Found via full-text search (first 3-5 result pages only); amount auto-extracted from grantor return; context: 130 E 59TH STREET NEW YORK ; FOR GENERAL CHARITABLE PURPOSES UJA-FEDER,https://projects.propublica.org/nonprofits/organizations/133978407/202501329349302820/IRS990ScheduleI,full return read (parsed)
TY2024,THE WANDERER FAMILY FOUNDATION,59-3814958,UJA-Federation of New York,51-0172429,66800,USD,grant_received (Sched I),reported in filing,Found via full-text search (first 3-5 result pages only); amount auto-extracted from grantor return; context: 130 E 59TH STREET NEW YORK ; GRANT TO SUPPORTED ORGANIZATION FRIENDS O,https://projects.propublica.org/nonprofits/organizations/593814958/202631289349301153/IRS990ScheduleI,full return read (parsed)
TY2020,THE DORIS AND ISAAC MOINESTER FOUNDATION,13-3797662,UJA-Federation of New York,51-0172429,33000,USD,grant_received (Sched I),reported in filing,Found via full-text search (first 3-5 result pages only); amount auto-extracted from grantor return; context: 130 EAST 59TH STREET NEW YORK ; GRANT TO SUPPORTED ORGANIZATION Enter ,https://projects.propublica.org/nonprofits/organizations/133797662/202221329349303742/IRS990ScheduleI,full return read (parsed)
TY2024,TORAH COMMUNITY FUND INC,27-4316702,PEF Israel Endowment Funds,13-6104086,1640840,USD,grant_received (Sched I),reported in filing,Found via full-text search (first 3-5 result pages only); amount auto-extracted from grantor return; context: NEW YORK ; CHARITABLE TORAH CENTER FOR HIGHER RABBI BROOKLYN ;,https://projects.propublica.org/nonprofits/organizations/274316702/202503039349301650/IRS990ScheduleI,full return read (parsed)
TY2022,FOLLOW YOUR DREAM FOUNDATION INC,38-3581515,PEF Israel Endowment Funds,13-6104086,750000,USD,grant_received (Sched I),reported in filing,Found via full-text search (first 3-5 result pages only); amount auto-extracted from grantor return; context: 630 Third Avenue 15th Floor New York ; GENERAL SUPPORT Redeem Internat,https://projects.propublica.org/nonprofits/organizations/383581515/202303399349300415/IRS990ScheduleI,full return read (parsed)
TY2023,The Diane and Guilford Glazer Foundation,84-3205480,PEF Israel Endowment Funds,13-6104086,600000,USD,grant_received (990-PF),reported in filing,Found via full-text search (first 3-5 result pages only); amount auto-extracted from grantor return; context: 630 THIRD AVENUE 15TH FLOOR NEW YORK ; NONE EDUCATIONAL; ECONOMIC; AND,https://projects.propublica.org/nonprofits/organizations/843205480/202423199349105117/IRS990PF,full return read (parsed)
TY2023,PASSAGES AMERICA ISRAEL INC,81-2453820,PEF Israel Endowment Funds,13-6104086,500000,USD,grant_received (Sched I),reported in filing,Found via full-text search (first 3-5 result pages only); amount auto-extracted from grantor return; context: 630 THIRD AVE 15TH FLOOR NEW YORK ; TO SUPPORT ACTIVITIES IN ISRAEL AM,https://projects.propublica.org/nonprofits/organizations/812453820/202443329349301044/IRS990ScheduleI,full return read (parsed)
TY2024,ALEH LEMAALA INC,86-1773259,PEF Israel Endowment Funds,13-6104086,359850,USD,grant_received (Sched I),reported in filing,Found via full-text search (first 3-5 result pages only); amount auto-extracted from grantor return; context: 630 Third Ave 15th Floor New York ; General Support Enter total number,https://projects.propublica.org/nonprofits/organizations/861773259/202521669349300202/IRS990ScheduleI,full return read (parsed)
TY2018,MAGBIT FOUNDATION,95-4307648,PEF Israel Endowment Funds,13-6104086,278643,USD,grant_received (Sched I),reported in filing,Found via full-text search (first 3-5 result pages only); amount auto-extracted from grantor return; context: 317 Madison Ave Suite 607 New York ; Sackler School of Medicine 17 Eas,https://projects.propublica.org/nonprofits/organizations/954307648/201933089349301238/IRS990ScheduleI,full return read (parsed)
