reg,file,line
3634,3634-Supplemental-Statement-20230302-49.txt,"08/03/2022 Richard Act Blue -Beto O'Rourke Electronic/Online $ 2,000.00"
3634,3634-Supplemental-Statement-20230302-49.txt,"08/18/2022 Richard Wes Moore for Maryland Electronic/Online $ 1,000.00"
3634,3634-Supplemental-Statement-20230302-49.txt,09/28/2022 Christina Shapiro for Governor Electronic/Online $ 125.00
3634,3634-Supplemental-Statement-20230830-50.txt,02/06/2023 Jeremy Rachna Sizemore Heizer Electronic $ 102.91
3634,3634-Supplemental-Statement-20230830-50.txt,04/26/2023 Jeremy Joe Biden Victory Fund Electronic $ 100.00
3634,3634-Supplemental-Statement-20240312-51.txt,"09/25/2023 Richard Ro Khanna Credit Card $ 2,000.00"
3634,3634-Supplemental-Statement-20240312-51.txt,11/16/2023 Daniel Workman Andy Kim Credit Card $ 100.00
3634,3634-Supplemental-Statement-20240904-52.txt,"02/01/2024 Ri chard Ro Khanna Personal credit card $ 2,000.00"
3634,3634-Supplemental-Statement-20240904-52.txt,"02/29/2024 Ri chard Senator Cantwell Personal credit card $ 1,600.00"
3634,3634-Supplemental-Statement-20250307-53.txt,"08/29/2024 Ri chard Ro Khanna's campaign online Contribution $ 1,000.00"
3634,3634-Supplemental-Statement-20250307-53.txt,09/23/2024 Ri chard Ritchie Torres' campaign online contribution $ 500.00
3634,3634-Supplemental-Statement-20260306-55.txt,01/22/2026 Daniel workman Alliance for American Credit Card $ 100.00
3731,3731-Supplemental-Statement-20241030-52.txt,05/07/2024 Tracey The Lincoln Project Debit Card $ 50.00
3731,3731-Supplemental-Statement-20241030-52.txt,06/19/2024 Tracey The Seneca Project Debit Card $ 50.00
3731,3731-Supplemental-Statement-20241030-52.txt,07/26/2024 Tracey Biden Victory Fund Credit Card $ 26.01
3731,3731-Supplemental-Statement-20241030-52.txt,09/10/2024 Tracey Harris victory Fund Credit Card $ 129.94
3731,3731-Supplemental-Statement-20241030-52.txt,09/12/2024 Tracey Harris victory Fund Credit Card $ 45.44
5198,5198-Supplemental-Statement-20230823-37.txt,02/13/2023 Craig Pillsbury Winthrop Shaw Payroll Deduction $ 200.00
5198,5198-Supplemental-Statement-20230823-37.txt,03/06/2023 Brian Finch Green Victory Fund Credit Card $ 500.00
5198,5198-Supplemental-Statement-20230823-37.txt,03/13/2023 Craig Pillsbury Winthrop Shaw Payroll Deduction $ 200.00
5198,5198-Supplemental-Statement-20230823-37.txt,03/28/2023 Brian Finch Capito for West Virginia Credit Card $ 500.00
5198,5198-Supplemental-Statement-20230823-37.txt,03/29/2023 Brian Finch Tuberville for Senate Check $ 250.00
5198,5198-Supplemental-Statement-20230823-37.txt,03/29/2023 Greg Laughlin Tuberville for Senate Check $ 250.00
5198,5198-Supplemental-Statement-20230823-37.txt,04/12/2023 Craig Pillsbury Winthrop Shaw Payroll Deduction $ 200.00
5198,5198-Supplemental-Statement-20230823-37.txt,04/14/2023 Greg Laughlin Tim Scott for America Credit Card $ 100.00
5198,5198-Supplemental-Statement-20230823-37.txt,"05/09/2023 Brian Finch Mike Rogers for Congress Credit Card $ 2,500.00"
5198,5198-Supplemental-Statement-20230823-37.txt,05/12/2023 Craig Pillsbury Winthrop Shaw Payroll Deduction $ 200.00
5198,5198-Supplemental-Statement-20230823-37.txt,05/14/2023 Greg Laughlin Tim Scott for America Credit Card $ 100.00
5198,5198-Supplemental-Statement-20230823-37.txt,05/20/2023 Brian Finch Dale Strong for Congress Credit Card $ 500.00
5198,5198-Supplemental-Statement-20230823-37.txt,05/24/2023 Greg Laughlin Keith Self for Congress Check $ 500.00
5198,5198-Supplemental-Statement-20230823-37.txt,06/13/2023 Craig Pillsbury Winthrop Shaw Payroll Deduction $ 200.00
5198,5198-Supplemental-Statement-20230823-37.txt,06/14/2023 Greg Laughlin Monica De La Cruz for Check $ 250.00
5198,5198-Supplemental-Statement-20230823-37.txt,06/19/2023 Greg Laughlin John Carter for Congress Check $ 250.00
5198,5198-Supplemental-Statement-20230823-37.txt,06/22/2023 Greg Laughlin Texas for Morgan Luttrell Check $ 500.00
5198,5198-Supplemental-Statement-20230823-37.txt,06/30/2023 Brian Finch Kelly for Congress Credit Card $ 500.00
5198,5198-Supplemental-Statement-20230823-37.txt,07/12/2023 Greg Laughlin Tomorrow is Meaningful PAC Check $ 500.00
5198,5198-Supplemental-Statement-20230823-37.txt,07/17/2023 Craig Pillsbury Winthrop Shaw Payroll Deduction $ 200.00
5198,5198-Supplemental-Statement-20230823-37.txt,07/19/2023 Brian Finch Crawford for Congress Credit Card $ 500.00
5198,5198-Supplemental-Statement-20240228-38.txt,08/14/2023 Craig Pillsbury Winthrop Shaw Payroll Deduction $ 200.00
5198,5198-Supplemental-Statement-20240228-38.txt,09/12/2023 Craig Pillsbury Winthrop Shaw Payroll Deduction $ 200.00
5198,5198-Supplemental-Statement-20240228-38.txt,09/13/2023 Greg Laughlin August Pfluger for Congress Check $ 500.00
5198,5198-Supplemental-Statement-20240228-38.txt,09/20/2023 Greg Laughlin Monica for Congress Check $ 250.00
5198,5198-Supplemental-Statement-20240228-38.txt,10/12/2023 Craig Pillsbury Winthrop Shaw Payroll Deduction $ 200.00
5198,5198-Supplemental-Statement-20240228-38.txt,"11/13/2023 Brian Finch Nikki Haley for President, Credit Card $ 1,000.00"
5198,5198-Supplemental-Statement-20240228-38.txt,11/14/2023 Greg Laughlin John Carter for Congress Check $ 500.00
5198,5198-Supplemental-Statement-20240228-38.txt,11/22/2023 Craig Pillsbury Winthrop Shaw Payroll Deduction $ 200.00
5198,5198-Supplemental-Statement-20240228-38.txt,12/06/2023 Craig Pillsbury Winthrop Shaw Payroll Deduction $ 200.00
5198,5198-Supplemental-Statement-20240228-38.txt,"12/06/2023 David Tsai Evan Low for Congress Credit Card $ 3,300.00"
5198,5198-Supplemental-Statement-20240228-38.txt,"12/28/2023 Brian Finch American Security PAC Credit Card $ 2,500.00"
5198,5198-Supplemental-Statement-20240228-38.txt,01/10/2024 Craig Pillsbury Winthrop Shaw Payroll Deduction $ 200.00
5198,5198-Supplemental-Statement-20250225-40.txt,08/09/2024 Greg Laughlin Bulldog PAC Credit Card $ 500.00
5198,5198-Supplemental-Statement-20250225-40.txt,08/12/2024 Craig Pillsbury Winthrop Shaw Payroll Deduction $ 200.00
5198,5198-Supplemental-Statement-20250225-40.txt,08/12/2024 Greg Laughlin Steve Garvey for US senate Credit Card $ 100.00
5198,5198-Supplemental-Statement-20250225-40.txt,08/21/2024 Greg Laughlin Michael waltz for Congress Credit Card $ 105.00
5198,5198-Supplemental-Statement-20250225-40.txt,"08/27/2024 Brian Finch Nancy Mace for Congress Check $ 2,500.00"
5198,5198-Supplemental-Statement-20250225-40.txt,09/11/2024 David Tsai Harris victory Fund Credit Card $ 500.00
5198,5198-Supplemental-Statement-20250225-40.txt,09/11/2024 Crai g Pillsbury Winthrop Shaw Payroll Deduction $ 200.00
5198,5198-Supplemental-Statement-20250225-40.txt,09/17/2024 Greg Laughlin Ted Cruz for senate Credit Card $ 100.00
5198,5198-Supplemental-Statement-20250225-40.txt,09/22/2024 Greg Laughlin Sam Brown for Nevada Credit card $ 100.00
5198,5198-Supplemental-Statement-20250225-40.txt,09/23/2024 Brian Finch Dan Crenshaw for US congress Credit Card $ 500.00
5198,5198-Supplemental-Statement-20250225-40.txt,09/23/2024 Brian Finch Tommy Tuberville for senate Credit card $ 500.00
5198,5198-Supplemental-Statement-20250225-40.txt,09/24/2024 Greg Laughlin Evan Low for Congress Check $ 500.00
5198,5198-Supplemental-Statement-20250225-40.txt,"09/28/2024 David Tsai Pillsbury Winthrop Shaw Credit Card $ 2,300.00"
5198,5198-Supplemental-Statement-20250225-40.txt,10/11/2024 Craig Pittman LLP PAC Payroll Deduction $ 200.00
5198,5198-Supplemental-Statement-20250225-40.txt,10/21/2024 Greg Laughlin Ted Cruz for senate Credit card $ 100.00
5198,5198-Supplemental-Statement-20250225-40.txt,"10/23/2024 Greg Laughlin Pillsbury Winthrop Shaw Credit Card $ 1,000.00"
5198,5198-Supplemental-Statement-20250225-40.txt,11/12/2024 Craig Pittman LLP PAC Payroll Deduction $ 200.00
5198,5198-Supplemental-Statement-20250225-40.txt,12/17/2024 Greg Laughlin Pillsbury Winthrop Shaw Credit Card $ 100.00
5198,5198-Supplemental-Statement-20250225-40.txt,12/18/2024 Crai g Pittman LLP PAC Payroll Deduction $ 200.00
5198,5198-Supplemental-Statement-20250225-40.txt,01/13/2025 Craig Pittman LLP PAC Payroll Deduction $ 200.00
5198,5198-Supplemental-Statement-20250225-40.txt,"01/21/2025 Greg Laughlin Credit Card $ 1,500.00"
5198,5198-Supplemental-Statement-20250825-41.txt,"02/05/2025 Brian Finch John Curtis for Utah Credit Card $ 1,250.00"
5198,5198-Supplemental-Statement-20250825-41.txt,"02/05/2025 Brian Finch Tuberville for senate Credit Card $ 2,500.00"
5198,5198-Supplemental-Statement-20250825-41.txt,02/12/2025 Crai g Pillsbury Winthrop Shaw Payroll Deduction $ 200.00
5198,5198-Supplemental-Statement-20250825-41.txt,"02/21/2025 Greg Laughlin Mr. Southern Missourian In Credit Card $ 1,500.00"
5198,5198-Supplemental-Statement-20250825-41.txt,02/27/2025 Greg Laughlin Weber for Congress Check $ 500.00
5198,5198-Supplemental-Statement-20250825-41.txt,02/27/2025 Greg Laughlin Friends of David schweikert Check $ 500.00
5198,5198-Supplemental-Statement-20250825-41.txt,03/04/2025 Greg Laughlin Tony Gonzales for congress Check $ 500.00
5198,5198-Supplemental-Statement-20250825-41.txt,03/11/2025 Craig Pillsbury Winthrop Shaw Payroll Deduction $ 200.00
5198,5198-Supplemental-Statement-20250825-41.txt,"03/21/2025 Greg Laughlin Mr. Southern Missourian in Credit Card $ 1,500.00"
5198,5198-Supplemental-Statement-20250825-41.txt,03/25/2025 Greg Laughlin Craig Goldman for Congress Check $ 500.00
5198,5198-Supplemental-Statement-20250825-41.txt,03/25/2025 Greg Laughlin Dan Crenshaw for congress Check $ 500.00
5198,5198-Supplemental-Statement-20250825-41.txt,"03/31/2025 Greg Laughlin Brian Babin for Congress Credit card $ 1,000.00"
5198,5198-Supplemental-Statement-20250825-41.txt,04/01/2025 Craig Jewish Democratic Council of Credit Card $ 360.00
5198,5198-Supplemental-Statement-20250825-41.txt,04/11/2025 Crai g Pillsbury Winthrop Shaw Payroll Deduction $ 200.00
5198,5198-Supplemental-Statement-20250825-41.txt,04/21/2025 Greg Laughlin Mr. Southern Missourian In Credit Card $ 500.00
5198,5198-Supplemental-Statement-20250825-41.txt,05/12/2025 Craig Pillsbury Winthrop Shaw Payroll Deduction $ 200.00
5198,5198-Supplemental-Statement-20250825-41.txt,06/12/2025 Craig Pillsbury Winthrop Shaw Payroll Deduction $ 200.00
5198,5198-Supplemental-Statement-20250825-41.txt,07/12/2025 Crai g Pillsbury Winthrop Shaw Payroll Deduction $ 200.00
6344,6344-Supplemental-Statement-20230427-14.txt,10/06/2022 R Livingston Tim Griffin for Attorney Online $ 500.00
6344,6344-Supplemental-Statement-20251030-19.txt,05/20/2025 Marti n Pennsylvania Honor pac (Dave check $ 500.00
6344,6344-Supplemental-Statement-20251030-19.txt,05/25/2025 Livingston Rounds for senate (Mike onli ne $ 500.00
6344,6344-Supplemental-Statement-20251030-19.txt,"05/28/2025 Livingston Julia Letlow for congress Onli ne $ 1,000.00"
6344,6344-Supplemental-Statement-20251030-19.txt,06/10/2025 Marti n Team Husted (Jon Husted) Check $ 500.00
6344,6344-Supplemental-Statement-20251030-19.txt,"06/10/2025 Li ndsay Tripp Adams for Congress onli ne $ 1,000.00"
6344,6344-Supplemental-Statement-20251030-19.txt,06/24/2025 Livingston Team Hill (French Hill) onli ne $ 500.00
6344,6344-Supplemental-Statement-20251030-19.txt,06/24/2025 Marti n Claudia Tenney for congress Check $ 500.00
6344,6344-Supplemental-Statement-20251030-19.txt,07/15/2025 Marti n Tomorrow is Meaningful PAC Check $ 500.00
6344,6344-Supplemental-Statement-20251030-19.txt,07/18/2025 Livingston Tomorrow is Meaningful PAC onli ne $ 500.00
6344,6344-Supplemental-Statement-20251030-19.txt,"07/21/2025 Marti n Foley for congress (Mason onli ne $ 3,500.00"
6344,6344-Supplemental-Statement-20251030-19.txt,07/23/2025 Marti n Rob for PA (Rob Bresnahan) onli ne $ 250.00
6344,6344-Supplemental-Statement-20251030-19.txt,07/28/2025 Marti n Whitson victory committee onli ne $ 500.00
6344,6344-Supplemental-Statement-20251030-19.txt,"08/15/2025 Livingston Scalise Leadership Fund onli ne $ 3,500.00"
6344,6344-Supplemental-Statement-20251030-19.txt,09/08/2025 Livingston Foley for congress (Mason onli ne $ 500.00
6344,6344-Supplemental-Statement-20251030-19.txt,09/15/2025 Livingston Friends of Dave McCormick onli ne $ 500.00
6344,6344-Supplemental-Statement-20251030-19.txt,09/29/2025 Marti n winsome for Governor onli ne $ 500.00
6344,6344-Supplemental-Statement-20251030-19.txt,09/30/2025 Marti n winsome for Governor onli ne $ 500.00
6344,6344-Supplemental-Statement-20260508-21.txt,"10/14/2025 = Martin Republican Party of Virginia Check $ 1,000.00"
6344,6344-Supplemental-Statement-20260508-21.txt,"10/22/2025 Martin Sheri Biggs for Congress Online $ 1,000.00"
6344,6344-Supplemental-Statement-20260508-21.txt,"11/19/2025 Martin Trump National Committee, Check $ 500.00"
6344,6344-Supplemental-Statement-20260508-21.txt,11/29/2025 Livingston Donald Trump Online $ 50.00
6344,6344-Supplemental-Statement-20260508-21.txt,"12/10/2025 Martin Andy Barr for Senate, Andy Check $ 3,500.00"
6344,6344-Supplemental-Statement-20260508-21.txt,12/26/2025 Livingston Barr Online $ 250.00
6344,6344-Supplemental-Statement-20260508-21.txt,"01/30/2026 Livingston Steve Scalise Online $ 3,500.00"
6344,6344-Supplemental-Statement-20260508-21.txt,03/02/2026 Livingston Britt Online $ 500.00
6344,6344-Supplemental-Statement-20260508-21.txt,"03/17/2026 Livingston womack Online $ 1,000.00"
6518,6518-Supplemental-Statement-20260326-17.txt,"09/17/2025 + Tamasi Cmte to Re-Elect Sen. Mike online $ 2,500.00"
6518,6518-Supplemental-Statement-20260326-17.txt,09/24/2025 ~Epperly Evan Hunt online $ 250.00
6518,6518-Supplemental-Statement-20260326-17.txt,"09/25/2025 Epperly Peggy Flanagan online $ 1,000.00"
6518,6518-Supplemental-Statement-20260326-17.txt,09/25/2025 = Epperly David Costello online $ 250.00
6518,6518-Supplemental-Statement-20260326-17.txt,10/07/2025 Epperly Bridget Brink online $ 250.00
6518,6518-Supplemental-Statement-20260326-17.txt,10/08/2025 Epperly Rep. Tim Kennedy online $ 500.00
6518,6518-Supplemental-Statement-20260326-17.txt,"10/14/2025 = Epperly Rep. Hakeem Jeffries Victory online $ 1,000.00"
6518,6518-Supplemental-Statement-20260326-17.txt,"11/05/2025 Tamasi Cotton Victory Cmte (Sen. online $ 1,000.00"
6518,6518-Supplemental-Statement-20260326-17.txt,11/06/2025 Epperly Brett DiResta online $ 250.00
6518,6518-Supplemental-Statement-20260326-17.txt,11/06/2025 ~—Epperly Rep. Dan Goldman online $ 500.00
6518,6518-Supplemental-Statement-20260326-17.txt,11/11/2025 Epperly Sen. Ed Markey online $ 500.00
6518,6518-Supplemental-Statement-20260326-17.txt,"11/14/2025 Epperly Sen. Andy Kim - In Our Hands online $ 2,500.00"
6518,6518-Supplemental-Statement-20260326-17.txt,11/25/2025 Epperly Erin Petrey online $ 250.00
6518,6518-Supplemental-Statement-20260326-17.txt,12/01/2025 Epperly Rep. Tom Suozzi online $ 500.00
6518,6518-Supplemental-Statement-20260326-17.txt,"12/09/2025 Epperly Erin Petrey online $ 1,000.00"
6518,6518-Supplemental-Statement-20260326-17.txt,"01/29/2026 Epperly Peggy Flanagan online $ 1,000.00"
6518,6518-Supplemental-Statement-20260326-17.txt,"02/02/2026 Epperly Gabe Amo online $ 3,300.00"
6518,6518-Supplemental-Statement-20260326-17.txt,"02/02/2026 Tamasi Cmte to Elect Brian online $ 1,000.00"
6518,6518-Supplemental-Statement-20260326-17.txt,02/24/2026 Epperly Jay Chaudhuri online $ 500.00
6518,6518-Supplemental-Statement-20260326-17.txt,"02/25/2026 Epperly Sen. Andy Kim - In Our Hands online $ 2,500.00"
6518,6518-Supplemental-Statement-20260930-19.txt,"03/02/2026 David Tamasi Cmte to Re-Elect Darin online $ 3,500.00"
6518,6518-Supplemental-Statement-20260930-19.txt,03/05/2026 Epperly Rep. Grace Meng online $ 500.00
6518,6518-Supplemental-Statement-20260930-19.txt,03/25/2026 Epperly Rep. Greg Meeks online $ 500.00
6518,6518-Supplemental-Statement-20260930-19.txt,"03/30/2026 Epperly Rep. Pat Ryan online $ 1,000.00"
6518,6518-Supplemental-Statement-20260930-19.txt,"03/31/2026 David Tamasi Send in Seal PAC (Sen. Tim online $ 1,000.00"
6518,6518-Supplemental-Statement-20260930-19.txt,"04/07/2026 Epperly Rep. Katherine Clark online $ 7,000.00"
6518,6518-Supplemental-Statement-20260930-19.txt,"04/29/2026 Epperly Peggy Flanagan online $ 1,500.00"
6518,6518-Supplemental-Statement-20260930-19.txt,"05/02/2026 David Tamasi Congress NJ (Cmte to Re- online $ 1,000.00"
6518,6518-Supplemental-Statement-20260930-19.txt,"05/26/2026 David Tamasi Republican Majority Fund online $ 5,000.00"
6518,6518-Supplemental-Statement-20260930-19.txt,"06/01/2026 Epperly Gov. Maura Healey online $ 1,000.00"
6518,6518-Supplemental-Statement-20260930-19.txt,"06/02/2026 Epperly Rep. Gabe Amo online $ 1,000.00"
6518,6518-Supplemental-Statement-20260930-19.txt,06/16/2026 David Tamasi cmtw to Elect Nick Cocchi - online $ 500.00
6518,6518-Supplemental-Statement-20260930-19.txt,"06/16/2026 David Tamasi Kansans for Marshall - Sen. online $ 1,000.00"
6518,6518-Supplemental-Statement-20260930-19.txt,"08/03/2026 Epperly Rep. Bill Keating online $ 2,500.00"
6518,6518-Supplemental-Statement-20260930-19.txt,"08/24/2026 David Tamasi Cmte to Re-Elect Tom Kean online $ 3,500.00"
6518,6518-Supplemental-Statement-20260930-19.txt,"08/25/2026 Epperly Democratic Party of Georgia online $ 2,500.00"
6533,6533-Supplemental-Statement-20230501-11.txt,"03/08/2023 Miller & Hern for Congress Check $ 1,000.00"
6533,6533-Supplemental-Statement-20231030-12.txt,08/31/2023 James Tillen Democratic Party of Cash $ 150.00
6533,6533-Supplemental-Statement-20231030-12.txt,09/22/2023 James Tillen Democratic Party of Cash $ 100.00
6533,6533-Supplemental-Statement-20231030-12.txt,09/30/2023 James Tillen Laura Gillen for Congress Cash $ 250.00
6653,6653-Supplemental-Statement-20230428-10.txt,"10/24/2022 Steptoe & Catherine Cortez Masto for Cash $ 1,000.00"
6653,6653-Supplemental-Statement-20230428-10.txt,"10/27/2022 Steptoe & DSCC Cash $ 2,500.00"
6653,6653-Supplemental-Statement-20230428-10.txt,"12/01/2022 Steptoe & Collins for Senator Cash $ 1,000.00"
6653,6653-Supplemental-Statement-20230428-10.txt,"02/02/2023 Steptoe & Steve Daines for Montana Cash $ 1,000.00"
6653,6653-Supplemental-Statement-20230428-10.txt,"02/02/2023 Steptoe & National Republican Senate Cash $ 2,500.00"
6653,6653-Supplemental-Statement-20230428-10.txt,"02/02/2023 Steptoe & Montanans for Tester Cash $ 1,000.00"
6653,6653-Supplemental-Statement-20230428-10.txt,"02/02/2023 Steptoe & Steil for Wisconsin Cash $ 1,000.00"
6653,6653-Supplemental-Statement-20230428-10.txt,"02/02/2023 Steptoe & Friends of Sherrod Brown Cash $ 1,000.00"
6653,6653-Supplemental-Statement-20230428-10.txt,"02/15/2023 Steptoe & Chris Coons for Delaware Cash $ 1,000.00"
6653,6653-Supplemental-Statement-20230428-10.txt,"03/02/2023 Steptoe & Gerry Connolly for Congress Cash $ 1,000.00"
6653,6653-Supplemental-Statement-20230428-10.txt,"03/07/2023 Steptoe & Cash $ 1,000.00"
6653,6653-Supplemental-Statement-20230428-10.txt,"03/31/2023 Philip West Cash $ 1,090.00"
7234,7234-Supplemental-Statement-20231107-1.txt,"06/20/2023 Jonathan Bass McCarthy for Congress Credit card $ 1,000.00"
7394,7394-Supplemental-Statement-20241127-1.txt,09/10/2024 Lauren Lane Kamal a Harris online contribution $ 50.00
7394,7394-Supplemental-Statement-20241127-1.txt,09/10/2024 Kamal a Harris online contribution $ 50.00
7552,7552-Supplemental-Statement-20250926-1.txt,04/21/2025 Jill Zuckman Mark Warner online $ 350.00
7552,7552-Supplemental-Statement-20250926-1.txt,06/06/2025 Gary Koops Andrew Cuomo online $ 250.00
7552,7552-Supplemental-Statement-20250926-1.txt,"08/27/2025 Jill Zuckman Maggie Goodlander online $ 2,000.00"
7552,7552-Supplemental-Statement-20250926-1.txt,08/29/2025 Jill Zuckman Brian Schwa!b online $ 200.00
7553,7553-Supplemental-Statement-20260630-2.txt,"10/01/2025 william Knapp Kinney for DC Credit card $ 1,800.00"
7553,7553-Supplemental-Statement-20260630-2.txt,10/28/2025 william Knapp Rebecca Bennett for congress Credit card/ActBlue $ 500.00
7553,7553-Supplemental-Statement-20260630-2.txt,11/13/2025 Matt Gorman Torres for Congress Credit card/winRed $ 500.00
7553,7553-Supplemental-Statement-20260630-2.txt,"12/30/2025 David sable Torres victory Fund Credit card $ 1,000.00"
7553,7553-Supplemental-Statement-20260630-2.txt,"12/30/2025 David Sable Earmarked for shannon Taylor Credit card/ActBlue $ 1,000.00"
7553,7553-Supplemental-Statement-20260630-2.txt,02/23/2026 william Knapp for VA Credit card/ActBlue $ 25.00
7649,7649-Supplemental-Statement-20260518-1.txt,10/29/2025 Elliott Maas for Iowa onli ne $ 50.00
7649,7649-Supplemental-Statement-20260518-1.txt,11/18/2025 Jesse stokes Roeberg for congress onli ne $ 1.00
7649,7649-Supplemental-Statement-20260518-1.txt,"12/22/2025 Bradley Max Miller victory Check $ 10,000.00"
7653,7653-Supplemental-Statement-20260501-1.txt,11/19/2025 Chad Schnitger Riverside county Republican Check $ 405.00
