date,from,to,amount,currency,kind,status,item_or_note,source_url,read_status
2001,Israel Bonds purchasers (worldwide),State of Israel,1100000000,USD,sale,"reported figure (issuer annual report, source: Ministry of Finance)","Israel Bonds annual funds raised (worldwide, not US-only). approx.; borrowed through State of Israel Bonds during 2001",https://www.sec.gov/Archives/edgar/data/52749/000095012302006676/y61816exv99wd.txt,full document read
2002,Israel Bonds purchasers (worldwide),State of Israel,1300000000,USD,sale,"reported figure (issuer annual report, source: Ministry of Finance)","Israel Bonds annual funds raised (worldwide, not US-only). approx.; borrowed through State of Israel Bonds during 2002",https://www.sec.gov/Archives/edgar/data/52749/000095012303007760/y87977exv99wd.htm,full document read
2003,Israel Bonds purchasers (worldwide),State of Israel,1500000000,USD,sale,"reported figure (issuer annual report, source: Ministry of Finance)","Israel Bonds annual funds raised (worldwide, not US-only). approx.; borrowed through State of Israel Bonds during 2003",https://www.sec.gov/Archives/edgar/data/52749/000095012304007902/y98433exv99wd.htm,full document read
2004,Israel Bonds purchasers (worldwide),State of Israel,1300000000,USD,sale,"reported figure (issuer annual report, source: Ministry of Finance)","Israel Bonds annual funds raised (worldwide, not US-only). approx.; borrowed through State of Israel Bonds during 2004",https://www.sec.gov/Archives/edgar/data/52749/000095012305008002/y10148exv99wd.txt,full document read
2005,Israel Bonds purchasers (worldwide),State of Israel,1000000000,USD,sale,"reported figure (issuer annual report, source: Ministry of Finance)","Israel Bonds annual funds raised (worldwide, not US-only). approx.; borrowed through Israel Bonds in 2005",https://www.sec.gov/Archives/edgar/data/52749/000095012306008433/y22532exv99wd.htm,full document read
2006,Israel Bonds purchasers (worldwide),State of Israel,1200000000,USD,sale,"reported figure (issuer annual report, source: Ministry of Finance)","Israel Bonds annual funds raised (worldwide, not US-only). approx.; borrowed through Israel Bonds in 2006",https://www.sec.gov/Archives/edgar/data/52749/000119312507146820/dex99d.htm,full document read
2007,Israel Bonds purchasers (worldwide),State of Israel,1090000000,USD,sale,"reported figure (issuer annual report, source: Ministry of Finance)","Israel Bonds annual funds raised (worldwide, not US-only). approx.; all 2007 foreign-currency borrowing was through Israel Bonds",https://www.sec.gov/Archives/edgar/data/52749/000114420408033977/v115822_ex99d.htm,full document read
2008,Israel Bonds purchasers (worldwide),State of Israel,1040000000,USD,sale,"reported figure (issuer annual report, source: Ministry of Finance)","Israel Bonds annual funds raised (worldwide, not US-only). approx.; all 2008 foreign-currency borrowing via Israel Bonds Program. CONFLICT: 2010 18-K states 2008 total was $1.440bn",https://www.sec.gov/Archives/edgar/data/52749/000114420409034935/v153226_ex99d.htm,full document read
2009,Israel Bonds purchasers (worldwide),State of Israel,1205000000,USD,sale,"reported figure (issuer annual report, source: Ministry of Finance)","Israel Bonds annual funds raised (worldwide, not US-only). total funds raised through Israel Bonds in 2009",https://www.sec.gov/Archives/edgar/data/52749/000114420410034881/v188554_ex99d.htm,full document read
2010,Israel Bonds purchasers (worldwide),State of Israel,1256000000,USD,sale,"reported figure (issuer annual report, source: Ministry of Finance)","Israel Bonds annual funds raised (worldwide, not US-only). total funds raised 2010 (2015 18-K table gives 1.255bn)",https://www.sec.gov/Archives/edgar/data/52749/000114420411038331/v226722_ex99d.htm,full document read
2011,Israel Bonds purchasers (worldwide),State of Israel,1060000000,USD,sale,"reported figure (issuer annual report, source: Ministry of Finance)","Israel Bonds annual funds raised (worldwide, not US-only). total funds raised 2011",https://www.sec.gov/Archives/edgar/data/52749/000114420412037354/v316947_ex99d.htm,full document read
2012,Israel Bonds purchasers (worldwide),State of Israel,1220000000,USD,sale,"reported figure (issuer annual report, source: Ministry of Finance)","Israel Bonds annual funds raised (worldwide, not US-only). total funds raised 2012 (2014 18-K text says 1.21bn)",https://www.sec.gov/Archives/edgar/data/52749/000114420413037059/v348239_ex99d.htm,full document read
2013,Israel Bonds purchasers (worldwide),State of Israel,1390000000,USD,sale,"reported figure (issuer annual report, source: Ministry of Finance)","Israel Bonds annual funds raised (worldwide, not US-only). total funds raised 2013",https://www.sec.gov/Archives/edgar/data/52749/000114420414040370/v382286_ex99d.htm,full document read
2014,Israel Bonds purchasers (worldwide),State of Israel,1350000000,USD,sale,"reported figure (issuer annual report, source: Ministry of Finance)","Israel Bonds annual funds raised (worldwide, not US-only). total funds raised 2014",https://www.sec.gov/Archives/edgar/data/52749/000114420415039927/v413896_exh99d.htm,full document read
2015,Israel Bonds purchasers (worldwide),State of Israel,1200000000,USD,sale,"reported figure (issuer annual report, source: Ministry of Finance)","Israel Bonds annual funds raised (worldwide, not US-only). total funds raised 2015",https://www.sec.gov/Archives/edgar/data/52749/000114420416110812/v442864_exh99d.htm,full document read
2016,Israel Bonds purchasers (worldwide),State of Israel,1300000000,USD,sale,"reported figure (issuer annual report, source: Ministry of Finance)","Israel Bonds annual funds raised (worldwide, not US-only). total funds raised 2016 (later tables 2018-2021 give 1.31bn)",https://www.sec.gov/Archives/edgar/data/52749/000114420417035054/v469708_exh99d.htm,full document read
2017,Israel Bonds purchasers (worldwide),State of Israel,1270000000,USD,sale,"reported figure (issuer annual report, source: Ministry of Finance)","Israel Bonds annual funds raised (worldwide, not US-only). total funds raised 2017",https://www.sec.gov/Archives/edgar/data/52749/000114420418036472/v496975_exh99d.htm,full document read
2018,Israel Bonds purchasers (worldwide),State of Israel,1260000000,USD,sale,"reported figure (issuer annual report, source: Ministry of Finance)","Israel Bonds annual funds raised (worldwide, not US-only). total funds raised 2018",https://www.sec.gov/Archives/edgar/data/52749/000114420419032853/tv524030_exh99d.htm,full document read
2019,Israel Bonds purchasers (worldwide),State of Israel,1350000000,USD,sale,"reported figure (issuer annual report, source: Ministry of Finance)","Israel Bonds annual funds raised (worldwide, not US-only). total funds raised 2019 per 2020 18-K. CONFLICT: 2021-2025 18-Ks state 2019 = 1.31bn",https://www.sec.gov/Archives/edgar/data/52749/000110465920078446/tm2023650-1_ex99d.htm,full document read
2020,Israel Bonds purchasers (worldwide),State of Israel,1810000000,USD,sale,"reported figure (issuer annual report, source: Ministry of Finance)","Israel Bonds annual funds raised (worldwide, not US-only). total funds raised 2020 per 2021-2022 18-Ks. CONFLICT: 2023-2025 18-K tables give 1.78bn",https://www.sec.gov/Archives/edgar/data/52749/000110465921087068/tm2120271-1_ex99d.htm,full document read
2021,Israel Bonds purchasers (worldwide),State of Israel,1350000000,USD,sale,"reported figure (issuer annual report, source: Ministry of Finance)","Israel Bonds annual funds raised (worldwide, not US-only). total funds raised 2021 (text rounds to 1.4bn; table 1.35bn)",https://www.sec.gov/Archives/edgar/data/52749/000110465922076137/tm2218494d1-ex99d.htm,full document read
2022,Israel Bonds purchasers (worldwide),State of Israel,1310000000,USD,sale,"reported figure (issuer annual report, source: Ministry of Finance)","Israel Bonds annual funds raised (worldwide, not US-only). total funds raised 2022",https://www.sec.gov/Archives/edgar/data/52749/000110465923076666/tm23196601d1-ex99d.htm,full document read
2023,Israel Bonds purchasers (worldwide),State of Israel,2720000000,USD,sale,"reported figure (issuer annual report, source: Ministry of Finance)","Israel Bonds annual funds raised (worldwide, not US-only). total funds raised 2023; filing says war from Oct 2023 followed by increased investment",https://www.sec.gov/Archives/edgar/data/52749/000110465924076679/tm2418083d1_ex99d.htm,full document read
2024,Israel Bonds purchasers (worldwide),State of Israel,2500000000,USD,sale,"reported figure (issuer annual report, source: Ministry of Finance)","Israel Bonds annual funds raised (worldwide, not US-only). total funds raised 2024 per 2025 18-K. CONFLICT: 2026 18-K table gives 2.53bn",https://www.sec.gov/Archives/edgar/data/52749/000110465925064228/tm2519363d1_ex99d.htm,full document read
2025,Israel Bonds purchasers (worldwide),State of Israel,2400000000,USD,sale,"reported figure (issuer annual report, source: Ministry of Finance)","Israel Bonds annual funds raised (worldwide, not US-only). total funds raised 2025 (table 2.40)",https://www.sec.gov/Archives/edgar/data/52749/000110465926079237/tm2619146d1_ex99-d.htm,full document read
2001-12-31,Israel Bonds purchasers (worldwide),State of Israel,21400000000,USD,sale,reported figure (cumulative),Cumulative sales of State of Israel Bonds since 1951,https://www.sec.gov/Archives/edgar/data/52749/000095012302006676/y61816exv99wd.txt,full document read
2002-12-31,Israel Bonds purchasers (worldwide),State of Israel,22700000000,USD,sale,reported figure (cumulative),Cumulative sales of State of Israel Bonds since 1951,https://www.sec.gov/Archives/edgar/data/52749/000095012303007760/y87977exv99wd.htm,full document read
2003-12-31,Israel Bonds purchasers (worldwide),State of Israel,23900000000,USD,sale,reported figure (cumulative),Cumulative sales of State of Israel Bonds since 1951,https://www.sec.gov/Archives/edgar/data/52749/000095012304007902/y98433exv99wd.htm,full document read
2004-12-31,Israel Bonds purchasers (worldwide),State of Israel,25300000000,USD,sale,reported figure (cumulative),Cumulative sales of State of Israel Bonds since 1951,https://www.sec.gov/Archives/edgar/data/52749/000095012305008002/y10148exv99wd.txt,full document read
2012-01/2012-05,Israel Bonds purchasers (worldwide),State of Israel,637400000,USD,sale,reported figure (interim),"Government raised in bond sales through Israel Bonds, Jan-May 31 2012",https://www.sec.gov/Archives/edgar/data/52749/000114420412037354/v316947_ex99d.htm,full document read
2013-01/2013-05,Israel Bonds purchasers (worldwide),State of Israel,485600000,USD,sale,reported figure (interim),"Government raised in bond sales through Israel Bonds, Jan-May 31 2013",https://www.sec.gov/Archives/edgar/data/52749/000114420413037059/v348239_ex99d.htm,full document read
2014-01/2014-04,Israel Bonds purchasers (worldwide),State of Israel,501400000,USD,sale,reported figure (interim),"Government raised in bond sales through Israel Bonds, Jan-Apr 30 2014",https://www.sec.gov/Archives/edgar/data/52749/000114420414040370/v382286_ex99d.htm,full document read
2015-01/2015-04,Israel Bonds purchasers (worldwide),State of Israel,454500000,USD,sale,reported figure (interim),"Government raised in bond sales through Israel Bonds, Jan-Apr 30 2015",https://www.sec.gov/Archives/edgar/data/52749/000114420415039927/v413896_exh99d.htm,full document read
2016-01/2016-03,Israel Bonds purchasers (worldwide),State of Israel,397300000,USD,sale,reported figure (interim),"Government raised in bond sales through Israel Bonds, Q1 2016",https://www.sec.gov/Archives/edgar/data/52749/000114420416110812/v442864_exh99d.htm,full document read
2017-01/2017-05,Israel Bonds purchasers (worldwide),State of Israel,675500000,USD,sale,reported figure (interim),"Government raised in bond sales through Israel Bonds, Jan-May 31 2017",https://www.sec.gov/Archives/edgar/data/52749/000114420417035054/v469708_exh99d.htm,full document read
2018-01/2018-05,Israel Bonds purchasers (worldwide),State of Israel,683000000,USD,sale,reported figure (interim),"Government raised in bond sales through Israel Bonds, Jan-May 31 2018",https://www.sec.gov/Archives/edgar/data/52749/000114420418036472/v496975_exh99d.htm,full document read
2019-01/2019-03,Israel Bonds purchasers (worldwide),State of Israel,481000000,USD,sale,reported figure (interim),"Government raised in bond sales through Israel Bonds, Q1 2019",https://www.sec.gov/Archives/edgar/data/52749/000114420419032853/tv524030_exh99d.htm,full document read
2020-01/2020-03,Israel Bonds purchasers (worldwide),State of Israel,733000000,USD,sale,reported figure (interim),"Government raised in bond sales through Israel Bonds, Q1 2020",https://www.sec.gov/Archives/edgar/data/52749/000110465920078446/tm2023650-1_ex99d.htm,full document read
2001-12-31,Israel Bonds holders,State of Israel,9700000000,USD,sale,reported figure (outstanding stock),"Outstanding balance of bonds/notes issued through Israel Bonds (stock, not annual flow)",https://www.sec.gov/Archives/edgar/data/52749/000095012302006676/y61816exv99wd.txt,full document read
2002-12-31,Israel Bonds holders,State of Israel,9550000000,USD,sale,reported figure (outstanding stock),"Outstanding balance of bonds/notes issued through Israel Bonds (stock, not annual flow)",https://www.sec.gov/Archives/edgar/data/52749/000095012303007760/y87977exv99wd.htm,full document read
2003-12-31,Israel Bonds holders,State of Israel,9900000000,USD,sale,reported figure (outstanding stock),"Outstanding balance of bonds/notes issued through Israel Bonds (stock, not annual flow)",https://www.sec.gov/Archives/edgar/data/52749/000095012304007902/y98433exv99wd.htm,full document read
2004-12-31,Israel Bonds holders,State of Israel,10000000000,USD,sale,reported figure (outstanding stock),"Outstanding balance of bonds/notes issued through Israel Bonds (stock, not annual flow)",https://www.sec.gov/Archives/edgar/data/52749/000095012305008002/y10148exv99wd.txt,full document read
2005-12-31,Israel Bonds holders,State of Israel,10100000000,USD,sale,reported figure (outstanding stock),"Outstanding balance of bonds/notes issued through Israel Bonds (stock, not annual flow)",https://www.sec.gov/Archives/edgar/data/52749/000095012306008433/y22532exv99wd.htm,full document read
2006-12-31,Israel Bonds holders,State of Israel,10000000000,USD,sale,reported figure (outstanding stock),"Outstanding balance of bonds/notes issued through Israel Bonds (stock, not annual flow)",https://www.sec.gov/Archives/edgar/data/52749/000119312507146820/dex99d.htm,full document read
2007-12-31,Israel Bonds holders,State of Israel,9760000000,USD,sale,reported figure (outstanding stock),"Outstanding balance of bonds/notes issued through Israel Bonds (stock, not annual flow)",https://www.sec.gov/Archives/edgar/data/52749/000114420408033977/v115822_ex99d.htm,full document read
2008-12-31,Israel Bonds holders,State of Israel,8320000000,USD,sale,reported figure (outstanding stock),"Outstanding balance of bonds/notes issued through Israel Bonds (stock, not annual flow)",https://www.sec.gov/Archives/edgar/data/52749/000114420409034935/v153226_ex99d.htm,full document read
2009-12-31,Israel Bonds holders,State of Israel,8170000000,USD,sale,reported figure (outstanding stock),"Outstanding balance of bonds/notes issued through Israel Bonds (stock, not annual flow)",https://www.sec.gov/Archives/edgar/data/52749/000114420410034881/v188554_ex99d.htm,full document read
2010-12-31,Israel Bonds holders,State of Israel,7890000000,USD,sale,reported figure (outstanding stock),"Outstanding balance of bonds/notes issued through Israel Bonds (stock, not annual flow)",https://www.sec.gov/Archives/edgar/data/52749/000114420411038331/v226722_ex99d.htm,full document read
2011-12-31,Israel Bonds holders,State of Israel,7400000000,USD,sale,reported figure (outstanding stock),"Outstanding balance of bonds/notes issued through Israel Bonds (stock, not annual flow)",https://www.sec.gov/Archives/edgar/data/52749/000114420412037354/v316947_ex99d.htm,full document read
2012-12-31,Israel Bonds holders,State of Israel,6600000000,USD,sale,reported figure (outstanding stock),"Outstanding balance of bonds/notes issued through Israel Bonds (stock, not annual flow)",https://www.sec.gov/Archives/edgar/data/52749/000114420413037059/v348239_ex99d.htm,full document read
2013-12-31,Israel Bonds holders,State of Israel,5600000000,USD,sale,reported figure (outstanding stock),"Outstanding balance of bonds/notes issued through Israel Bonds (stock, not annual flow)",https://www.sec.gov/Archives/edgar/data/52749/000114420414040370/v382286_ex99d.htm,full document read
2014-12-31,Israel Bonds holders,State of Israel,4800000000,USD,sale,reported figure (outstanding stock),"Outstanding balance of bonds/notes issued through Israel Bonds (stock, not annual flow)",https://www.sec.gov/Archives/edgar/data/52749/000114420415039927/v413896_exh99d.htm,full document read
2015-12-31,Israel Bonds holders,State of Israel,4500000000,USD,sale,reported figure (outstanding stock),"Outstanding balance of bonds/notes issued through Israel Bonds (stock, not annual flow)",https://www.sec.gov/Archives/edgar/data/52749/000114420416110812/v442864_exh99d.htm,full document read
2016-12-31,Israel Bonds holders,State of Israel,4800000000,USD,sale,reported figure (outstanding stock),"Outstanding balance of bonds/notes issued through Israel Bonds (stock, not annual flow)",https://www.sec.gov/Archives/edgar/data/52749/000114420417035054/v469708_exh99d.htm,full document read
2017-12-31,Israel Bonds holders,State of Israel,5000000000,USD,sale,reported figure (outstanding stock),"Outstanding balance of bonds/notes issued through Israel Bonds (stock, not annual flow)",https://www.sec.gov/Archives/edgar/data/52749/000114420418036472/v496975_exh99d.htm,full document read
2018-12-31,Israel Bonds holders,State of Israel,5200000000,USD,sale,reported figure (outstanding stock),"Outstanding balance of bonds/notes issued through Israel Bonds (stock, not annual flow)",https://www.sec.gov/Archives/edgar/data/52749/000114420419032853/tv524030_exh99d.htm,full document read
2019-12-31,Israel Bonds holders,State of Israel,5200000000,USD,sale,reported figure (outstanding stock),"Outstanding balance of bonds/notes issued through Israel Bonds (stock, not annual flow)",https://www.sec.gov/Archives/edgar/data/52749/000110465920078446/tm2023650-1_ex99d.htm,full document read
2020-12-31,Israel Bonds holders,State of Israel,5700000000,USD,sale,reported figure (outstanding stock),"Outstanding balance of bonds/notes issued through Israel Bonds (stock, not annual flow)",https://www.sec.gov/Archives/edgar/data/52749/000110465921087068/tm2120271-1_ex99d.htm,full document read
2021-12-31,Israel Bonds holders,State of Israel,5400000000,USD,sale,reported figure (outstanding stock),"Outstanding balance of bonds/notes issued through Israel Bonds (stock, not annual flow)",https://www.sec.gov/Archives/edgar/data/52749/000110465922076137/tm2218494d1-ex99d.htm,full document read
2022-12-31,Israel Bonds holders,State of Israel,5400000000,USD,sale,reported figure (outstanding stock),"Outstanding balance of bonds/notes issued through Israel Bonds (stock, not annual flow)",https://www.sec.gov/Archives/edgar/data/52749/000110465923076666/tm23196601d1-ex99d.htm,full document read
2023-12-31,Israel Bonds holders,State of Israel,6400000000,USD,sale,reported figure (outstanding stock),"Outstanding balance of bonds/notes issued through Israel Bonds (stock, not annual flow)",https://www.sec.gov/Archives/edgar/data/52749/000110465924076679/tm2418083d1_ex99d.htm,full document read
2024-12-31,Israel Bonds holders,State of Israel,7300000000,USD,sale,reported figure (outstanding stock),"Outstanding balance of bonds/notes issued through Israel Bonds (stock, not annual flow)",https://www.sec.gov/Archives/edgar/data/52749/000110465925064228/tm2519363d1_ex99d.htm,full document read
2025-12-31,Israel Bonds holders,State of Israel,7500000000,USD,sale,reported figure (outstanding stock),"Outstanding balance of bonds/notes issued through Israel Bonds (stock, not annual flow)",https://www.sec.gov/Archives/edgar/data/52749/000110465926079237/tm2619146d1_ex99-d.htm,full document read
2025,Israel Bonds purchasers (worldwide),State of Israel,2400000000,USD,sale,"reported figure (Accountant General, Govt Debt Management Unit annual report 2025)",Israel Bonds raised roughly USD 2.4bn in 2025 (vs approx 2.5bn in 2024); stock approx 7.5bn end-2025,https://www.gov.il/BlobFolder/dynamiccollectorresultitem/annual-debt-report-2025/en/files-eng_Annual-Debt-Reports_annual-debt-report-2025-accessible-version-en.pdf,full document read
2025,Israel Bonds purchasers (worldwide),State of Israel,8300000000,ILS,sale,reported figure (Accountant General annual debt report 2025),Capital raising via Israel Bonds Organization ~NIS 8.3bn in 2025,https://www.gov.il/BlobFolder/dynamiccollectorresultitem/annual-debt-report-2025/en/files-eng_Annual-Debt-Reports_annual-debt-report-2025-accessible-version-en.pdf,full document read
2023-10-12,"US states, municipalities, an institution",State of Israel,150000000,USD,sale,reported figure (DCI press release; interested party),"Of >$200M sales/commitments since war began; purchasers named: PA, FL DFS, IL Treasurer, NY Common Retirement Fund, TX Comptroller, OH Treasurer, Palm Beach County, Cross River",https://israelbonds.com/press-release/israel-bonds-raises-200-million-since-the-war-broke-out-in-israel-including-150-million-from-us-states-and-local-governments/,full document read
2023-10-07/2023-11-06,Israel Bonds purchasers (worldwide),State of Israel,1000000000,USD,sale,reported figure (DCI press release; interested party),$1bn in sales within 30 days of Oct 7 (as stated in 16 Oct 2025 release),https://israelbonds.com/press-release/two-years-since-the-october-7-attacks-as-ceasefire-continues-to-hold-israel-bonds-announces-record-5-7-billion-in-global-investments/,full document read
2023-10-07/2024-04-17,US state and municipal governments (35+),State of Israel,1700000000,USD,sale,reported figure (DCI press release; interested party),35+ US state/municipal governments invested $1.7bn since Oct 7; Palm Beach County $700M stated as largest investor. Global total >$3bn,https://israelbonds.com/press-release/israel-bonds-surpasses-3-billion-in-global-sales-since-october-7th/,full document read
2024-01-01/2024-08-15,Israel Bonds purchasers (worldwide),State of Israel,2000000000,USD,sale,reported figure (DCI press release; interested party),Over $2bn worldwide purchases Jan 1-Aug 15 2024,https://israelbonds.com/?p=3908,full document read
2023-10-07/2025-06-04,Israel Bonds purchasers (worldwide),State of Israel,5000000000,USD,sale,reported figure (DCI press release; interested party),More than $5bn global investments in 19 months after Oct 7,https://israelbonds.com/press-release/a-5-billion-act-of-faith-global-support-for-israel-bonds-surges-after-october-7/,full document read
2023-10-07/2025-10-16,Israel Bonds purchasers (worldwide),State of Israel,5700000000,USD,sale,reported figure (DCI press release; interested party),$5.7bn global investments in two years since Oct 7,https://israelbonds.com/press-release/two-years-since-the-october-7-attacks-as-ceasefire-continues-to-hold-israel-bonds-announces-record-5-7-billion-in-global-investments/,full document read
2023-10-12,Pennsylvania Treasury Department,State of Israel,20000000,USD,sale,official state release,Additional Israel bonds; brings PA holding to about $56M (from nearly $36M),https://www.patreasury.gov/newsroom/archive/2023/10-12-Israel-Bonds.html,full document read
2025-06-16,Pennsylvania Treasury Department,State of Israel,25000000,USD,sale,official state release,Additional $25M; PA holding $64.5M as of July 1 [2025]; return 4.96%,https://www.patreasury.gov/newsroom/archive/2025/06-16-Israel-Bonds.html,full document read
2023-10-13,Georgia State Treasurer (at Governor direction),State of Israel,10000000,USD,sale,official state release (Governor),Brings Georgia current Israel bond holding to $25M; $50M aggregate purchased under Gov. Kemp,https://gov.georgia.gov/press-releases/2023-10-13/gov-kemp-georgia-buys-10m-israeli-bonds-support-defense-efforts,full document read
2019-03-01,Ohio Treasurer of State,State of Israel,10000000,USD,sale,official state release,5-yr fixed,https://www.tos.ohio.gov/newsroom/article/ohio-treasurer-robert-sprague-announces-10-million-israel-bond-purchase,full document read
2020-09-15,Ohio Treasurer of State,State of Israel,35000000,USD,sale,official state release,2/3/5-yr; Ohio holds $220M after; 2020 purchases $105M,https://www.tos.ohio.gov/newsroom/article/treasurer-sprague-announces-35-million-israel-bond-purchase,full document read
2022-05-02,Ohio Treasurer of State,State of Israel,22500000,USD,sale,official state release,5-yr; Ohio holds $192.5M after,https://www.tos.ohio.gov/newsroom/article/treasurer-sprague-announces-225-million-israel-bond-purchase,full document read
2023-02-01,Ohio Treasurer of State,State of Israel,20000000,USD,sale,official state release,"5-yr, 4.46%; Ohio holds $182.5M after",https://www.tos.ohio.gov/newsroom/article/treasurer-sprague-announces-20-million-israel-bond-purchase,full document read
2023-09-05,Ohio Treasurer of State,State of Israel,5000000,USD,sale,official state release,"5-yr, 5.43%; Ohio holds $167.5M after (as stated)",https://www.tos.ohio.gov/newsroom/article/treasurer-sprague-announces-5-million-israel-bond-purchase,full document read
2023-10-11,Ohio Treasurer of State,State of Israel,20000000,USD,sale,official state release,"announced plan; 5-yr, 5.74%; Ohio to hold $187.5M",https://www.tos.ohio.gov/newsroom/article/treasurer-sprague-announces-plans-for-20-million-israel-bond-purchase,full document read
2024-02-08,Ohio Treasurer of State,State of Israel,30000000,USD,sale,official state release,"3-yr, 4.81%; Ohio holds $262.5M after",https://www.tos.ohio.gov/newsroom/article/treasurer-sprague-announces-30-million-israel-bond-purchase,full document read
2024-03-15,Ohio Treasurer of State,State of Israel,15000000,USD,sale,official state release,"2-yr, 5.09%; Ohio holds $262.5M after",https://www.tos.ohio.gov/newsroom/article/treasurer-sprague-announces-15-million-israel-bond-purchase,full document read
2024-05-03,Ohio Treasurer of State,State of Israel,30000000,USD,sale,official state release,"2-yr, 5.37%; replaces $30M matured; holds $262.5M",https://www.tos.ohio.gov/newsroom/article/sprague-announces-30-million-israel-bond-purchase,full document read
2025-02-07,Ohio Treasurer of State,State of Israel,35000000,USD,sale,official state release,"2-yr, 4.78%; replaces $35M matured; holds $262.5M",https://www.tos.ohio.gov/newsroom/article/treasurer-robert-sprague-announces-35-million-israel-bond-purchase,full document read
2023-10-11,Florida Treasury (CFO/Dept of Financial Services),State of Israel,25000000,USD,sale,official state release (read via Wayback; live URL 404),Brings Florida total current holding to $80M; $190M purchased since 2017,https://web.archive.org/web/2024/https://myfloridacfo.com/news/pressreleases/press-release-details/2023/10/11/cfo-jimmy-patronis--florida-treasury-to-purchase--25-million-in-israel-bonds,full document read (archived copy)
2023-10-31,Florida Treasury,State of Israel,120000000,USD,sale,official state release (Wayback copy),Brings Florida Treasury holding to $200M; $310M purchased since 2017,https://web.archive.org/web/2024/https://myfloridacfo.com/news/pressreleases/press-release-details/2023/10/31/cfo-jimmy-patronis--florida-treasury-to-purchase-additional--120-million-in-israel-bonds,full document read (archived copy)
2023-12-19,Florida State Board of Administration,State of Israel,25000000,USD,sale,official state release (Wayback copy),SBA total Israel bond investment ~ $60M after purchase,https://web.archive.org/web/2024/https://myfloridacfo.com/news/pressreleases/press-release-details/2023/12/19/photo---b-roll-release-cfo-jimmy-patronis--florida-sba-purchases-additional--25-million-in-israel-bonds,full document read (archived copy)
2024-03-19,Florida Treasury,State of Israel,50000000,USD,sale,official state release (Wayback copy),Treasury holds $250M after. CONFLICT: israelbonds.com listing (18 Mar 2024) says $55M,https://web.archive.org/web/2024/https://myfloridacfo.com/news/pressreleases/press-release-details/2024/03/19/cfo-jimmy-patronis--florida-treasury-purchases-additional--50-million-in-israel-bonds,full document read (archived copy)
2023-10-13,New York State Common Retirement Fund,State of Israel,20000000,USD,sale,official state release,"10-yr, 5.96% coupon; fund Israel bond holdings ~ $267.8M as of Oct 2023",https://www.osc.ny.gov/press/releases/2023/10/dinapoli-ny-state-pension-fund-purchases-20-million-state-israel-bonds,full document read
2023-10-13,Texas Comptroller of Public Accounts (State Treasury),State of Israel,20000000,USD,sale,official state release,"5-yr, 5.74%; Texas to hold nearly $100M after",https://comptroller.texas.gov/about/media-center/news/20231013-texas-comptroller-glenn-hegar-announces-plans-to-make-20-million-purchase-in-israel-bonds-1697212130180,full document read
2023-11-02,Texas Comptroller of Public Accounts (State Treasury),State of Israel,45000000,USD,sale,official state release,Texas to hold about $140M after; $185M purchased under Hegar,https://comptroller.texas.gov/about/media-center/news/20231102-texas-comptroller-glenn-hegar-announces-45-million-purchase-in-israel-bonds-1698872583849,full document read
1997-04-08,US Government (FMS),Government of Israel,200000000,USD,arms sale,notification; estimated value (DSCA/State),"15 UH-60L Blackhawk helicopters, 30+4 GE engines (Transmittal 97-12); MDE $175M. Contractor not named in FR text",https://www.govinfo.gov/content/pkg/FR-1997-04-16/html/97-9740.htm,full document read
2008-09-26,US Government (FMS),Government of Israel,15200000000,USD,arms sale,notification; estimated value (DSCA/State),F-35 (Transmittal 08-83): initial 25 F-35 CTOL + option 50; value per 2024 FR amendment 24-0E which states est. total $15.2bn (original 2008 notice not read),https://www.govinfo.gov/content/pkg/FR-2025-11-18/html/2025-20033.htm,full document read (amendment only)
2010-08-05,US Government (FMS),Government of Israel,2000000000,USD,arms sale,notification; estimated value (DSCA/State),"Fuel: 60M gal unleaded gasoline, 284M gal JP-8, 100M gal diesel (10-41). Vendors unknown/competitive bid",https://media.defense.gov/2024/Dec/11/2003606420/-1/-1/0/ISRAEL_10-41_0.PDF,full document read (rendered PDF)
2012-12-14,US Government (FMS),Government of Israel,647000000,USD,arms sale,notification; estimated value (DSCA/State),"6,900 JDAM tail kits, MK-84/MK-82/BLU-109 bombs, 3,450 GBU-39 SDB, fuzes (12-69). Principal contractors: Boeing (St. Charles MO), KDI Precision Products, ATK et al. Raised to $1.54bn by 25-0C (2025-02-28)",https://www.govinfo.gov/content/pkg/FR-2012-12-31/html/2012-31429.htm,full document read
2013-04-16,US Government (FMS),Government of Israel,2670000000,USD,arms sale,notification; estimated value (DSCA/State),864M gallons JP-8/diesel/unleaded (13-20). Vendors unknown/competitive bid,https://media.defense.gov/2024/Dec/11/2003606422/-1/-1/0/ISRAEL_13-20_0.PDF,full document read (rendered PDF)
2014-01-13,US Government (FMS),Government of Israel,1130000000,USD,arms sale,notification; estimated value (DSCA/State),"6 V-22B Block C aircraft, 16 RR AE1107C engines etc. (13-73). Principal contractors: Bell and Boeing JV",https://media.defense.gov/2024/Dec/11/2003606415/-1/-1/0/ISRAEL_13-73.PDF,full document read (rendered PDF)
2014-07-14,US Government (FMS),Government of Israel,544000000,USD,arms sale,notification; estimated value (DSCA/State),"Up to 600 AIM-9X-2 Sidewinder Block II (14-31). Principal contractor: Raytheon Missile Systems, Tucson AZ",https://www.govinfo.gov/content/pkg/FR-2014-07-23/html/2014-17291.htm,full document read
2015-05-18,US Government (FMS),Government of Israel,1879000000,USD,arms sale,notification; estimated value (DSCA/State),"14,500 JDAM tail kits, Mk-82/83 bombs, 50 BLU-113, 4,100 GBU-39, 3,000 AGM-114K/R Hellfire, 250 AIM-120C etc. (15-36). Principal contractor: Boeing St. Louis. NOTE: DSCA PDF lede erroneously describes an Indonesia AIM-9X-2 $47M sale; date from that lede",https://www.govinfo.gov/content/pkg/FR-2015-06-03/html/2015-13478.htm,full document read
2016-07-05,US Government (FMS),Government of Israel,300000000,USD,arms sale,notification; estimated value (DSCA/State),"Excess SH-60F Sea Hawk helicopter equipment & support; 12 T-700 GE 401C engines (16-40). Principal contractors: Science and Engineering Services LLC (Huntsville AL), GE (Lynn MA)",https://media.defense.gov/2024/Dec/11/2003606419/-1/-1/0/ISRAEL_16-40.PDF,full document read (rendered PDF)
2017-04-26,US Government (FMS),Government of Israel,440000000,USD,arms sale,notification; estimated value (DSCA/State),13 76mm naval guns (16-87). Principal contractor: DRS North America (Leonardo),https://www.govinfo.gov/content/pkg/FR-2017-05-08/html/2017-09233.htm,full document read
2019-02-12,US Government (FMS),Government of Israel,238000000,USD,arms sale,notification; estimated value (DSCA/State),"Namer APC power packs less transmission (240+30) (19-05). Prime: MTU America, Novi MI",https://www.govinfo.gov/content/pkg/FR-2019-03-13/html/2019-04638.htm,full document read
2020-03-03,US Government (FMS),Government of Israel,2400000000,USD,arms sale,notification; estimated value (DSCA/State),"Up to 8 KC-46 tankers, 17 PW4062 engines (20-12). Contractors: Boeing (Everett WA), Raytheon (MAGR 2K)",https://www.govinfo.gov/content/pkg/FR-2020-03-17/html/2020-05387.htm,full document read
2020-07-06,US Government (FMS),Government of Israel,3000000000,USD,arms sale,notification; estimated value (DSCA/State),~990M gallons JP-8/diesel/unleaded (20-44). Vendors via DLA Energy competitive bid,https://www.govinfo.gov/content/pkg/FR-2020-08-26/html/2020-18699.htm,full document read
2021-07-30,US Government (FMS),Government of Israel,3400000000,USD,arms sale,notification; estimated value (DSCA/State),"Up to 18 CH-53K, 60 T408 engines (21-52); FMF-funded. Prime: Lockheed Martin Global",https://www.govinfo.gov/content/pkg/FR-2023-04-03/html/2023-06846.htm,full document read
2023-12-08,US Government (FMS),Government of Israel,106500000,USD,arms sale,emergency sale (AECA 36(b) review waived); estimated value (DSCA/State),"13,981 120mm M830A1 MPAT tank cartridges (24-15); from US Army inventory; Secretary of State emergency determination",https://www.govinfo.gov/content/pkg/FR-2024-12-16/html/2024-29493.htm,full document read
2023-12-29,US Government (FMS),Government of Israel,147500000,USD,arms sale,emergency sale (AECA 36(b) review waived); estimated value (DSCA/State),"155mm projectiles/ancillaries (24-16), building on cases below threshold ($96.51M) incl 4,792 M107 + 52,229 M795; Army stock. Raised to $460M by 24-0U (2025-02-07)",https://www.govinfo.gov/content/pkg/FR-2024-12-26/html/2024-30635.htm,full document read
2024-08-01,US Government (FMS),Government of Israel,96600000,USD,arms sale,notification (36(b)(5)(C) amendment); estimated value (DSCA/State),24-0E: additional F-35 spare engines MDE under 08-83; total stays $15.2bn,https://www.govinfo.gov/content/pkg/FR-2025-11-18/html/2025-20033.htm,full document read
2024-08-13,US Government (FMS),Government of Israel,18820000000,USD,arms sale,notification; estimated value (DSCA/State),Up to 50 F-15IA + MLU kits for 25 F-15I (24-01); FMF. Prime: Boeing St. Louis,https://www.govinfo.gov/content/pkg/FR-2025-11-18/html/2025-20065.htm,full document read
2024-08-13,US Government (FMS),Government of Israel,102500000,USD,arms sale,notification; estimated value (DSCA/State),30 AIM-120C-8 AMRAAM (24-08). Prime: RTX Tucson. Raised to $407.5M by 25-0E (2025-02-03),https://www.govinfo.gov/content/pkg/FR-2025-11-18/html/2025-20066.htm,full document read
2024-08-13,US Government (FMS),Government of Israel,774100000,USD,arms sale,notification; estimated value (DSCA/State),"32,739 120mm tank cartridges (24-10). Principal: General Dynamics OTS (St. Petersburg FL), Northrop Grumman",https://www.govinfo.gov/content/pkg/FR-2025-11-18/html/2025-20067.htm,full document read
2024-08-13,US Government (FMS),Government of Israel,61100000,USD,arms sale,notification; estimated value (DSCA/State),"Amendment adding 50,000 M933A1 120mm HE mortar cartridges with M783 fuzes to case IS-B-VAT (24-39). Principal: General Dynamics OTS (Quebec)",https://www.govinfo.gov/content/pkg/FR-2025-11-18/html/2025-20068.htm,full document read
2024-08-13,US Government (FMS),Government of Israel,583100000,USD,arms sale,notification; estimated value (DSCA/State),"Additional M1148A1P2 FMTV LHS 8-ton cargo trucks, case IS-B-ZZC (24-44). Principal: Oshkosh Corporation",https://www.govinfo.gov/content/pkg/FR-2025-11-18/html/2025-20075.htm,full document read
2024-09-12,US Government (FMS),Government of Israel,164600000,USD,arms sale,notification; estimated value (DSCA/State),"Additional Heavy Duty Tank Trailers, case IS-B-ZJY (24-73). Principal: Leonardo DRS",https://www.govinfo.gov/content/pkg/FR-2025-11-20/html/2025-20421.htm,full document read
2025-02-03,US Government (FMS),Government of Israel,305000000,USD,arms sale,notification (36(b)(5)(C) amendment); estimated value (DSCA/State),"25-0E: increase to 24-08 AMRAAM case, to revised $407.5M",https://www.govinfo.gov/content/pkg/FR-2026-02-02/html/2026-02054.htm,full document read
2025-02-07,US Government (FMS),Government of Israel,6750000000,USD,arms sale,notification; estimated value (DSCA/State),"2,166 GBU-39 SDB-I, 2,800 MK-82, 13,000+3,475+1,004 JDAM kits, fuzes (24-13). Contractors: Boeing (St. Louis), ATK Tactical Systems, L3Harris Fuzing, McAlester AAP. Raised to $6.959bn by 26-0O (2026-03-06)",https://www.dsca.mil/Press-Media/Major-Arms-Sales/Article-Display/Article/4060920/israel-munitions-guidance-kits-fuzes-and-munitions-support,full document read
2025-02-07,US Government (FMS),Government of Israel,660000000,USD,arms sale,notification; estimated value (DSCA/State),"3,000 AGM-114 Hellfire (24-104). Principal: Lockheed Martin, Troy AL",https://www.govinfo.gov/content/pkg/FR-2026-01-16/html/2026-00767.htm,full document read
2025-02-07,US Government (FMS),Government of Israel,312500000,USD,arms sale,notification (36(b)(5)(C) amendment); estimated value (DSCA/State),"24-0U: increase to 24-16 155mm case, to $460M",https://www.govinfo.gov/content/pkg/FR-2026-01-13/html/2026-00444.htm,full document read
2025-02-28,US Government (FMS),Government of Israel,295000000,USD,arms sale,emergency sale (DSCA page states emergency determination); estimated value (DSCA/State),D9R/D9T Caterpillar bulldozers (24-38). Principal: Caterpillar Inc.,https://www.govinfo.gov/content/pkg/FR-2026-02-02/html/2026-02063.htm,full document read
2025-02-28,US Government (FMS),Government of Israel,675700000,USD,arms sale,emergency sale (emergency determination stated); estimated value (DSCA/State),"201 MK 83 + 4,799 BLU-110A/B bomb bodies; 1,500 KMU-559C/B + 3,500 KMU-559J/B JDAM kits (25-26). Principal: Repkon USA (Tampa), Boeing (St. Charles)",https://www.govinfo.gov/content/pkg/FR-2026-02-02/html/2026-02079.htm,full document read
2025-02-28,US Government (FMS),Government of Israel,2040000000,USD,arms sale,emergency sale (emergency determination stated); estimated value (DSCA/State),"35,529 MK 84/BLU-117 bomb bodies; 4,000 I-2000 penetrator warheads (25-34). Prime: General Dynamics (Garland TX), Ellwood National Forge, McAlester AAP",https://www.govinfo.gov/content/pkg/FR-2026-02-02/html/2026-02077.htm,full document read
2025-02-28,US Government (FMS),Government of Israel,893000000,USD,arms sale,notification (36(b)(5)(C) amendment); estimated value (DSCA/State),"25-0C: value increase to 12-69 JDAM case, to $1.54bn",https://www.govinfo.gov/content/pkg/FR-2026-02-02/html/2026-02053.htm,full document read
2025-03-01,US Department of State,Government of Israel,4000000000,USD,arms sale,emergency declaration (approx. value); estimated value (DSCA/State),Secretary Rubio declaration using emergency authorities to expedite ~ $4bn military assistance; states nearly $12bn FMS approved since Jan 2025,https://www.state.gov/military-assistance-to-israel,full document read
2025-04-14,US Government (FMS),Government of Israel,180000000,USD,arms sale,notification; estimated value (DSCA/State),"Additional Eitan 8V199TE21-D powerpack engines, case IS-B-ZMU (25-28). Principal: Rolls-Royce Solutions America",https://www.govinfo.gov/content/pkg/FR-2026-01-12/html/2026-00312.htm,full document read
2025-06-30,US Government (FMS),Government of Israel,510000000,USD,arms sale,notification; estimated value (DSCA/State),"3,845 KMU-558B/B + 3,280 KMU-572F/B JDAM guidance kits (25-59). Principal: Boeing St. Charles MO",https://www.govinfo.gov/content/pkg/FR-2026-01-26/html/2026-01342.htm,full document read
2026-01-30,US Government (FMS),Government of Israel,3800000000,USD,arms sale,notification; estimated value (DSCA/State),"30 AH-64E Apache, 70 T700 engines (25-94). Principal: Boeing (Arlington VA), Lockheed Martin (Orlando)",https://www.govinfo.gov/content/pkg/FR-2026-03-17/html/2026-05142.htm,full document read
2026-01-30,US Government (FMS),Government of Israel,1980000000,USD,arms sale,notification; estimated value (DSCA/State),"3,250 JLTVs (25-87). Principal: AM General",https://www.govinfo.gov/content/pkg/FR-2026-03-17/html/2026-05143.htm,full document read
2026-01-30,US Government (FMS),Government of Israel,740000000,USD,arms sale,notification; estimated value (DSCA/State),Namer APC power packs less transmissions + ILS (25-86). Principal: Rolls-Royce Solutions America,https://www.govinfo.gov/content/pkg/FR-2026-03-17/html/2026-05144.htm,full document read
2026-01-30,US Government (FMS),Government of Israel,150000000,USD,arms sale,notification; estimated value (DSCA/State),AW119Kx light utility helicopters (26-08). Principal: Leonardo Helicopters USA / AgustaWestland Philadelphia,https://www.govinfo.gov/content/pkg/FR-2026-03-17/html/2026-05139.htm,full document read
2026-03-06,US Government (FMS),Government of Israel,151800000,USD,arms sale,notification; estimated value (DSCA/State),"12,000 BLU-110A/B 1,000-lb bomb bodies (26-32); partly from stock. Principal: Repkon USA (Garland TX)",https://www.govinfo.gov/content/pkg/FR-2026-04-14/html/2026-07238.htm,full document read
2026-03-06,US Government (FMS),Government of Israel,209000000,USD,arms sale,notification (36(b)(5)(C) amendment); estimated value (DSCA/State),26-0O: additional MDE (incl. BLU-111) to 24-13; revised total $6.959bn,https://www.govinfo.gov/content/pkg/FR-2026-04-15/html/2026-07243.htm,full document read
2026-05-01,US Government (FMS),Government of Israel,992400000,USD,arms sale,notification; estimated value (DSCA/State),"10,000 APKWS-II all up rounds (FR transmittal). Principal: BAE Systems, Nashua NH",https://www.govinfo.gov/content/pkg/FR-2026-05-14/html/2026-09646.htm,full document read
FY2015,US exporters (DCS licences),Government of Israel,1919075506,USD,arms sale,authorization (State Dept section 655 report; copy hosted by SIPRI),"DCS authorized value FY2015; shipped value $209,906,155",https://www.sipri.org/sites/default/files/US_655_FY2015_3.pdf,full document read (Israel rows)
FY2016,US exporters (DCS licences),Government of Israel,783623486,USD,arms sale,authorization (State Dept section 655 report; copy hosted by SIPRI),"DCS authorized value FY2016; shipped value $77,466,675",https://www.sipri.org/sites/default/files/2018-10/us_655_fy2016.pdf,full document read (Israel rows)
1993-2025,All suppliers,Government of Israel,17638,SIPRI TIV (millions),arms transfer volume,research-institute estimate (SIPRI; TIV is not a price),Deliveries of major arms to Israel 1993-2025; annual series in markdown,"https://armstransfers.sipri.org (backend query atbackend.sipri.org/api/p/trades/import-export-csv-str, run 2026-10-08)",full dataset query
1993-2025,United States,Government of Israel,14234,SIPRI TIV (millions),arms transfer volume,research-institute estimate (SIPRI; TIV is not a price),Deliveries of major arms to Israel 1993-2025; annual series in markdown,"https://armstransfers.sipri.org (backend query atbackend.sipri.org/api/p/trades/import-export-csv-str, run 2026-10-08)",full dataset query
1993-2025,Germany,Government of Israel,3061,SIPRI TIV (millions),arms transfer volume,research-institute estimate (SIPRI; TIV is not a price),Deliveries of major arms to Israel 1993-2025; annual series in markdown,"https://armstransfers.sipri.org (backend query atbackend.sipri.org/api/p/trades/import-export-csv-str, run 2026-10-08)",full dataset query
1993-2025,Italy,Government of Israel,293,SIPRI TIV (millions),arms transfer volume,research-institute estimate (SIPRI; TIV is not a price),Deliveries of major arms to Israel 1993-2025; annual series in markdown,"https://armstransfers.sipri.org (backend query atbackend.sipri.org/api/p/trades/import-export-csv-str, run 2026-10-08)",full dataset query
1993-2025,France,Government of Israel,16,SIPRI TIV (millions),arms transfer volume,research-institute estimate (SIPRI; TIV is not a price),Deliveries of major arms to Israel 1993-2025; annual series in markdown,"https://armstransfers.sipri.org (backend query atbackend.sipri.org/api/p/trades/import-export-csv-str, run 2026-10-08)",full dataset query
1993-2025,United Kingdom,Government of Israel,,SIPRI TIV (millions),arms transfer volume,research-institute estimate (SIPRI),Query returned no Israel row (no deliveries identified in range),"https://armstransfers.sipri.org (backend query atbackend.sipri.org/api/p/trades/import-export-csv-str, run 2026-10-08)",full dataset query
