Country,year,Yes,No,Abstain,Absent
CAN,2023,0,0,1,0
CAN,2024,8,3,5,0
CAN,2025,11,1,2,0
DEU,2023,1,0,0,0
DEU,2024,11,1,4,0
DEU,2025,10,1,3,0
EGY,2023,1,0,0,0
EGY,2024,16,0,0,0
EGY,2025,14,0,0,0
ESP,2023,0,0,1,0
ESP,2024,13,0,3,0
ESP,2025,13,0,1,0
FRA,2023,1,0,0,0
FRA,2024,12,0,4,0
FRA,2025,12,0,2,0
GBR,2023,1,0,0,0
GBR,2024,11,2,3,0
GBR,2025,11,0,3,0
IRL,2023,1,0,0,0
IRL,2024,14,0,2,0
IRL,2025,13,0,1,0
IRN,2023,1,0,0,0
IRN,2024,16,0,0,0
IRN,2025,14,0,0,0
NOR,2023,1,0,0,0
NOR,2024,14,0,2,0
NOR,2025,13,0,1,0
QAT,2023,1,0,0,0
QAT,2024,16,0,0,0
QAT,2025,14,0,0,0
TUR,2023,1,0,0,0
TUR,2024,16,0,0,0
TUR,2025,14,0,0,0
USA,2023,0,0,1,0
USA,2024,1,13,2,0
USA,2025,0,14,0,0
