Country,year,Yes,No,Abstain,Absent,yes_share,modal
CAN,1993,12,1,8,0,0.571,Yes
CAN,1994,14,0,6,0,0.7,Yes
CAN,1995,14,0,6,0,0.7,Yes
CAN,1996,16,0,6,0,0.727,Yes
CAN,1997,17,0,5,0,0.773,Yes
CAN,1998,17,0,5,0,0.773,Yes
CAN,1999,16,0,5,0,0.762,Yes
CAN,2000,16,0,6,0,0.727,Yes
CAN,2001,17,0,6,0,0.739,Yes
CAN,2002,15,0,6,0,0.714,Yes
CAN,2003,15,0,5,0,0.75,Yes
CAN,2004,12,2,4,0,0.667,Yes
CAN,2005,11,3,2,0,0.688,Yes
CAN,2006,9,6,4,0,0.474,Yes
CAN,2007,7,6,3,0,0.438,Yes
CAN,2008,7,7,3,0,0.412,Yes
CAN,2009,6,8,4,0,0.333,No
CAN,2010,6,7,4,0,0.353,No
CAN,2011,1,16,2,0,0.053,No
CAN,2012,0,17,2,0,0.0,No
CAN,2013,0,16,2,0,0.0,No
CAN,2014,0,16,2,0,0.0,No
CAN,2015,0,16,2,0,0.0,No
CAN,2016,0,13,1,0,0.0,No
CAN,2017,0,17,3,0,0.0,No
CAN,2018,0,15,3,0,0.0,No
CAN,2019,2,12,2,0,0.125,No
CAN,2020,2,13,2,0,0.118,No
CAN,2021,2,9,2,0,0.154,No
CAN,2022,2,11,2,0,0.133,No
CAN,2023,3,8,1,0,0.25,No
DEU,1993,12,1,8,0,0.571,Yes
DEU,1994,13,0,6,1,0.684,Yes
DEU,1995,14,0,6,0,0.7,Yes
DEU,1996,17,0,5,0,0.773,Yes
DEU,1997,18,0,4,0,0.818,Yes
DEU,1998,18,0,4,0,0.818,Yes
DEU,1999,17,0,4,0,0.81,Yes
DEU,2000,18,0,4,0,0.818,Yes
DEU,2001,18,0,5,0,0.783,Yes
DEU,2002,16,0,5,0,0.762,Yes
DEU,2003,14,0,6,0,0.7,Yes
DEU,2004,13,0,5,0,0.722,Yes
DEU,2005,13,0,3,0,0.812,Yes
DEU,2006,14,0,5,0,0.737,Yes
DEU,2007,12,0,4,0,0.75,Yes
DEU,2008,13,0,4,0,0.765,Yes
DEU,2009,13,1,4,0,0.722,Yes
DEU,2010,12,0,5,0,0.706,Yes
DEU,2011,15,0,4,0,0.789,Yes
DEU,2012,14,0,5,0,0.737,Yes
DEU,2013,14,0,4,0,0.778,Yes
DEU,2014,13,0,5,0,0.722,Yes
DEU,2015,12,0,6,0,0.667,Yes
DEU,2016,9,0,5,0,0.643,Yes
DEU,2017,15,0,5,0,0.75,Yes
DEU,2018,13,0,5,0,0.722,Yes
DEU,2019,11,1,4,0,0.688,Yes
DEU,2020,12,2,3,0,0.706,Yes
DEU,2021,9,0,4,0,0.692,Yes
DEU,2022,10,3,2,0,0.667,Yes
DEU,2023,9,0,3,0,0.75,Yes
EGY,1993,21,0,0,0,1.0,Yes
EGY,1994,20,0,0,0,1.0,Yes
EGY,1995,20,0,0,0,1.0,Yes
EGY,1996,22,0,0,0,1.0,Yes
EGY,1997,22,0,0,0,1.0,Yes
EGY,1998,22,0,0,0,1.0,Yes
EGY,1999,21,0,0,0,1.0,Yes
EGY,2000,22,0,0,0,1.0,Yes
EGY,2001,23,0,0,0,1.0,Yes
EGY,2002,21,0,0,0,1.0,Yes
EGY,2003,20,0,0,0,1.0,Yes
EGY,2004,18,0,0,0,1.0,Yes
EGY,2005,16,0,0,0,1.0,Yes
EGY,2006,19,0,0,0,1.0,Yes
EGY,2007,16,0,0,0,1.0,Yes
EGY,2008,17,0,0,0,1.0,Yes
EGY,2009,18,0,0,0,1.0,Yes
EGY,2010,17,0,0,0,1.0,Yes
EGY,2011,19,0,0,0,1.0,Yes
EGY,2012,19,0,0,0,1.0,Yes
EGY,2013,18,0,0,0,1.0,Yes
EGY,2014,18,0,0,0,1.0,Yes
EGY,2015,18,0,0,0,1.0,Yes
EGY,2016,14,0,0,0,1.0,Yes
EGY,2017,20,0,0,0,1.0,Yes
EGY,2018,18,0,0,0,1.0,Yes
EGY,2019,16,0,0,0,1.0,Yes
EGY,2020,17,0,0,0,1.0,Yes
EGY,2021,13,0,0,0,1.0,Yes
EGY,2022,15,0,0,0,1.0,Yes
EGY,2023,12,0,0,0,1.0,Yes
ESP,1993,16,1,4,0,0.762,Yes
ESP,1994,15,0,5,0,0.75,Yes
ESP,1995,15,0,5,0,0.75,Yes
ESP,1996,16,0,5,1,0.762,Yes
ESP,1997,18,0,4,0,0.818,Yes
ESP,1998,18,0,4,0,0.818,Yes
ESP,1999,17,0,4,0,0.81,Yes
ESP,2000,18,0,4,0,0.818,Yes
ESP,2001,19,0,4,0,0.826,Yes
ESP,2002,16,0,5,0,0.762,Yes
ESP,2003,15,0,5,0,0.75,Yes
ESP,2004,13,0,5,0,0.722,Yes
ESP,2005,13,0,3,0,0.812,Yes
ESP,2006,14,0,5,0,0.737,Yes
ESP,2007,12,0,4,0,0.75,Yes
ESP,2008,13,0,4,0,0.765,Yes
ESP,2009,13,0,5,0,0.722,Yes
ESP,2010,13,0,4,0,0.765,Yes
ESP,2011,14,0,4,1,0.778,Yes
ESP,2012,15,0,4,0,0.789,Yes
ESP,2013,14,0,4,0,0.778,Yes
ESP,2014,13,0,4,1,0.765,Yes
ESP,2015,13,0,5,0,0.722,Yes
ESP,2016,10,0,4,0,0.714,Yes
ESP,2017,16,0,4,0,0.8,Yes
ESP,2018,14,0,4,0,0.778,Yes
ESP,2019,12,0,4,0,0.75,Yes
ESP,2020,13,0,4,0,0.765,Yes
ESP,2021,11,0,2,0,0.846,Yes
ESP,2022,11,0,4,0,0.733,Yes
ESP,2023,10,0,2,0,0.833,Yes
FRA,1993,14,1,6,0,0.667,Yes
FRA,1994,15,0,5,0,0.75,Yes
FRA,1995,15,0,5,0,0.75,Yes
FRA,1996,17,0,5,0,0.773,Yes
FRA,1997,18,0,4,0,0.818,Yes
FRA,1998,18,0,4,0,0.818,Yes
FRA,1999,17,0,4,0,0.81,Yes
FRA,2000,18,0,4,0,0.818,Yes
FRA,2001,18,0,4,1,0.818,Yes
FRA,2002,16,0,5,0,0.762,Yes
FRA,2003,15,0,5,0,0.75,Yes
FRA,2004,13,0,5,0,0.722,Yes
FRA,2005,13,0,3,0,0.812,Yes
FRA,2006,14,0,5,0,0.737,Yes
FRA,2007,12,0,4,0,0.75,Yes
FRA,2008,13,0,4,0,0.765,Yes
FRA,2009,13,0,5,0,0.722,Yes
FRA,2010,13,0,4,0,0.765,Yes
FRA,2011,15,0,4,0,0.789,Yes
FRA,2012,15,0,4,0,0.789,Yes
FRA,2013,14,0,4,0,0.778,Yes
FRA,2014,13,0,5,0,0.722,Yes
FRA,2015,12,0,6,0,0.667,Yes
FRA,2016,9,0,5,0,0.643,Yes
FRA,2017,15,0,5,0,0.75,Yes
FRA,2018,13,0,5,0,0.722,Yes
FRA,2019,11,0,5,0,0.688,Yes
FRA,2020,12,0,5,0,0.706,Yes
FRA,2021,10,0,3,0,0.769,Yes
FRA,2022,10,0,5,0,0.667,Yes
FRA,2023,9,0,3,0,0.75,Yes
GBR,1993,12,1,8,0,0.571,Yes
GBR,1994,13,0,6,1,0.684,Yes
GBR,1995,14,0,6,0,0.7,Yes
GBR,1996,17,0,5,0,0.773,Yes
GBR,1997,18,0,4,0,0.818,Yes
GBR,1998,18,0,4,0,0.818,Yes
GBR,1999,17,0,4,0,0.81,Yes
GBR,2000,18,0,4,0,0.818,Yes
GBR,2001,18,0,5,0,0.783,Yes
GBR,2002,16,0,5,0,0.762,Yes
GBR,2003,14,0,6,0,0.7,Yes
GBR,2004,13,0,5,0,0.722,Yes
GBR,2005,13,0,3,0,0.812,Yes
GBR,2006,14,0,5,0,0.737,Yes
GBR,2007,12,0,4,0,0.75,Yes
GBR,2008,13,0,4,0,0.765,Yes
GBR,2009,13,0,5,0,0.722,Yes
GBR,2010,13,0,4,0,0.765,Yes
GBR,2011,15,0,4,0,0.789,Yes
GBR,2012,15,0,4,0,0.789,Yes
GBR,2013,14,0,4,0,0.778,Yes
GBR,2014,13,0,5,0,0.722,Yes
GBR,2015,12,0,6,0,0.667,Yes
GBR,2016,9,0,5,0,0.643,Yes
GBR,2017,15,1,4,0,0.75,Yes
GBR,2018,13,1,4,0,0.722,Yes
GBR,2019,10,1,5,0,0.625,Yes
GBR,2020,12,1,4,0,0.706,Yes
GBR,2021,9,2,2,0,0.692,Yes
GBR,2022,10,3,2,0,0.667,Yes
GBR,2023,9,2,1,0,0.75,Yes
IRL,1993,13,1,7,0,0.619,Yes
IRL,1994,15,0,5,0,0.75,Yes
IRL,1995,15,0,5,0,0.75,Yes
IRL,1996,17,0,5,0,0.773,Yes
IRL,1997,18,0,4,0,0.818,Yes
IRL,1998,18,0,4,0,0.818,Yes
IRL,1999,17,0,4,0,0.81,Yes
IRL,2000,18,0,4,0,0.818,Yes
IRL,2001,19,0,4,0,0.826,Yes
IRL,2002,16,0,5,0,0.762,Yes
IRL,2003,15,0,5,0,0.75,Yes
IRL,2004,13,0,5,0,0.722,Yes
IRL,2005,13,0,3,0,0.812,Yes
IRL,2006,14,0,5,0,0.737,Yes
IRL,2007,12,0,4,0,0.75,Yes
IRL,2008,13,0,4,0,0.765,Yes
IRL,2009,14,0,4,0,0.778,Yes
IRL,2010,13,0,4,0,0.765,Yes
IRL,2011,14,0,4,1,0.778,Yes
IRL,2012,15,0,4,0,0.789,Yes
IRL,2013,14,0,4,0,0.778,Yes
IRL,2014,14,0,4,0,0.778,Yes
IRL,2015,13,0,5,0,0.722,Yes
IRL,2016,10,0,4,0,0.714,Yes
IRL,2017,16,0,4,0,0.8,Yes
IRL,2018,14,0,4,0,0.778,Yes
IRL,2019,12,0,4,0,0.75,Yes
IRL,2020,13,0,4,0,0.765,Yes
IRL,2021,11,0,2,0,0.846,Yes
IRL,2022,12,0,3,0,0.8,Yes
IRL,2023,10,0,2,0,0.833,Yes
IRN,1993,19,1,0,1,0.95,Yes
IRN,1994,18,1,0,1,0.947,Yes
IRN,1995,18,1,0,1,0.947,Yes
IRN,1996,20,1,0,1,0.952,Yes
IRN,1997,20,0,0,2,1.0,Yes
IRN,1998,21,0,0,1,1.0,Yes
IRN,1999,19,0,1,1,0.95,Yes
IRN,2000,19,0,0,3,1.0,Yes
IRN,2001,19,0,0,4,1.0,Yes
IRN,2002,20,0,0,1,1.0,Yes
IRN,2003,19,0,0,1,1.0,Yes
IRN,2004,18,0,0,0,1.0,Yes
IRN,2005,15,0,0,1,1.0,Yes
IRN,2006,19,0,0,0,1.0,Yes
IRN,2007,16,0,0,0,1.0,Yes
IRN,2008,17,0,0,0,1.0,Yes
IRN,2009,18,0,0,0,1.0,Yes
IRN,2010,17,0,0,0,1.0,Yes
IRN,2011,18,0,0,1,1.0,Yes
IRN,2012,19,0,0,0,1.0,Yes
IRN,2013,18,0,0,0,1.0,Yes
IRN,2014,18,0,0,0,1.0,Yes
IRN,2015,18,0,0,0,1.0,Yes
IRN,2016,14,0,0,0,1.0,Yes
IRN,2017,20,0,0,0,1.0,Yes
IRN,2018,18,0,0,0,1.0,Yes
IRN,2019,16,0,0,0,1.0,Yes
IRN,2020,17,0,0,0,1.0,Yes
IRN,2021,13,0,0,0,1.0,Yes
IRN,2022,15,0,0,0,1.0,Yes
IRN,2023,12,0,0,0,1.0,Yes
NOR,1993,12,1,8,0,0.571,Yes
NOR,1994,13,0,7,0,0.65,Yes
NOR,1995,9,0,6,5,0.6,Yes
NOR,1996,15,0,7,0,0.682,Yes
NOR,1997,17,0,5,0,0.773,Yes
NOR,1998,17,0,5,0,0.773,Yes
NOR,1999,16,0,5,0,0.762,Yes
NOR,2000,18,0,4,0,0.818,Yes
NOR,2001,18,0,5,0,0.783,Yes
NOR,2002,16,0,5,0,0.762,Yes
NOR,2003,14,0,5,1,0.737,Yes
NOR,2004,13,0,5,0,0.722,Yes
NOR,2005,13,0,3,0,0.812,Yes
NOR,2006,14,0,5,0,0.737,Yes
NOR,2007,12,0,4,0,0.75,Yes
NOR,2008,13,0,4,0,0.765,Yes
NOR,2009,13,0,5,0,0.722,Yes
NOR,2010,13,0,4,0,0.765,Yes
NOR,2011,15,0,4,0,0.789,Yes
NOR,2012,15,0,4,0,0.789,Yes
NOR,2013,14,0,4,0,0.778,Yes
NOR,2014,14,0,4,0,0.778,Yes
NOR,2015,13,0,5,0,0.722,Yes
NOR,2016,10,0,4,0,0.714,Yes
NOR,2017,16,0,4,0,0.8,Yes
NOR,2018,14,0,4,0,0.778,Yes
NOR,2019,12,0,4,0,0.75,Yes
NOR,2020,13,0,4,0,0.765,Yes
NOR,2021,11,0,2,0,0.846,Yes
NOR,2022,11,0,4,0,0.733,Yes
NOR,2023,10,0,2,0,0.833,Yes
QAT,1993,21,0,0,0,1.0,Yes
QAT,1994,20,0,0,0,1.0,Yes
QAT,1995,20,0,0,0,1.0,Yes
QAT,1996,22,0,0,0,1.0,Yes
QAT,1997,22,0,0,0,1.0,Yes
QAT,1998,22,0,0,0,1.0,Yes
QAT,1999,21,0,0,0,1.0,Yes
QAT,2000,22,0,0,0,1.0,Yes
QAT,2001,23,0,0,0,1.0,Yes
QAT,2002,21,0,0,0,1.0,Yes
QAT,2003,19,0,1,0,0.95,Yes
QAT,2004,18,0,0,0,1.0,Yes
QAT,2005,16,0,0,0,1.0,Yes
QAT,2006,19,0,0,0,1.0,Yes
QAT,2007,16,0,0,0,1.0,Yes
QAT,2008,17,0,0,0,1.0,Yes
QAT,2009,18,0,0,0,1.0,Yes
QAT,2010,17,0,0,0,1.0,Yes
QAT,2011,19,0,0,0,1.0,Yes
QAT,2012,19,0,0,0,1.0,Yes
QAT,2013,18,0,0,0,1.0,Yes
QAT,2014,18,0,0,0,1.0,Yes
QAT,2015,18,0,0,0,1.0,Yes
QAT,2016,14,0,0,0,1.0,Yes
QAT,2017,18,0,0,2,1.0,Yes
QAT,2018,18,0,0,0,1.0,Yes
QAT,2019,16,0,0,0,1.0,Yes
QAT,2020,17,0,0,0,1.0,Yes
QAT,2021,13,0,0,0,1.0,Yes
QAT,2022,14,0,0,1,1.0,Yes
QAT,2023,12,0,0,0,1.0,Yes
TUR,1993,19,0,2,0,0.905,Yes
TUR,1994,19,0,1,0,0.95,Yes
TUR,1995,18,0,2,0,0.9,Yes
TUR,1996,20,0,2,0,0.909,Yes
TUR,1997,22,0,0,0,1.0,Yes
TUR,1998,22,0,0,0,1.0,Yes
TUR,1999,21,0,0,0,1.0,Yes
TUR,2000,22,0,0,0,1.0,Yes
TUR,2001,22,0,0,1,1.0,Yes
TUR,2002,21,0,0,0,1.0,Yes
TUR,2003,19,0,1,0,0.95,Yes
TUR,2004,18,0,0,0,1.0,Yes
TUR,2005,16,0,0,0,1.0,Yes
TUR,2006,19,0,0,0,1.0,Yes
TUR,2007,16,0,0,0,1.0,Yes
TUR,2008,17,0,0,0,1.0,Yes
TUR,2009,18,0,0,0,1.0,Yes
TUR,2010,17,0,0,0,1.0,Yes
TUR,2011,18,0,0,1,1.0,Yes
TUR,2012,19,0,0,0,1.0,Yes
TUR,2013,18,0,0,0,1.0,Yes
TUR,2014,18,0,0,0,1.0,Yes
TUR,2015,18,0,0,0,1.0,Yes
TUR,2016,14,0,0,0,1.0,Yes
TUR,2017,20,0,0,0,1.0,Yes
TUR,2018,18,0,0,0,1.0,Yes
TUR,2019,16,0,0,0,1.0,Yes
TUR,2020,17,0,0,0,1.0,Yes
TUR,2021,13,0,0,0,1.0,Yes
TUR,2022,15,0,0,0,1.0,Yes
TUR,2023,12,0,0,0,1.0,Yes
USA,1993,2,15,4,0,0.095,No
USA,1994,2,15,3,0,0.1,No
USA,1995,2,15,3,0,0.1,No
USA,1996,2,17,3,0,0.091,No
USA,1997,1,18,3,0,0.045,No
USA,1998,1,18,3,0,0.045,No
USA,1999,1,17,3,0,0.048,No
USA,2000,1,18,3,0,0.045,No
USA,2001,1,19,3,0,0.043,No
USA,2002,1,18,2,0,0.048,No
USA,2003,2,16,2,0,0.1,No
USA,2004,0,16,2,0,0.0,No
USA,2005,0,14,2,0,0.0,No
USA,2006,0,16,3,0,0.0,No
USA,2007,0,14,2,0,0.0,No
USA,2008,0,15,2,0,0.0,No
USA,2009,0,16,2,0,0.0,No
USA,2010,0,15,2,0,0.0,No
USA,2011,0,16,2,1,0.0,No
USA,2012,0,17,2,0,0.0,No
USA,2013,0,16,2,0,0.0,No
USA,2014,0,16,2,0,0.0,No
USA,2015,0,16,2,0,0.0,No
USA,2016,0,13,1,0,0.0,No
USA,2017,0,18,2,0,0.0,No
USA,2018,0,18,0,0,0.0,No
USA,2019,0,16,0,0,0.0,No
USA,2020,0,17,0,0,0.0,No
USA,2021,0,11,2,0,0.0,No
USA,2022,0,13,2,0,0.0,No
USA,2023,0,10,2,0,0.0,No
