key,date,unres,short,amend,para,by_me,by_text,rows,off_yes,off_no,off_abs,route
R/48/158A|1993-12-02,1993-12-02,R/48/158A,"PALESTINE, RIGHTS COMMITTEE",0.0,0.0,True,True,197,106.0,3.0,40.0,me+text
R/48/158B|1993-12-02,1993-12-02,R/48/158B,"PALESTINE, RIGHTS, SECRETARIAT",0.0,0.0,True,True,197,107.0,2.0,41.0,me+text
R/48/158C|1993-12-02,1993-12-02,R/48/158C,"PALESTINE, INFORMATION",0.0,0.0,True,True,197,147.0,2.0,2.0,me+text
R/48/158D|1993-12-02,1993-12-02,R/48/158D,"PALESTINE, PEACEFUL SETTLEMENT",0.0,0.0,True,True,197,92.0,5.0,51.0,me+text
R/48/58|1993-12-03,1993-12-03,R/48/58,"MIDDLE EAST, PEACE PROCESS",0.0,0.0,True,True,197,155.0,2.0,1.0,me+text
R/48/59A|1993-12-03,1993-12-03,R/48/59A,JERUSALEM,0.0,0.0,True,True,197,141.0,1.0,11.0,me+text
R/48/59B|1993-12-03,1993-12-03,R/48/59B,SYRIAN GOLAN,0.0,0.0,True,True,197,65.0,2.0,83.0,me+text
R/48/212|1993-12-03,1993-12-03,R/48/212,"ISRAEL, SETTLEMENTS",0.0,0.0,True,True,197,143.0,3.0,13.0,me+text
R/48/78|1993-12-05,1993-12-05,R/48/78,"NUCLEAR PROLIFERATION, MIDDLE EAST",0.0,0.0,True,True,197,55.0,45.0,63.0,me+text
R/48/41B|1993-12-06,1993-12-06,R/48/41B,"ISRAEL, GENEVA CONVENTION",0.0,0.0,True,True,197,152.0,1.0,6.0,me+text
R/48/41A|1993-12-06,1993-12-06,R/48/41A,"ISRAEL, OCCUPIED TERRITORIES",0.0,0.0,True,True,197,93.0,2.0,65.0,me+text
R/48/40J|1993-12-06,1993-12-06,R/48/40J,"ISRAEL, PALESTINIAN STUDENTS",0.0,0.0,True,True,197,159.0,2.0,0.0,me+text
R/48/40I|1993-12-06,1993-12-06,R/48/40I,"JERUSALEM, UNIVERSITY",0.0,0.0,True,True,197,156.0,2.0,2.0,me+text
R/48/40H|1993-12-06,1993-12-06,R/48/40H,"PALESTINE, REFUGEES, PROTECTION",0.0,0.0,True,True,197,153.0,2.0,6.0,me+text
R/48/40E|1993-12-06,1993-12-06,R/48/40E,"PALESTINE, REFUGEES RESETTLEMENT",0.0,0.0,True,True,197,157.0,2.0,0.0,me+text
R/48/40F|1993-12-06,1993-12-06,R/48/40F,"PALESTINE, DISPLACED PERSONS",0.0,0.0,True,True,197,152.0,2.0,5.0,me+text
R/48/40D|1993-12-06,1993-12-06,R/48/40D,"PALESTINE, SCHOLARSHIPS, GRANTS",0.0,0.0,True,True,197,161.0,0.0,1.0,me+text
R/48/40A|1993-12-06,1993-12-06,R/48/40A,"PALESTINE, ASSISTANCE",0.0,0.0,True,True,197,159.0,0.0,2.0,me+text
R/48/41D|1993-12-06,1993-12-06,R/48/41D,"ISRAEL, GOLAN HEIGHTS",0.0,0.0,True,True,197,85.0,1.0,68.0,me+text
R/48/40G|1993-12-06,1993-12-06,R/48/40G,"PALESTINE, REFUGEES, PROPERTIES",0.0,0.0,True,True,197,114.0,2.0,44.0,me+text
R/48/41C|1993-12-06,1993-12-06,R/48/41C,"ISRAEL, OCCUPIED TERRITORIES",0.0,0.0,True,True,197,106.0,2.0,48.0,me+text
R/49/132|1994-12-02,1994-12-02,R/49/132,"ISRAEL, SETTLEMENTS",0.0,0.0,True,True,197,131.0,2.0,22.0,me+text
R/49/62D|1994-12-04,1994-12-04,R/49/62D,"PALESTINE, PEACEFUL SETTLEMENT",0.0,0.0,True,True,197,136.0,2.0,7.0,me+text
R/49/62A|1994-12-04,1994-12-04,R/49/62A,"PALESTINE, RIGHTS COMMITTEE",0.0,0.0,True,True,197,103.0,2.0,40.0,me+text
R/49/62C|1994-12-04,1994-12-04,R/49/62C,"PALESTINE, INFORMATION",0.0,0.0,True,True,197,142.0,2.0,3.0,me+text
R/49/62B|1994-12-04,1994-12-04,R/49/62B,"PALESTINE, RIGHTS, SECRETARIAT",0.0,0.0,True,True,197,105.0,2.0,40.0,me+text
R/49/78|1994-12-05,1994-12-05,R/49/78,"NUCLEAR PROLIFERATION, MIDDLE EAST",0.0,0.0,True,True,197,60.0,3.0,98.0,me+text
R/49/36D|1994-12-06,1994-12-06,R/49/36D,"ISRAEL, GOLAN HEIGHTS",0.0,0.0,True,True,197,143.0,1.0,13.0,me+text
R/49/149|1994-12-06,1994-12-06,R/49/149,"PAKISTAN, SELF-DETERMINATION",0.0,0.0,True,True,197,145.0,2.0,18.0,me+text
R/49/35A|1994-12-06,1994-12-06,R/49/35A,"PALESTINE, ASSISTANCE",0.0,0.0,True,True,197,160.0,0.0,2.0,me+text
R/49/35C|1994-12-06,1994-12-06,R/49/35C,"PALESTINE, DISPLACED PERSONS",0.0,0.0,True,True,197,157.0,2.0,3.0,me+text
R/49/35D|1994-12-06,1994-12-06,R/49/35D,"PALESTINE, SCHOLARSHIPS, GRANTS",0.0,0.0,True,True,197,161.0,0.0,1.0,me+text
R/49/35E|1994-12-06,1994-12-06,R/49/35E,UNRWA,0.0,0.0,True,True,197,159.0,2.0,2.0,me+text
R/49/35F|1994-12-06,1994-12-06,R/49/35F,"PALESTINE, REFUGEES, PROPERTIES",0.0,0.0,True,True,197,110.0,2.0,50.0,me+text
R/49/35G|1994-12-06,1994-12-06,R/49/35G,"JERUSALEM, UNIVERSITY",0.0,0.0,True,True,197,157.0,2.0,2.0,me+text
R/49/36C|1994-12-06,1994-12-06,R/49/36C,"ISRAEL, OCCUPIED TERRITORIES",0.0,0.0,True,True,197,143.0,2.0,15.0,me+text
R/49/87A|1994-12-06,1994-12-06,R/49/87A,JERUSALEM,0.0,0.0,True,True,197,136.0,2.0,6.0,me+text
R/49/36A|1994-12-06,1994-12-06,R/49/36A,"ISRAEL, OCCUPIED TERRITORIES",0.0,0.0,True,True,197,84.0,2.0,72.0,me+text
R/49/36B|1994-12-06,1994-12-06,R/49/36B,"ISRAEL, GENEVA CONVENTION",0.0,0.0,True,True,197,151.0,3.0,4.0,me+text
R/49/88|1994-12-06,1994-12-06,R/49/88,MIDDLE EAST PEACE PROCESS,0.0,0.0,False,True,197,146.0,4.0,2.0,text_only
R/49/87B|1994-12-06,1994-12-06,R/49/87B,SYRIAN GOLAN,0.0,0.0,True,True,197,76.0,2.0,68.0,me+text
R/50/22A|1995-12-02,1995-12-02,R/50/22A,JERUSALEM,0.0,0.0,True,True,197,132.0,1.0,13.0,me+text
R/50/22B|1995-12-02,1995-12-02,R/50/22B,SYRIAN GOLAN,0.0,0.0,True,True,197,66.0,2.0,79.0,me+text
R/50/21|1995-12-02,1995-12-02,R/50/21,"MIDDLE EAST, PEACE PROCESS",0.0,0.0,False,True,197,147.0,4.0,1.0,text_only
R/50/73|1995-12-03,1995-12-03,R/50/73,"NUCLEAR PROLIFERATION, MIDDLE EAST",0.0,0.0,True,True,197,56.0,2.0,100.0,me+text
R/50/29A|1995-12-04,1995-12-04,R/50/29A,"ISRAEL, OCCUPIED TERRITORIES",0.0,0.0,True,True,197,69.0,2.0,80.0,me+text
R/50/28A|1995-12-04,1995-12-04,R/50/28A,"PALESTINE, ASSISTANCE",0.0,0.0,True,True,197,145.0,1.0,1.0,me+text
R/50/29B|1995-12-04,1995-12-04,R/50/29B,"ISRAEL, GENEVA CONVENTION",0.0,0.0,True,True,197,147.0,2.0,4.0,me+text
R/50/28G|1995-12-04,1995-12-04,R/50/28G,"JERUSALEM, UNIVERSITY",0.0,0.0,True,True,197,148.0,2.0,2.0,me+text
R/50/28E|1995-12-04,1995-12-04,R/50/28E,UNRWA,0.0,0.0,True,True,197,146.0,2.0,3.0,me+text
R/50/28D|1995-12-04,1995-12-04,R/50/28D,"PALESTINE, SCHOLARSHIPS, GRANTS",0.0,0.0,True,True,197,150.0,0.0,1.0,me+text
R/50/28C|1995-12-04,1995-12-04,R/50/28C,"PALESTINE, DISPLACED PERSONS",0.0,0.0,True,True,197,147.0,2.0,0.0,me+text
R/50/28F|1995-12-04,1995-12-04,R/50/28F,"PALESTINE, REFUGEES, PROPERTIES",0.0,0.0,True,True,197,98.0,2.0,48.0,me+text
R/50/129|1995-12-04,1995-12-04,R/50/129,"ISRAEL, SETTLEMENTS",0.0,0.0,True,True,197,126.0,2.0,28.0,me+text
R/50/29D|1995-12-04,1995-12-04,R/50/29D,"ISRAEL, GOLAN HEIGHTS",0.0,0.0,True,True,197,139.0,1.0,13.0,me+text
R/50/29C|1995-12-04,1995-12-04,R/50/29C,"ISRAEL, OCCUPIED TERRITORIES",0.0,0.0,True,True,197,144.0,2.0,7.0,me+text
R/50/140|1995-12-05,1995-12-05,R/50/140,"PALESTINE, SELF-DETERMINATION",0.0,0.0,True,True,197,145.0,2.0,9.0,me+text
R/50/84B|1995-12-06,1995-12-06,R/50/84B,"PALESTINE, RIGHTS, SECRETARIAT",0.0,0.0,True,True,197,96.0,2.0,53.0,me+text
R/50/84C|1995-12-06,1995-12-06,R/50/84C,"PALESTINE, INFORMATION",0.0,0.0,True,True,197,142.0,2.0,7.0,me+text
R/50/84D|1995-12-06,1995-12-06,R/50/84D,"PALESTINE, PEACEFUL SETTLEMENT",0.0,0.0,True,True,197,143.0,3.0,3.0,me+text
R/50/84A|1995-12-06,1995-12-06,R/50/84A,"PALESTINE, RIGHTS COMMITTEE",0.0,0.0,True,True,197,95.0,2.0,52.0,me+text
R/50/22C|1996-04-05,1996-04-05,R/50/22C,"ISRAEL,. ATTACKS AGAINST LEBANON",0.0,0.0,True,True,197,64.0,2.0,65.0,me+text
R/51/190|1996-12-02,1996-12-02,R/51/190,"PALESTINE, SOVEREIGNTY",0.0,0.0,True,True,197,133.0,3.0,21.0,me+text
R/51/48|1996-12-03,1996-12-03,R/51/48,"NUCLEAR PROLIFERATION, MIDDLE EAST",0.0,0.0,True,True,197,130.0,3.0,32.0,me+text
R/51/28|1996-12-04,1996-12-04,R/51/28,SYRIAN GOLAN,0.0,0.0,True,True,197,84.0,2.0,71.0,me+text
R/51/29|1996-12-04,1996-12-04,R/51/29,MIDDLE EAST PEACE PROCESS,0.0,0.0,False,True,197,159.0,3.0,2.0,text_only
R/51/27|1996-12-04,1996-12-04,R/51/27,JERUSALEM,0.0,0.0,True,True,197,148.0,1.0,13.0,me+text
R/51/26|1996-12-04,1996-12-04,R/51/26,"PALESTINE, PEACEFUL SETTLEMENT",0.0,0.0,True,True,197,152.0,2.0,4.0,me+text
R/51/23|1996-12-04,1996-12-04,R/51/23,"PALESTINE, RIGHTS COMMITTEE",0.0,0.0,True,True,197,104.0,2.0,46.0,me+text
R/51/24|1996-12-04,1996-12-04,R/51/24,"PALESTINE, RIGHTS, SECRETARIAT",0.0,0.0,True,True,197,107.0,2.0,46.0,me+text
R/51/25|1996-12-04,1996-12-04,R/51/25,"PALESTINE, INFORMATION",0.0,0.0,True,True,197,157.0,2.0,3.0,me+text
R/51/82|1996-12-05,1996-12-05,R/51/82,"PALESTINE, SELF-DETERMINATION",0.0,0.0,True,True,197,158.0,3.0,12.0,me+text
R/51/124|1996-12-06,1996-12-06,R/51/124,"PALESTINE, ASSISTANCE",0.0,0.0,True,True,197,159.0,1.0,2.0,me+text
R/51/126|1996-12-06,1996-12-06,R/51/126,"PALESTINE, DISPLACED PERSONS",0.0,0.0,True,True,197,157.0,2.0,1.0,me+text
R/51/127|1996-12-06,1996-12-06,R/51/127,"PALESTINE, SCHOLARSHIPS, GRANTS",0.0,0.0,True,True,197,163.0,0.0,1.0,me+text
R/51/128|1996-12-06,1996-12-06,R/51/128,UNRWA,0.0,0.0,True,True,197,159.0,2.0,2.0,me+text
R/51/129|1996-12-06,1996-12-06,R/51/129,"PALESTINE, REFUGEES, PROPERTIES",0.0,0.0,True,True,197,152.0,2.0,6.0,me+text
R/51/130|1996-12-06,1996-12-06,R/51/130,"JERUSALEM, UNIVERSITY",0.0,0.0,True,True,197,159.0,3.0,1.0,me+text
R/51/131|1996-12-06,1996-12-06,R/51/131,"ISRAEL, OCCUPIED TERRITORIES",0.0,0.0,True,True,197,79.0,2.0,76.0,me+text
R/51/132|1996-12-06,1996-12-06,R/51/132,"ISRAEL, GENEVA CONVENTION",0.0,0.0,True,True,197,156.0,2.0,3.0,me+text
R/51/133|1996-12-06,1996-12-06,R/51/133,"ISRAEL, OCCUPIED TERRITORIES",0.0,0.0,True,True,197,152.0,2.0,6.0,me+text
R/51/134|1996-12-06,1996-12-06,R/51/134,"ISRAEL, OCCUPIED TERRITORIES",0.0,0.0,True,True,197,149.0,2.0,8.0,me+text
R/51/135|1996-12-06,1996-12-06,R/51/135,SYRIAN GOLAN,0.0,0.0,True,True,197,153.0,1.0,9.0,me+text
R/51/223|1997-03-05,1997-03-05,R/51/223,"ISRAEL, SETTLEMENTS",0.0,0.0,True,True,197,130.0,2.0,2.0,me+text
R/51/233|1997-06-06,1997-06-06,R/51/233,"LEBANON, INTERM FORCE",0.0,0.0,True,False,197,127.0,2.0,1.0,me_only
R/52/41|1997-12-03,1997-12-03,R/52/41,"NUCLEAR PROLIFERATION, MIDDLE EAST",0.0,0.0,True,True,197,147.0,2.0,14.0,me+text
R/52/49|1997-12-03,1997-12-03,R/52/49,"PALESTINE, RIGHTS, COMMITTEE",0.0,0.0,True,True,197,115.0,2.0,45.0,me+text
R/52/50|1997-12-03,1997-12-03,R/52/50,"PALESTINE, RIGHTS, SECRETARIAT",0.0,0.0,True,True,197,112.0,2.0,47.0,me+text
R/52/51|1997-12-03,1997-12-03,R/52/51,"PALESTINE, INFORMATION",0.0,0.0,True,True,197,159.0,2.0,3.0,me+text
R/52/52|1997-12-03,1997-12-03,R/52/52,"PALESTINE, PEACEFUL SETTLEMENT",0.0,0.0,True,True,197,156.0,2.0,2.0,me+text
R/52/54|1997-12-03,1997-12-03,R/52/54,SYRIAN GOLAN,0.0,0.0,True,True,197,93.0,2.0,63.0,me+text
R/52/53|1997-12-03,1997-12-03,R/52/53,JERUSALEM,0.0,0.0,True,True,197,149.0,1.0,8.0,me+text
R/52/59|1997-12-04,1997-12-04,R/52/59,"PALESTINE, DISPLACED PERSONS",0.0,0.0,True,True,197,160.0,2.0,0.0,me+text
R/52/57|1997-12-04,1997-12-04,R/52/57,"PALESTINE, ASSISTANCE",0.0,0.0,True,True,197,160.0,1.0,1.0,me+text
R/52/67|1997-12-04,1997-12-04,R/52/67,"HUMAN RIGHTS, OCCUPIED TERRITORIES",0.0,0.0,True,True,197,151.0,2.0,7.0,me+text
R/52/66|1997-12-04,1997-12-04,R/52/66,"ISRAEL, SETTLEMENTS",0.0,0.0,True,True,197,151.0,2.0,6.0,me+text
R/52/65|1997-12-04,1997-12-04,R/52/65,"ISRAEL, GENEVA CONVENTION",0.0,0.0,True,True,197,156.0,2.0,3.0,me+text
R/52/68|1997-12-04,1997-12-04,R/52/68,SYRIAN GOLAN,0.0,0.0,True,True,197,153.0,1.0,7.0,me+text
R/52/63|1997-12-04,1997-12-04,R/52/63,"JERUSALEM, UNIVERSITY",0.0,0.0,True,True,197,158.0,2.0,3.0,me+text
R/52/64|1997-12-04,1997-12-04,R/52/64,"ISRAEL, OCCUPIED TERRITORIES, COMMITTEE",0.0,0.0,True,True,197,83.0,2.0,72.0,me+text
R/52/61|1997-12-04,1997-12-04,R/52/61,UNRWA,0.0,0.0,True,True,197,158.0,2.0,3.0,me+text
R/52/62|1997-12-04,1997-12-04,R/52/62,"PALESTINE, REFUGEES, PROPERTIES",0.0,0.0,True,True,197,158.0,2.0,3.0,me+text
R/52/60|1997-12-04,1997-12-04,R/52/60,"PALESTINE, SCHOLARSHIPS, GRANTS",0.0,0.0,True,True,197,163.0,0.0,1.0,me+text
R/52/207|1997-12-05,1997-12-05,R/52/207,"PALESTINE, SOVEREIGNTY",0.0,0.0,True,True,197,137.0,2.0,14.0,me+text
R/52/114|1997-12-06,1997-12-06,R/52/114,"PALESTINE, SELF-DETERMINATION",0.0,0.0,True,True,197,162.0,2.0,6.0,me+text
R/52/237|1998-06-06,1998-06-06,R/52/237,"LEBANON, INTERM FORCE",0.0,0.0,True,False,197,109.0,2.0,0.0,me_only
R/52/250|1998-07-03,1998-07-03,R/52/250,"PALESTINE, U.N. PARTICIPATION",0.0,0.0,True,True,197,125.0,4.0,10.0,me+text
R/53/196|1998-12-03,1998-12-03,R/53/196,"PALESTINE, SOVEREIGNTY",0.0,0.0,True,True,197,144.0,2.0,12.0,me+text
R/53/42|1998-12-04,1998-12-04,R/53/42,"PALESTINE, PEACEFUL SETTLEMENT",0.0,0.0,True,True,197,153.0,2.0,3.0,me+text
R/53/41|1998-12-04,1998-12-04,R/53/41,"PALESTINE, INFORMATION",0.0,0.0,True,True,197,156.0,2.0,2.0,me+text
R/53/40|1998-12-04,1998-12-04,R/53/40,"PALESTINE, RIGHTS COMMITTEE",0.0,0.0,True,True,197,111.0,2.0,48.0,me+text
R/53/39|1998-12-04,1998-12-04,R/53/39,"PALESTINE, RIGHTS, COMMITTEE",0.0,0.0,True,True,197,109.0,2.0,48.0,me+text
R/53/37|1998-12-04,1998-12-04,R/53/37,JERUSALEM,0.0,0.0,True,True,197,145.0,1.0,7.0,me+text
R/53/136|1998-12-04,1998-12-04,R/53/136,"PALESTINE, SELF-DETERMINATION",0.0,0.0,True,True,197,162.0,2.0,6.0,me+text
R/53/38|1998-12-04,1998-12-04,R/53/38,SYRIAN GOLAN,0.0,0.0,True,True,197,97.0,2.0,58.0,me+text
R/53/54|1998-12-05,1998-12-05,R/53/54,"ISRAEL, GENEVA CONVENTION",0.0,0.0,True,True,197,155.0,2.0,2.0,me+text
R/53/57|1998-12-05,1998-12-05,R/53/57,SYRIAN GOLAN,0.0,0.0,True,True,197,150.0,1.0,6.0,me+text
R/53/56|1998-12-05,1998-12-05,R/53/56,"HUMAN RIGHTS, OCCUPIED TERRITORIES",0.0,0.0,True,True,197,151.0,2.0,4.0,me+text
R/53/55|1998-12-05,1998-12-05,R/53/55,"ISRAEL, SETTLEMENTS",0.0,0.0,True,True,197,150.0,3.0,2.0,me+text
R/53/52|1998-12-05,1998-12-05,R/53/52,"JERUSALEM, UNIVERSITY",0.0,0.0,True,True,197,156.0,2.0,2.0,me+text
R/53/53|1998-12-05,1998-12-05,R/53/53,"ISRAEL, OCCUPIED TERRITORIES, COMMITTEE",0.0,0.0,True,True,197,86.0,2.0,67.0,me+text
R/53/50|1998-12-05,1998-12-05,R/53/50,UNRWA,0.0,0.0,True,True,197,157.0,2.0,2.0,me+text
R/53/49|1998-12-05,1998-12-05,R/53/49,"PALESTINE, SCHOLARSHIPS, GRANTS",0.0,0.0,True,True,197,159.0,0.0,1.0,me+text
R/53/48|1998-12-05,1998-12-05,R/53/48,"PALESTINE, DISPLACED PERSONS",0.0,0.0,True,True,197,157.0,2.0,1.0,me+text
R/53/46|1998-12-05,1998-12-05,R/53/46,"PALESTINE, ASSISTANCE",0.0,0.0,True,True,197,157.0,1.0,2.0,me+text
R/53/51|1998-12-05,1998-12-05,R/53/51,"PALESTINE, REFUGEES, PROPERTIES",0.0,0.0,True,True,197,156.0,2.0,1.0,me+text
R/53/80|1998-12-06,1998-12-06,R/53/80,"NUCLEAR PROLIFERATION, MIDDLE EAST",0.0,0.0,True,True,197,158.0,2.0,11.0,me+text
R/53/227|1999-06-03,1999-06-03,R/53/227,"LEBANON, INTERM FORCE",0.0,0.0,True,False,197,120.0,2.0,1.0,me_only
R/54/80|1999-12-02,1999-12-02,R/54/80,SYRIAN GOLAN,0.0,0.0,True,True,197,150.0,1.0,5.0,me+text
R/54/79|1999-12-02,1999-12-02,R/54/79,"HUMAN RIGHTS, OCCUPIED TERRITORIES",0.0,0.0,True,True,197,150.0,2.0,3.0,me+text
R/54/78|1999-12-02,1999-12-02,R/54/78,"ISRAEL, SETTLEMENTS",0.0,0.0,True,True,197,149.0,3.0,3.0,me+text
R/54/77|1999-12-02,1999-12-02,R/54/77,"ISRAEL, GENEVA CONVENTION",0.0,0.0,True,True,197,154.0,2.0,1.0,me+text
R/54/76|1999-12-02,1999-12-02,R/54/76,"ISRAEL, OCCUPIED TERRITORIES, COMMITTEE",0.0,0.0,True,True,197,84.0,2.0,67.0,me+text
R/54/75|1999-12-02,1999-12-02,R/54/75,"JERUSALEM, UNIVERSITY",0.0,0.0,True,True,197,155.0,2.0,1.0,me+text
R/54/74|1999-12-02,1999-12-02,R/54/74,"PALESTINE, REFUGEES, PROPERTIES",0.0,0.0,True,True,197,154.0,2.0,2.0,me+text
R/54/72|1999-12-02,1999-12-02,R/54/72,"PALESTINE, SCHOLARSHIPS, GRANTS",0.0,0.0,True,True,197,158.0,0.0,1.0,me+text
R/54/71|1999-12-02,1999-12-02,R/54/71,"PALESTINE, DISPLACED PERSONS",0.0,0.0,True,True,197,154.0,2.0,2.0,me+text
R/54/73|1999-12-02,1999-12-02,R/54/73,UNRWA,0.0,0.0,True,True,197,154.0,2.0,1.0,me+text
R/54/69|1999-12-02,1999-12-02,R/54/69,"PALESTINE, ASSISTANCE",0.0,0.0,True,True,197,155.0,1.0,2.0,me+text
R/54/57|1999-12-04,1999-12-04,R/54/57,"NUCLEAR PROLIFERATION, MIDDLE EAST",0.0,0.0,True,True,197,149.0,3.0,9.0,me+text
R/54/42|1999-12-04,1999-12-04,R/54/42,"PALESTINE, PEACEFUL SETTLEMENT",0.0,0.0,True,True,197,149.0,3.0,2.0,me+text
R/54/41|1999-12-04,1999-12-04,R/54/41,"PALESTINE, INFORMATION",0.0,0.0,True,True,197,151.0,3.0,2.0,me+text
R/54/40|1999-12-04,1999-12-04,R/54/40,"PALESTINE, RIGHTS, SECRETARIAT",0.0,0.0,True,True,197,107.0,3.0,47.0,me+text
R/54/39|1999-12-04,1999-12-04,R/54/39,"PALESTINE, RIGHTS, COMMITTEE",0.0,0.0,True,True,197,105.0,3.0,48.0,me+text
R/54/38|1999-12-04,1999-12-04,R/54/38,SYRIAN GOLAN,0.0,0.0,True,True,197,92.0,2.0,53.0,me+text
R/54/37|1999-12-04,1999-12-04,R/54/37,JERUSALEM,0.0,0.0,True,True,197,139.0,1.0,3.0,me+text
R/54/230|1999-12-04,1999-12-04,R/54/230,"PALESTINE, SOVEREIGNTY",0.0,0.0,True,True,197,145.0,3.0,6.0,me+text
R/54/152|1999-12-06,1999-12-06,R/54/152,"PALESTINE, SELF-DETERMINATION",0.0,0.0,True,True,197,156.0,2.0,1.0,me+text
R/54/267|2000-06-06,2000-06-06,R/54/267,"LEBANON, INTERM FORCE",0.0,0.0,True,False,197,110.0,2.0,0.0,me_only
R/55/36|2000-11-03,2000-11-03,R/55/36,"NUCLEAR PROLIFERATION, MIDDLE EAST",0.0,0.0,True,True,197,157.0,3.0,8.0,me+text
R/55/87|2000-12-03,2000-12-03,R/55/87,"PALESTINE, SELF-DETERMINATION",0.0,0.0,True,True,197,170.0,2.0,5.0,me+text
R/55/180A|2000-12-04,2000-12-04,R/55/180A,"LEBANON, INTERM FORCE",0.0,0.0,True,False,197,140.0,3.0,0.0,me_only
R/55/209|2000-12-05,2000-12-05,R/55/209,"PALESTINE, SOVEREIGNTY",0.0,0.0,True,True,197,147.0,2.0,3.0,me+text
R/55/52|2000-12-07,2000-12-07,R/55/52,"PALESTINE, RIGHTS, COMMITTEE",0.0,0.0,True,True,197,106.0,2.0,48.0,me+text
R/55/51|2000-12-07,2000-12-07,R/55/51,SYRIAN GOLAN,0.0,0.0,True,True,197,96.0,2.0,55.0,me+text
R/55/54|2000-12-07,2000-12-07,R/55/54,"PALESTINE, INFORMATION",0.0,0.0,True,True,197,151.0,2.0,2.0,me+text
R/55/55|2000-12-07,2000-12-07,R/55/55,"PALESTINE, PEACEFUL SETTLEMENT",0.0,0.0,True,True,197,149.0,2.0,3.0,me+text
R/55/53|2000-12-07,2000-12-07,R/55/53,"PALESTINE, RIGHTS, SECRETARIAT",0.0,0.0,True,True,197,107.0,2.0,48.0,me+text
R/55/50|2000-12-07,2000-12-07,R/55/50,JERUSALEM,0.0,0.0,True,True,197,145.0,1.0,5.0,me+text
R/55/131|2000-12-07,2000-12-07,R/55/131,"ISRAEL, GENEVA CONVENTION",0.0,0.0,True,True,197,152.0,2.0,2.0,me+text
R/55/133|2000-12-07,2000-12-07,R/55/133,"HUMAN RIGHTS, OCCUPIED TERRITORIES",0.0,0.0,True,True,197,150.0,3.0,1.0,me+text
R/55/132|2000-12-07,2000-12-07,R/55/132,"ISRAEL, SETTLEMENTS",0.0,0.0,True,True,197,152.0,4.0,0.0,me+text
R/55/130|2000-12-07,2000-12-07,R/55/130,"ISRAEL, OCCUPIED TERRITORIES, COMMITTEE",0.0,0.0,True,True,197,91.0,2.0,61.0,me+text
R/55/129|2000-12-07,2000-12-07,R/55/129,"JERUSALEM, UNIVERSITY",0.0,0.0,True,True,197,156.0,2.0,2.0,me+text
R/55/128|2000-12-07,2000-12-07,R/55/128,"PALESTINE, REFUGEES, PROPERTIES",0.0,0.0,True,True,197,156.0,2.0,2.0,me+text
R/55/127|2000-12-07,2000-12-07,R/55/127,UNRWA,0.0,0.0,True,True,197,157.0,2.0,2.0,me+text
R/55/126|2000-12-07,2000-12-07,R/55/126,"PALESTINE, SCHOLARSHIPS, GRANTS",0.0,0.0,True,True,197,160.0,0.0,1.0,me+text
R/55/125|2000-12-07,2000-12-07,R/55/125,"PALESTINE, DISPLACED PERSONS",0.0,0.0,True,True,197,156.0,2.0,2.0,me+text
R/55/123|2000-12-07,2000-12-07,R/55/123,"PALESTINE, ASSISTANCE",0.0,0.0,True,True,197,156.0,1.0,3.0,me+text
R/55/134|2000-12-07,2000-12-07,R/55/134,SYRIAN GOLAN,0.0,0.0,True,True,197,150.0,1.0,4.0,me+text
R/55/180B|2001-06-06,2001-06-06,R/55/180B,"LEBANON, INTERM FORCE",0.0,0.0,True,False,197,115.0,3.0,0.0,me_only
R/56/27|2001-11-06,2001-11-06,R/56/27,"NUCLEAR PROLIFERATION, MIDDLE EAST",0.0,0.0,True,True,197,153.0,3.0,6.0,me+text
R/56/32|2001-12-03,2001-12-03,R/56/32,SYRIAN GOLAN,0.0,0.0,True,True,197,90.0,5.0,54.0,me+text
R/56/63|2001-12-03,2001-12-03,R/56/63,SYRIAN GOLAN,0.0,0.0,True,True,197,147.0,2.0,3.0,me+text
R/56/62|2001-12-03,2001-12-03,R/56/62,"HUMAN RIGHTS, OCCUPIED TERRITORIES",0.0,0.0,True,True,197,145.0,4.0,2.0,me+text
R/56/61|2001-12-03,2001-12-03,R/56/61,"ISRAEL, SETTLEMENTS",0.0,0.0,True,True,197,145.0,4.0,3.0,me+text
R/56/60|2001-12-03,2001-12-03,R/56/60,"ISRAEL, GENEVA CONVENTION",0.0,0.0,True,True,197,148.0,4.0,2.0,me+text
R/56/59|2001-12-03,2001-12-03,R/56/59,"ISRAEL, OCCUPIED TERRITORIES, COMMITTEE",0.0,0.0,True,True,197,83.0,4.0,58.0,me+text
R/56/58|2001-12-03,2001-12-03,R/56/58,"JERUSALEM, UNIVERSITY",0.0,0.0,True,True,197,151.0,3.0,1.0,me+text
R/56/57|2001-12-03,2001-12-03,R/56/57,"PALESTINE, REFUGEES, PROPERTIES",0.0,0.0,True,True,197,150.0,3.0,1.0,me+text
R/56/56|2001-12-03,2001-12-03,R/56/56,UNRWA,0.0,0.0,True,True,197,151.0,3.0,1.0,me+text
R/56/55|2001-12-03,2001-12-03,R/56/55,"PALESTINE, SCHOLARSHIPS, GRANTS",0.0,0.0,True,True,197,154.0,0.0,1.0,me+text
R/56/54|2001-12-03,2001-12-03,R/56/54,"PALESTINE, DISPLACED PERSONS",0.0,0.0,True,True,197,151.0,3.0,1.0,me+text
R/56/52|2001-12-03,2001-12-03,R/56/52,"PALESTINE, ASSISTANCE",0.0,0.0,True,True,197,151.0,2.0,2.0,me+text
R/56/36|2001-12-03,2001-12-03,R/56/36,"PALESTINE, PEACEFUL SETTLEMENT",0.0,0.0,True,True,197,131.0,6.0,20.0,me+text
R/56/34|2001-12-03,2001-12-03,R/56/34,"PALESTINE, RIGHTS, SECRETARIAT",0.0,0.0,True,True,197,107.0,5.0,47.0,me+text
R/56/31|2001-12-03,2001-12-03,R/56/31,JERUSALEM,0.0,0.0,True,True,197,130.0,2.0,10.0,me+text
R/56/35|2001-12-03,2001-12-03,R/56/35,"PALESTINE, INFORMATION",0.0,0.0,True,True,197,153.0,4.0,3.0,me+text
R/56/33|2001-12-03,2001-12-03,R/56/33,"PALESTINE RIGHTS, COMMITTEE",0.0,0.0,True,True,197,106.0,5.0,48.0,me+text
R/56/142|2001-12-05,2001-12-05,R/56/142,"PALESTINE, SELF-DETERMINATION",0.0,0.0,True,True,197,161.0,3.0,1.0,me+text
R/56/204|2001-12-07,2001-12-07,R/56/204,"PALESTINE, SOVEREIGNTY",0.0,0.0,True,True,197,148.0,4.0,4.0,me+text
R/56/214A|2001-12-07,2001-12-07,R/56/214A,"LEBANON, INTERM FORCE",0.0,0.0,True,False,197,123.0,2.0,2.0,me_only
R/56/214B|2001-12-07,2001-12-07,R/56/214B,"LEBANON, INTERM FORCE",0.0,0.0,True,False,197,121.0,2.0,0.0,me_only
R/57/97|2002-11-07,2002-11-07,R/57/97,"NUCLEAR PROLIFERATION, MIDDLE EAST",0.0,0.0,True,True,197,158.0,3.0,8.0,me+text
R/57/107|2002-12-04,2002-12-04,R/57/107,"PALESTINE, RIGHTS, COMMITTEE",0.0,0.0,True,True,197,109.0,4.0,56.0,me+text
R/57/108|2002-12-04,2002-12-04,R/57/108,"PALESTINE, RIGHTS, SECRETARIAT",0.0,0.0,True,True,197,108.0,4.0,56.0,me+text
R/57/109|2002-12-04,2002-12-04,R/57/109,"PALESTINE, INFORMATION",0.0,0.0,True,True,197,159.0,5.0,0.0,me+text
R/57/110|2002-12-04,2002-12-04,R/57/110,"PALESTINE, PEACEFUL SETTLEMENT",0.0,0.0,True,True,197,160.0,4.0,3.0,me+text
R/57/111|2002-12-04,2002-12-04,R/57/111,JERUSALEM,0.0,0.0,True,True,197,154.0,5.0,6.0,me+text
R/57/112|2002-12-04,2002-12-04,R/57/112,SYRIAN GOLAN,0.0,0.0,True,True,197,109.0,4.0,57.0,me+text
R/57/198|2002-12-05,2002-12-05,R/57/198,"PALESTINE, SOVEREIGNTY",0.0,0.0,True,True,197,172.0,4.0,3.0,me+text
R/57/188|2002-12-05,2002-12-05,R/57/188,"PALESTINE, CHILDREN",0.0,0.0,True,True,197,108.0,5.0,60.0,me+text
R/57/128|2002-12-05,2002-12-05,R/57/128,SYRIAN GOLAN,0.0,0.0,True,True,197,155.0,1.0,9.0,me+text
R/57/124|2002-12-05,2002-12-05,R/57/124,"ISRAEL, OCCUPIED TERRITORIES, COMMITTEE",0.0,0.0,True,True,197,86.0,6.0,66.0,me+text
R/57/126|2002-12-05,2002-12-05,R/57/126,"ISRAEL, SETTLEMENTS",0.0,0.0,True,True,197,154.0,6.0,3.0,me+text
R/57/125|2002-12-05,2002-12-05,R/57/125,"ISRAEL, GENEVA CONVENTION",0.0,0.0,True,True,197,155.0,6.0,3.0,me+text
R/57/127|2002-12-05,2002-12-05,R/57/127,"HUMAN RIGHTS, OCCUPIED TERRITORIES",0.0,0.0,True,True,197,148.0,6.0,6.0,me+text
R/57/121|2002-12-05,2002-12-05,R/57/121,UNRWA,0.0,0.0,True,True,197,155.0,5.0,4.0,me+text
R/57/122|2002-12-05,2002-12-05,R/57/122,"PALESTINE, REFUGEES, PROPERTIES",0.0,0.0,True,True,197,159.0,5.0,2.0,me+text
R/57/119|2002-12-05,2002-12-05,R/57/119,"PALESTINE, DISPLACED PERSONS",0.0,0.0,True,True,197,155.0,5.0,3.0,me+text
R/57/117|2002-12-05,2002-12-05,R/57/117,"PALESTINE, ASSISTANCE",0.0,0.0,True,True,197,158.0,1.0,5.0,me+text
R/57/123|2002-12-05,2002-12-05,R/57/123,"JERUSALEM, UNIVERSITY",0.0,0.0,True,True,197,155.0,5.0,4.0,me+text
R/57/120|2002-12-05,2002-12-05,R/57/120,"PALESTINE, SCHOLARSHIPS, GRANTS",0.0,0.0,True,True,197,164.0,0.0,1.0,me+text
R/57/269|2002-12-07,2002-12-07,R/57/269,"PALESTINE, SOVEREIGNTY",0.0,0.0,True,True,197,155.0,4.0,4.0,me+text
R/57/325|2003-06-05,2003-06-05,R/57/325,"LEBANON, INTERM FORCE",0.0,0.0,True,False,197,135.0,2.0,0.0,me_only
R/58/19|2003-12-03,2003-12-03,R/58/19,Division for Palestinian Rights of the Secretariat : resolut,0.0,0.0,True,True,197,98.0,6.0,63.0,me+text
R/58/20|2003-12-03,2003-12-03,R/58/20,Special information programme on the question of Palestine o,0.0,0.0,True,True,197,159.0,6.0,6.0,me+text
R/58/21|2003-12-03,2003-12-03,R/58/21,Peaceful settlement of the question of Palestine : resolutio,0.0,0.0,True,True,197,160.0,6.0,5.0,me+text
R/58/22|2003-12-03,2003-12-03,R/58/22,Jerusalem : resolution / adopted by the General Assembly,0.0,0.0,True,True,197,155.0,8.0,7.0,me+text
R/58/23|2003-12-03,2003-12-03,R/58/23,The Syrian Golan : resolution / adopted by the General Assem,0.0,0.0,False,True,197,104.0,5.0,61.0,text_only
R/58/18|2003-12-03,2003-12-03,R/58/18,Committee on the Exercise of the Inalienable Rights of the P,0.0,0.0,True,True,197,97.0,7.0,60.0,me+text
R/58/99|2003-12-09,2003-12-09,R/58/99,Israeli practices affecting the human rights of the Palestin,0.0,0.0,True,True,197,150.0,6.0,19.0,me+text
R/58/98|2003-12-09,2003-12-09,R/58/98,"Israeli settlements in the Occupied Palestinian Territory, i",0.0,0.0,True,True,197,164.0,6.0,4.0,me+text
R/58/100|2003-12-09,2003-12-09,R/58/100,The occupied Syrian Golan : resolution / adopted by the Gene,0.0,0.0,False,True,197,163.0,1.0,11.0,text_only
R/58/96|2003-12-09,2003-12-09,R/58/96,Work of the Special Committee to Investigate Israeli Practic,0.0,0.0,True,True,197,87.0,7.0,78.0,me+text
R/58/97|2003-12-09,2003-12-09,R/58/97,Applicability of the Geneva Convention relative to the Prote,0.0,0.0,True,True,197,164.0,6.0,4.0,me+text
R/58/95|2003-12-09,2003-12-09,R/58/95,Assistance to Palestine refugees and support for the UN Reli,0.0,0.0,True,True,197,133.0,0.0,35.0,me+text
R/58/91|2003-12-09,2003-12-09,R/58/91,Assistance to Palestine refugees : resolution / adopted by t,0.0,0.0,True,True,197,167.0,1.0,8.0,me+text
R/58/93|2003-12-09,2003-12-09,R/58/93,Operations of the UN Relief and Works Agency for Palestine R,0.0,0.0,True,True,197,162.0,5.0,8.0,me+text
R/58/94|2003-12-09,2003-12-09,R/58/94,Palestine refugees' properties and their revenues : resoluti,0.0,0.0,True,True,197,164.0,5.0,4.0,me+text
R/58/113|2003-12-17,2003-12-17,R/58/113,Assistance to the Palestinian people : resolution / adopted,0.0,0.0,True,True,197,170.0,0.0,2.0,me+text
R/58/163|2003-12-22,2003-12-22,R/58/163,The right of the Palestinian people to self-determination :,0.0,0.0,True,True,197,169.0,5.0,0.0,me+text
R/58/155|2003-12-22,2003-12-22,R/58/155,Situation of and assistance to Palestinian children : resolu,0.0,0.0,True,True,197,106.0,5.0,65.0,me+text
R/58/229|2003-12-23,2003-12-23,R/58/229,Permanent sovereignty of the Palestinian people in the Occup,0.0,0.0,True,True,197,157.0,4.0,10.0,me+text
R/58/292|2004-05-06,2004-05-06,R/58/292,"Status of the Occupied Territory, including East Jerusalem :",0.0,0.0,True,True,197,140.0,6.0,11.0,me+text
R/59/30|2004-12-01,2004-12-01,R/59/30,Special information programme on the question of Palestine o,0.0,0.0,True,True,197,162.0,7.0,9.0,me+text
R/59/33|2004-12-01,2004-12-01,R/59/33,The Syrian Golan : resolution / adopted by the General Assem,0.0,0.0,False,True,197,111.0,6.0,60.0,text_only
R/59/32|2004-12-01,2004-12-01,R/59/32,Jerusalem : resolution / adopted by the General Assembly,0.0,0.0,True,True,197,155.0,7.0,15.0,me+text
R/59/28|2004-12-01,2004-12-01,R/59/28,Committee on the Exercise of Inalienable Rights of the Pales,0.0,0.0,True,True,198,104.0,7.0,63.0,me+text
R/59/29|2004-12-01,2004-12-01,R/59/29,Division for Palestinian Rights of the Secretariat : resolut,0.0,0.0,True,True,197,103.0,8.0,64.0,me+text
R/59/31|2004-12-01,2004-12-01,R/59/31,Peaceful settlement of the question of Palestine : resolutio,0.0,0.0,True,True,197,161.0,7.0,10.0,me+text
R/59/119|2004-12-10,2004-12-10,R/59/119,Operations of the United Nations Relief and Works Agency for,0.0,0.0,True,True,197,163.0,6.0,7.0,me+text
R/59/124|2004-12-10,2004-12-10,R/59/124,Israeli practices affecting the human rights of the Palestin,0.0,0.0,True,True,197,149.0,7.0,22.0,me+text
R/59/122|2004-12-10,2004-12-10,R/59/122,Applicability of the Geneva Convention relative to the Prote,0.0,0.0,True,True,197,160.0,7.0,11.0,me+text
R/59/121|2004-12-10,2004-12-10,R/59/121,Work of the Special Committee to Investigate Israeli Practic,0.0,0.0,True,True,197,84.0,9.0,80.0,me+text
R/59/120|2004-12-10,2004-12-10,R/59/120,Palestine refugees' properties and their revenues : resoluti,0.0,0.0,True,True,197,161.0,6.0,9.0,me+text
R/59/125|2004-12-10,2004-12-10,R/59/125,The occupied Syrian Golan : resolution / adopted by the Gene,0.0,0.0,False,True,197,160.0,2.0,15.0,text_only
R/59/123|2004-12-10,2004-12-10,R/59/123,"Israeli settlements in the Occupied Palestinian Territory, i",0.0,0.0,True,True,197,155.0,8.0,15.0,me+text
R/59/117|2004-12-10,2004-12-10,R/59/117,Assistance to Palestine refugees : resolution / adopted by t,0.0,0.0,True,True,197,167.0,1.0,11.0,me+text
R/59/173|2004-12-20,2004-12-20,R/59/173,The situation of and assistance to Palestinian children : re,0.0,0.0,True,True,197,117.0,5.0,62.0,me+text
R/59/179|2004-12-20,2004-12-20,R/59/179,The right of the Palestinian people to self-determination :,0.0,0.0,True,True,197,179.0,5.0,3.0,me+text
R/59/251|2004-12-22,2004-12-22,R/59/251,Permanent sovereignty of the Palestinian people in the Occup,0.0,0.0,True,True,197,156.0,5.0,11.0,me+text
R/60/41|2005-12-01,2005-12-01,R/60/41,Jerusalem : resolution / adopted by the General Assembly,0.0,0.0,True,True,197,153.0,7.0,12.0,me+text
R/60/38|2005-12-01,2005-12-01,R/60/38,Special Information Programme on the Question of Palestine o,0.0,0.0,True,True,197,160.0,7.0,6.0,me+text
R/60/39|2005-12-01,2005-12-01,R/60/39,Peaceful settlement of the Question of Palestine : resolutio,0.0,0.0,True,True,197,156.0,6.0,9.0,me+text
R/60/37|2005-12-01,2005-12-01,R/60/37,Division for Palestinian Rights of the Secretariat : resolut,0.0,0.0,True,True,197,105.0,8.0,59.0,me+text
R/60/36|2005-12-01,2005-12-01,R/60/36,Committee on the Exercise of the Inalienable Rights of the P,0.0,0.0,True,True,197,106.0,8.0,59.0,me+text
R/60/103|2005-12-08,2005-12-08,R/60/103,Palestine Refugees' properties and their revenues : resoluti,0.0,0.0,True,True,197,160.0,6.0,3.0,me+text
R/60/100|2005-12-08,2005-12-08,R/60/100,Assistance to Palestine refugees : resolution / adopted by t,0.0,0.0,True,True,197,161.0,1.0,11.0,me+text
R/60/105|2005-12-08,2005-12-08,R/60/105,Applicability of the Geneva Convention relative to the Prote,0.0,0.0,True,True,197,158.0,6.0,7.0,me+text
R/60/106|2005-12-08,2005-12-08,R/60/106,"Israeli settlements in the Occupied Palestinian Territory, i",0.0,0.0,True,True,197,153.0,7.0,10.0,me+text
R/60/107|2005-12-08,2005-12-08,R/60/107,Israeli practices affecting the human rights of the Palestin,0.0,0.0,True,True,197,148.0,7.0,17.0,me+text
R/60/108|2005-12-08,2005-12-08,R/60/108,The occupied Syrian Golan : resolution / adopted by the Gene,0.0,0.0,False,True,197,156.0,1.0,15.0,text_only
R/59/307|2005-12-08,2005-12-08,R/59/307,Financing of the United Nations Interim Force in Lebanon : r,0.0,0.0,True,False,197,126.0,2.0,1.0,me_only
R/60/102|2005-12-08,2005-12-08,R/60/102,Operations of the United Nations Relief and Works Agency for,0.0,0.0,True,True,197,159.0,6.0,3.0,me+text
R/60/104|2005-12-08,2005-12-08,R/60/104,Work of the Special Committee to Investigate Israeli Practic,0.0,0.0,True,True,197,86.0,10.0,74.0,me+text
R/60/146|2005-12-16,2005-12-16,R/60/146,The right of the Palestinian people to self-determination :,0.0,0.0,True,True,197,170.0,5.0,1.0,me+text
R/60/183|2005-12-22,2005-12-22,R/60/183,Permanent sovereignty of the Palestinian people in the Occup,0.0,0.0,True,True,197,156.0,6.0,8.0,me+text
R/61/27|2006-12-01,2006-12-01,R/61/27,MIDDLE EAST SITUATION,0.0,0.0,False,True,193,107.0,6.0,60.0,text_only
R/61/25|2006-12-01,2006-12-01,R/61/25,PALESTINE QUESTION,0.0,0.0,True,True,193,157.0,7.0,10.0,me+text
R/61/24|2006-12-01,2006-12-01,R/61/24,PALESTINE QUESTION,0.0,0.0,True,True,193,157.0,7.0,9.0,me+text
R/61/26|2006-12-01,2006-12-01,R/61/26,"MIDDLE EAST SITUATION, PALESTINE QUESTION",0.0,0.0,True,True,193,157.0,6.0,9.0,me+text
R/61/22|2006-12-01,2006-12-01,R/61/22,PALESTINE QUESTION,0.0,0.0,True,True,193,101.0,7.0,62.0,me+text
R/61/23|2006-12-01,2006-12-01,R/61/23,PALESTINE QUESTION,0.0,0.0,True,True,193,101.0,7.0,62.0,me+text
R/61/112|2006-12-14,2006-12-14,R/61/112,"UNRWA, ACTIVITIES",0.0,0.0,True,True,193,173.0,1.0,9.0,me+text
R/61/113|2006-12-14,2006-12-14,R/61/113,"UNRWA, ACTIVITIES",0.0,0.0,False,True,193,170.0,6.0,7.0,text_only
R/61/114|2006-12-14,2006-12-14,R/61/114,"UNRWA, ACTIVITIES",0.0,0.0,True,True,193,169.0,6.0,8.0,me+text
R/61/115|2006-12-14,2006-12-14,R/61/115,"UNRWA, ACTIVITIES",0.0,0.0,True,True,193,170.0,6.0,8.0,me+text
R/61/116|2006-12-14,2006-12-14,R/61/116,"TERRITORIES OCCUPIED BY ISRAEL, HUMAN RIGHTS",0.0,0.0,True,True,193,92.0,10.0,78.0,me+text
R/61/117|2006-12-14,2006-12-14,R/61/117,"TERRITORIES OCCUPIED BY ISRAEL, HUMAN RIGHTS",0.0,0.0,True,True,193,165.0,7.0,10.0,me+text
R/61/118|2006-12-14,2006-12-14,R/61/118,"TERRITORIES OCCUPIED BY ISRAEL, HUMAN RIGHTS",0.0,0.0,True,True,193,162.0,8.0,10.0,me+text
R/61/119|2006-12-14,2006-12-14,R/61/119,"TERRITORIES OCCUPIED BY ISRAEL, HUMAN RIGHTS",0.0,0.0,True,True,193,158.0,8.0,14.0,me+text
R/61/120|2006-12-14,2006-12-14,R/61/120,"TERRITORIES OCCUPIES BY ISRAEL, HUMAN RIGHTS",0.0,0.0,True,True,193,163.0,2.0,16.0,me+text
R/61/135|2006-12-14,2006-12-14,R/61/135,"PALESTINIANS, ASSISTANCE",0.0,0.0,True,True,193,159.0,0.0,6.0,me+text
R/61/152|2006-12-19,2006-12-19,R/61/152,The right of the palestine people to self-determination: res,0.0,0.0,True,True,193,176.0,5.0,5.0,me+text
R/61/154|2006-12-19,2006-12-19,R/61/154,The human rights situation arising from the recent Israeli m,0.0,0.0,True,True,193,112.0,7.0,64.0,me+text
R/61/184|2006-12-20,2006-12-20,R/61/184,Permanent souvereignity of the Palestine people in the occup,0.0,0.0,True,True,193,164.0,6.0,9.0,me+text
R/62/81|2007-12-10,2007-12-10,R/62/81,PALESTINE QUESTION,0.0,0.0,True,True,193,110.0,8.0,54.0,me+text
R/62/83|2007-12-10,2007-12-10,R/62/83,PALESTINE QUESTION,0.0,0.0,True,True,193,161.0,7.0,5.0,me+text
R/62/85|2007-12-10,2007-12-10,R/62/85,MIDDLE EAST SITUATION,0.0,0.0,False,True,193,111.0,6.0,56.0,text_only
R/62/82|2007-12-10,2007-12-10,R/62/82,PALESTINE QUESTION,0.0,0.0,True,True,193,161.0,8.0,5.0,me+text
R/62/84|2007-12-10,2007-12-10,R/62/84,"MIDDLE EAST SITUATION, PALESTINE QUESTION",0.0,0.0,True,True,193,160.0,6.0,7.0,me+text
R/62/80|2007-12-10,2007-12-10,R/62/80,PALESTINE QUESTION,0.0,0.0,True,True,193,109.0,8.0,55.0,me+text
R/62/110|2007-12-17,2007-12-17,R/62/110,"TERRITORIES OCCUPIED BY ISRAEL, HUMAN RIGHTS",0.0,0.0,True,True,193,164.0,1.0,10.0,me+text
R/62/108|2007-12-17,2007-12-17,R/62/108,"TERRITORIES OCCUPIED BY ISRAEL, HUMAN RIGHTS",0.0,0.0,True,True,193,165.0,7.0,4.0,me+text
R/62/107|2007-12-17,2007-12-17,R/62/107,"TERRITORIES OCCUPIED BY ISRAEL, HUMAN RIGHTS",0.0,0.0,True,True,193,169.0,6.0,3.0,me+text
R/62/106|2007-12-17,2007-12-17,R/62/106,"TERRITORIES OCCUPIED BY ISRAEL, HUMAN RIGHTS",0.0,0.0,True,True,193,93.0,8.0,74.0,me+text
R/62/105|2007-12-17,2007-12-17,R/62/105,"UNRWA, ACTIVITIES, PALESTINE",0.0,0.0,True,True,193,170.0,6.0,3.0,me+text
R/62/104|2007-12-17,2007-12-17,R/62/104,"UNRWA, ACTIVITIES, PALESTINE",0.0,0.0,True,True,193,170.0,6.0,3.0,me+text
R/62/103|2007-12-17,2007-12-17,R/62/103,"UNRWA, ACTIVITIES, PALESTINE",0.0,0.0,True,True,193,171.0,6.0,2.0,me+text
R/62/102|2007-12-17,2007-12-17,R/62/102,"UNRWA, ACTIVITIES, PALESTINE",0.0,0.0,True,True,193,171.0,2.0,6.0,me+text
R/62/146|2007-12-18,2007-12-18,R/62/146,"SELF-DETERMINATION OF PEOPLES, PALESTINIAN PEOPLE",0.0,0.0,True,True,193,176.0,5.0,4.0,me+text
R/62/181|2007-12-19,2007-12-19,R/62/181,"TERRITPRIES OCCUPIED BY ISRAEL, NATURAL RESOURCES",0.0,0.0,True,True,193,166.0,7.0,6.0,me+text
R/63/31|2008-11-26,2008-11-26,R/63/31,MIDDLE EAST SITUATION,0.0,0.0,False,True,193,116.0,6.0,52.0,text_only
R/63/30|2008-11-26,2008-11-26,R/63/30,MIDDLE EAST SITUATION,0.0,0.0,True,True,193,163.0,6.0,6.0,me+text
R/63/29|2008-11-26,2008-11-26,R/63/29,PALESTINE QUESTION,0.0,0.0,True,True,193,164.0,7.0,3.0,me+text
R/63/27|2008-11-26,2008-11-26,R/63/27,PALESTINE QUESTION,0.0,0.0,True,True,193,106.0,8.0,57.0,me+text
R/63/26|2008-11-26,2008-11-26,R/63/26,PALESTINE QUESTION,0.0,0.0,True,True,193,107.0,8.0,57.0,me+text
R/63/28|2008-11-26,2008-11-26,R/63/28,PALESTINE QUESTION,0.0,0.0,True,True,193,162.0,8.0,4.0,me+text
R/63/98|2008-12-05,2008-12-05,R/63/98,"TERRITORIES OCCUPIED BY ISRAEL, HUMAN RIGHTS",0.0,0.0,True,True,193,165.0,8.0,4.0,me+text
R/63/97|2008-12-05,2008-12-05,R/63/97,"TERRITORIES OCCUPIED BY ISRAEL, HUMAN RIGHTS",0.0,0.0,True,True,193,171.0,6.0,2.0,me+text
R/63/96|2008-12-05,2008-12-05,R/63/96,"TERRITORIES OCCUPIED BY ISRAEL, HUMAN RIGHTS",0.0,0.0,True,True,193,173.0,6.0,1.0,me+text
R/63/95|2008-12-05,2008-12-05,R/63/95,"TERRITORIES OCCUPIED BY ISRAEL, HUMAN RIGHTS",0.0,0.0,True,True,193,94.0,8.0,73.0,me+text
R/63/99|2008-12-05,2008-12-05,R/63/99,"TERRITORIES OCCUPIED BY ISRAEL, HUMAN RIGHTS",0.0,0.0,True,True,193,171.0,1.0,7.0,me+text
R/63/93|2008-12-05,2008-12-05,R/63/93,"UNRWA, ACTIVITIES, PALESTINE QUESTION",0.0,0.0,True,True,193,173.0,6.0,2.0,me+text
R/63/92|2008-12-05,2008-12-05,R/63/92,"UNRWA, ACTIVITIES, PALESTINE QUESTION",0.0,0.0,True,True,193,172.0,6.0,2.0,me+text
R/63/91|2008-12-05,2008-12-05,R/63/91,"UNRWA, ACTIVITIES, PALESTINE QUESTION",0.0,0.0,True,True,193,173.0,1.0,6.0,me+text
R/63/94|2008-12-05,2008-12-05,R/63/94,"UNRWA, ACTIVITIES, PALESTINE QUESTION",0.0,0.0,True,True,193,173.0,6.0,2.0,me+text
R/63/165|2008-12-18,2008-12-18,R/63/165,SELF-DETERMINATION OF PEOPLES,0.0,0.0,True,True,193,173.0,5.0,7.0,me+text
R/63/201|2008-12-19,2008-12-19,R/63/201,"TERRITORIES OCCUPIED BY ISRAEL, NATURAL RESOURCES",0.0,0.0,True,True,193,164.0,8.0,5.0,me+text
R/64/10|2009-11-05,2009-11-05,R/64/10,"UN HUMAN RIGHTS COUNCIL, REPORTS",0.0,0.0,False,True,193,114.0,18.0,44.0,text_only
R/64/21|2009-12-02,2009-12-02,R/64/21,MIDDLE EAST SITUATION,0.0,0.0,False,True,193,116.0,7.0,51.0,text_only
R/64/20|2009-12-02,2009-12-02,R/64/20,MIDDLE EAST SITUATION,0.0,0.0,True,True,193,163.0,7.0,5.0,me+text
R/64/19|2009-12-02,2009-12-02,R/64/19,PALESTINE QUESTION,0.0,0.0,True,True,193,164.0,7.0,4.0,me+text
R/64/17|2009-12-02,2009-12-02,R/64/17,PALESTINE QUESTION,0.0,0.0,True,True,193,112.0,9.0,54.0,me+text
R/64/16|2009-12-02,2009-12-02,R/64/16,PALESTINE QUESTION,0.0,0.0,True,True,193,110.0,8.0,54.0,me+text
R/64/18|2009-12-02,2009-12-02,R/64/18,PALESTINE QUESTION,0.0,0.0,True,True,193,162.0,8.0,5.0,me+text
R/64/92|2009-12-10,2009-12-10,R/64/92,"TERRITORIES OCCUPIED BY ISRAEL, HUMAN RIGHTS",0.0,0.0,True,True,193,168.0,6.0,4.0,me+text
R/64/95|2009-12-10,2009-12-10,R/64/95,"TERRITORIES OCCUPIED BY ISRAEL, HUMAN RIGHTS",0.0,0.0,True,True,193,166.0,1.0,11.0,me+text
R/64/94|2009-12-10,2009-12-10,R/64/94,"TERRITORIES OCCUPIED BY ISRAEL, HUMAN RIGHTS",0.0,0.0,True,True,193,162.0,9.0,5.0,me+text
R/64/93|2009-12-10,2009-12-10,R/64/93,"TERRITORIES OCCUPIED BY ISRAEL, HUMAN RIGHTS",0.0,0.0,True,True,193,167.0,7.0,3.0,me+text
R/64/91|2009-12-10,2009-12-10,R/64/91,"TERRITORIES OCCUPIED BY ISRAEL, HUMAN RIGHTS",0.0,0.0,True,True,193,92.0,9.0,74.0,me+text
R/64/87|2009-12-10,2009-12-10,R/64/87,"UNRWA, ACTIVITIES",0.0,0.0,True,True,193,168.0,1.0,7.0,me+text
R/64/89|2009-12-10,2009-12-10,R/64/89,"UNRWA, ACTIVITIES",0.0,0.0,True,True,193,166.0,6.0,4.0,me+text
R/64/88|2009-12-10,2009-12-10,R/64/88,"UNRWA, ACTIVITIES",0.0,0.0,False,True,193,166.0,7.0,4.0,text_only
R/64/90|2009-12-10,2009-12-10,R/64/90,"UNRWA, ACTIVITIES",0.0,0.0,True,True,193,168.0,6.0,3.0,me+text
R/64/150|2009-12-18,2009-12-18,R/64/150,SELF-DETERMINATION OF PEOPLES,0.0,0.0,True,True,193,176.0,6.0,3.0,me+text
R/64/185|2009-12-21,2009-12-21,R/64/185,"TERRITORIES OCCUPIED BY ISRAEL, NATURAL RESOURCES",0.0,0.0,True,True,193,165.0,8.0,7.0,me+text
R/64/254|2010-02-26,2010-02-26,R/64/254,"UN HUMAN RIGHTS COUNCIL, REPORTS",0.0,0.0,False,True,193,98.0,7.0,31.0,text_only
R/65/13|2010-11-30,2010-11-30,R/65/13,PALESTINE QUESTION,0.0,0.0,True,True,193,112.0,9.0,54.0,me+text
R/65/14|2010-11-30,2010-11-30,R/65/14,PALESTINE QUESTION,0.0,0.0,True,True,193,110.0,9.0,56.0,me+text
R/65/15|2010-11-30,2010-11-30,R/65/15,PALESTINE QUESTION,0.0,0.0,True,True,193,167.0,8.0,2.0,me+text
R/65/16|2010-11-30,2010-11-30,R/65/16,PALESTINE QUESTION,0.0,0.0,True,True,193,165.0,7.0,4.0,me+text
R/65/18|2010-11-30,2010-11-30,R/65/18,MIDDLE EAST SITUATION,0.0,0.0,False,True,193,118.0,7.0,52.0,text_only
R/65/17|2010-11-30,2010-11-30,R/65/17,MIDDLE EAST SITUATION,0.0,0.0,True,True,193,166.0,6.0,4.0,me+text
R/65/100|2010-12-08,2010-12-08,R/65/100,UNRWA--ACTIVITIES,0.0,0.0,True,True,193,169.0,6.0,2.0,me+text
R/65/98|2010-12-10,2010-12-10,R/65/98,"UNRWA, ACTIVITIES",0.0,0.0,True,True,193,169.0,1.0,6.0,me+text
R/65/99|2010-12-10,2010-12-10,R/65/99,"UNRWA, ACTIVITIES",0.0,0.0,False,True,193,167.0,6.0,4.0,text_only
R/65/106|2010-12-10,2010-12-10,R/65/106,"TERRITORIES OCCUPIED BY ISRAEL, HUMAN RIGHTS",0.0,0.0,True,True,193,167.0,1.0,9.0,me+text
R/65/105|2010-12-10,2010-12-10,R/65/105,"TERRITORIES OCCUPIED BY ISRAEL, HUMAN RIGHTS",0.0,0.0,True,True,193,165.0,9.0,2.0,me+text
R/65/104|2010-12-10,2010-12-10,R/65/104,"TERRITORIES OCCUPIED BY ISRAEL, HUMAN RIGHTS",0.0,0.0,True,True,193,169.0,6.0,3.0,me+text
R/65/103|2010-12-10,2010-12-10,R/65/103,"TERRITORIES OCCUPIED BY ISRAEL, HUMAN RIGHTS",0.0,0.0,True,True,193,169.0,6.0,2.0,me+text
R/65/102|2010-12-10,2010-12-10,R/65/102,"TERRITORIES OCCUPIED BY ISRAEL, HUMAN RIGHTS",0.0,0.0,True,True,193,94.0,9.0,72.0,me+text
R/65/101|2010-12-10,2010-12-10,R/65/101,UNRWA--ACTIVITIES,0.0,0.0,True,True,193,169.0,6.0,2.0,me+text
R/65/202|2010-12-21,2010-12-21,R/65/202,SELF-DETERMINATION OF PEOPLES,0.0,0.0,True,True,193,177.0,6.0,4.0,me+text
R/65/272|2011-04-18,2011-04-18,R/65/272,UNRWA--ACTIVITIES,0.0,0.0,True,True,193,123.0,1.0,0.0,me+text
R/65/303|2011-06-30,2011-06-30,R/65/303,UN INTERIM FORCE IN LEBANON--FINANCING,0.0,0.0,True,False,193,117.0,3.0,1.0,me_only
R/66/16|2011-11-30,2011-11-30,R/66/16,PALESTINE QUESTION,0.0,0.0,True,True,193,168.0,8.0,3.0,me+text
R/66/14|2011-11-30,2011-11-30,R/66/14,PALESTINE QUESTION,0.0,0.0,True,True,193,115.0,8.0,53.0,me+text
R/66/17|2011-11-30,2011-11-30,R/66/17,PALESTINE QUESTION,0.0,0.0,True,True,193,167.0,7.0,4.0,me+text
R/66/18|2011-11-30,2011-11-30,R/66/18,MIDDLE EAST SITUATION,0.0,0.0,True,True,193,164.0,7.0,5.0,me+text
R/66/19|2011-11-30,2011-11-30,R/66/19,MIDDLE EAST SITUATION,0.0,0.0,False,True,193,119.0,7.0,53.0,text_only
R/66/15|2011-11-30,2011-11-30,R/66/15,PALESTINE QUESTION,0.0,0.0,True,True,193,114.0,9.0,54.0,me+text
R/66/79|2011-12-09,2011-12-09,R/66/79,TERRITORIES OCCUPIED BY ISRAEL--HUMAN RIGHTS,0.0,0.0,True,True,193,159.0,9.0,4.0,me+text
R/66/78|2011-12-09,2011-12-09,R/66/78,TERRITORIES OCCUPIED BY ISRAEL--HUMAN RIGHTS,0.0,0.0,True,True,193,162.0,7.0,4.0,me+text
R/66/77|2011-12-09,2011-12-09,R/66/77,TERRITORIES OCCUPIED BY ISRAEL--HUMAN RIGHTS,0.0,0.0,True,True,193,164.0,7.0,2.0,me+text
R/66/76|2011-12-09,2011-12-09,R/66/76,TERRITORIES OCCUPIED BY ISRAEL--HUMAN RIGHTS,0.0,0.0,True,True,193,86.0,9.0,75.0,me+text
R/66/80|2011-12-09,2011-12-09,R/66/80,TERRITORIES OCCUPIED BY ISRAEL--HUMAN RIGHTS,0.0,0.0,True,True,193,162.0,1.0,11.0,me+text
R/66/74|2011-12-09,2011-12-09,R/66/74,UNRWA--ACTIVITIES,0.0,0.0,True,True,193,165.0,7.0,2.0,me+text
R/66/73|2011-12-09,2011-12-09,R/66/73,UNRWA--ACTIVITIES,0.0,0.0,False,True,193,163.0,7.0,3.0,text_only
R/66/72|2011-12-09,2011-12-09,R/66/72,UNRWA--ACTIVITIES,0.0,0.0,True,True,193,160.0,1.0,8.0,me+text
R/66/75|2011-12-09,2011-12-09,R/66/75,UNRWA--ACTIVITIES,0.0,0.0,True,True,193,165.0,7.0,2.0,me+text
R/66/146|2011-12-19,2011-12-19,R/66/146,SELF-DETERMINATION OF PEOPLES,0.0,0.0,True,True,193,182.0,7.0,3.0,me+text
R/66/225|2011-12-22,2011-12-22,R/66/225,TERRITORIES OCCUPIED BY ISRAEL--NATURAL RESOURCES,0.0,0.0,True,True,193,167.0,7.0,6.0,me+text
R/67/19|2012-11-29,2012-11-29,R/67/19,PALESTINE QUESTION,0.0,0.0,True,True,193,138.0,9.0,41.0,me+text
R/67/25|2012-11-30,2012-11-30,R/67/25,MIDDLE EAST SITUATION,0.0,0.0,False,True,193,110.0,6.0,59.0,text_only
R/67/24|2012-11-30,2012-11-30,R/67/24,MIDDLE EAST SITUATION,0.0,0.0,True,True,193,162.0,7.0,6.0,me+text
R/67/23|2012-11-30,2012-11-30,R/67/23,PALESTINE QUESTION,0.0,0.0,True,True,193,163.0,6.0,5.0,me+text
R/67/22|2012-11-30,2012-11-30,R/67/22,PALESTINE QUESTION,0.0,0.0,True,True,193,160.0,7.0,7.0,me+text
R/67/21|2012-11-30,2012-11-30,R/67/21,PALESTINE QUESTION,0.0,0.0,True,True,193,103.0,7.0,61.0,me+text
R/67/20|2012-11-30,2012-11-30,R/67/20,PALESTINE QUESTION,0.0,0.0,True,True,193,106.0,7.0,56.0,me+text
R/67/73|2012-12-03,2012-12-03,R/67/73,NUCLEAR PROLIFERATION--MIDDLE EAST,0.0,0.0,False,True,193,174.0,6.0,6.0,text_only
R/67/114|2012-12-18,2012-12-18,R/67/114,UNRWA--ACTIVITIES,0.0,0.0,True,True,193,170.0,1.0,8.0,me+text
R/67/122|2012-12-18,2012-12-18,R/67/122,TERRITORIES OCCUPIED BY ISRAEL--HUMAN RIGHTS,0.0,0.0,True,True,193,168.0,1.0,11.0,me+text
R/67/115|2012-12-18,2012-12-18,R/67/115,UNRWA--ACTIVITIES,0.0,0.0,False,True,193,170.0,6.0,4.0,text_only
R/67/116|2012-12-18,2012-12-18,R/67/116,UNRWA--ACTIVITIES,0.0,0.0,True,True,193,172.0,6.0,1.0,me+text
R/67/119|2012-12-18,2012-12-18,R/67/119,TERRITORIES OCCUPIED BY ISRAEL--HUMAN RIGHTS,0.0,0.0,True,True,193,171.0,6.0,3.0,me+text
R/67/118|2012-12-18,2012-12-18,R/67/118,TERRITORIES OCCUPIED BY ISRAEL--HUMAN RIGHTS,0.0,0.0,True,True,193,98.0,8.0,72.0,me+text
R/67/120|2012-12-18,2012-12-18,R/67/120,TERRITORIES OCCUPIED BY ISRAEL--HUMAN RIGHTS,0.0,0.0,True,True,193,169.0,6.0,5.0,me+text
R/67/121|2012-12-18,2012-12-18,R/67/121,TERRITORIES OCCUPIED BY ISRAEL--HUMAN RIGHTS,0.0,0.0,True,True,193,164.0,8.0,6.0,me+text
R/67/117|2012-12-18,2012-12-18,R/67/117,UNRWA--ACTIVITIES,0.0,0.0,True,True,193,173.0,6.0,2.0,me+text
R/67/158|2012-12-20,2012-12-20,R/67/158,SELF-DETERMINATION OF PEOPLES,0.0,0.0,True,True,193,179.0,7.0,3.0,me+text
R/67/229|2012-12-21,2012-12-21,R/67/229,TERRITORIES OCCUPIED BY ISRAEL--NATURAL RESOURCES,0.0,0.0,True,True,193,170.0,7.0,9.0,me+text
R/68/12|2013-11-26,2013-11-26,R/68/12,PALESTINE QUESTION,0.0,0.0,True,True,193,110.0,7.0,56.0,me+text
R/68/17|2013-11-26,2013-11-26,R/68/17,MIDDLE EAST SITUATION,0.0,0.0,False,True,193,112.0,6.0,58.0,text_only
R/68/13|2013-11-26,2013-11-26,R/68/13,PALESTINE QUESTION,0.0,0.0,True,True,193,108.0,7.0,59.0,me+text
R/68/14|2013-11-26,2013-11-26,R/68/14,PALESTINE QUESTION,0.0,0.0,True,True,193,163.0,7.0,7.0,me+text
R/68/15|2013-11-26,2013-11-26,R/68/15,PALESTINE QUESTION,0.0,0.0,True,True,193,165.0,6.0,6.0,me+text
R/68/16|2013-11-26,2013-11-26,R/68/16,MIDDLE EAST SITUATION,0.0,0.0,True,True,193,162.0,6.0,8.0,me+text
R/68/65|2013-12-05,2013-12-05,R/68/65,NUCLEAR PROLIFERATION--MIDDLE EAST,0.0,0.0,False,True,193,169.0,5.0,6.0,text_only
R/68/76|2013-12-11,2013-12-11,R/68/76,UNRWA--ACTIVITIES,0.0,0.0,True,True,193,173.0,1.0,8.0,me+text
R/68/78|2013-12-11,2013-12-11,R/68/78,UNRWA--ACTIVITIES,0.0,0.0,True,True,193,170.0,6.0,6.0,me+text
R/68/79|2013-12-11,2013-12-11,R/68/79,UNRWA--ACTIVITIES,0.0,0.0,True,True,193,172.0,6.0,5.0,me+text
R/68/80|2013-12-11,2013-12-11,R/68/80,TERRITORIES OCCUPIED BY ISRAEL--HUMAN RIGHTS,0.0,0.0,True,True,193,95.0,8.0,75.0,me+text
R/68/81|2013-12-11,2013-12-11,R/68/81,TERRITORIES OCCUPIED BY ISRAEL--HUMAN RIGHTS,0.0,0.0,True,True,193,169.0,6.0,7.0,me+text
R/68/82|2013-12-11,2013-12-11,R/68/82,TERRITORIES OCCUPIED BY ISRAEL--HUMAN RIGHTS,0.0,0.0,True,True,193,167.0,6.0,9.0,me+text
R/68/83|2013-12-11,2013-12-11,R/68/83,TERRITORIES OCCUPIED BY ISRAEL--HUMAN RIGHTS,0.0,0.0,True,True,193,165.0,8.0,8.0,me+text
R/68/84|2013-12-11,2013-12-11,R/68/84,TERRITORIES OCCUPIED BY ISRAEL--HUMAN RIGHTS,0.0,0.0,True,True,193,169.0,1.0,12.0,me+text
R/68/77|2013-12-11,2013-12-11,R/68/77,UNRWA--ACTIVITIES,0.0,0.0,False,True,193,170.0,6.0,6.0,text_only
R/68/154|2013-12-18,2013-12-18,R/68/154,SELF-DETERMINATION OF PEOPLES,0.0,0.0,True,True,193,178.0,7.0,4.0,me+text
R/68/235|2013-12-20,2013-12-20,R/68/235,TERRITORIES OCCUPIED BY ISRAEL--NATURAL RESOURCES,0.0,0.0,True,True,193,168.0,6.0,9.0,me+text
R/68/292|2014-06-30,2014-06-30,R/68/292,UN INTERIM FORCE IN LEBANON--FINANCING,0.0,0.0,True,False,193,138.0,3.0,1.0,me_only
R/69/25|2014-11-25,2014-11-25,R/69/25,,0.0,0.0,False,True,193,99.0,6.0,57.0,text_only
R/69/24|2014-11-25,2014-11-25,R/69/24,,0.0,0.0,True,True,193,144.0,6.0,10.0,me+text
R/69/23|2014-11-25,2014-11-25,R/69/23,,0.0,0.0,True,True,193,148.0,6.0,8.0,me+text
R/69/21|2014-11-25,2014-11-25,R/69/21,,0.0,0.0,True,True,193,91.0,7.0,59.0,me+text
R/69/20|2014-11-25,2014-11-25,R/69/20,,0.0,0.0,True,True,193,94.0,7.0,56.0,me+text
R/69/22|2014-11-25,2014-11-25,R/69/22,,0.0,0.0,True,True,193,147.0,7.0,9.0,me+text
R/69/78|2014-12-02,2014-12-02,R/69/78,,0.0,0.0,False,True,193,161.0,5.0,18.0,text_only
R/69/92|2014-12-05,2014-12-05,R/69/92,,0.0,0.0,True,True,193,159.0,7.0,12.0,me+text
R/69/94|2014-12-05,2014-12-05,R/69/94,,0.0,0.0,False,True,193,162.0,1.0,15.0,text_only
R/69/86|2014-12-05,2014-12-05,R/69/86,,0.0,0.0,True,True,193,163.0,1.0,10.0,me+text
R/69/88|2014-12-05,2014-12-05,R/69/88,,0.0,0.0,True,True,193,166.0,6.0,6.0,me+text
R/69/89|2014-12-05,2014-12-05,R/69/89,,0.0,0.0,True,True,193,165.0,7.0,6.0,me+text
R/69/90|2014-12-05,2014-12-05,R/69/90,,0.0,0.0,True,True,193,88.0,9.0,79.0,me+text
R/69/91|2014-12-05,2014-12-05,R/69/91,,0.0,0.0,True,True,193,163.0,7.0,9.0,me+text
R/69/93|2014-12-05,2014-12-05,R/69/93,,0.0,0.0,True,True,193,159.0,8.0,11.0,me+text
R/69/165|2014-12-18,2014-12-18,R/69/165,,0.0,0.0,True,True,193,180.0,7.0,4.0,me+text
R/69/241|2014-12-19,2014-12-19,R/69/241,,0.0,0.0,True,True,193,165.0,6.0,9.0,me+text
R/69/302|2015-06-25,2015-06-25,R/69/302,,0.0,0.0,True,False,193,89.0,3.0,47.0,me_only
R/70/16|2015-11-24,2015-11-24,R/70/16,,0.0,0.0,True,True,193,153.0,7.0,8.0,me+text
R/70/17|2015-11-24,2015-11-24,R/70/17,,0.0,0.0,False,True,193,105.0,6.0,56.0,text_only
R/70/15|2015-11-24,2015-11-24,R/70/15,,0.0,0.0,True,True,193,155.0,7.0,7.0,me+text
R/70/12|2015-11-24,2015-11-24,R/70/12,,0.0,0.0,True,True,193,102.0,8.0,57.0,me+text
R/70/13|2015-11-24,2015-11-24,R/70/13,,0.0,0.0,True,True,193,99.0,8.0,59.0,me+text
R/70/14|2015-11-24,2015-11-24,R/70/14,,0.0,0.0,True,True,193,155.0,7.0,7.0,me+text
R/70/70|2015-12-07,2015-12-07,R/70/70,,0.0,0.0,False,True,193,157.0,5.0,20.0,text_only
R/70/88|2015-12-09,2015-12-09,R/70/88,,0.0,0.0,True,True,193,163.0,6.0,8.0,me+text
R/70/91|2015-12-09,2015-12-09,R/70/91,,0.0,0.0,False,True,193,160.0,1.0,16.0,text_only
R/70/89|2015-12-09,2015-12-09,R/70/89,,0.0,0.0,True,True,193,161.0,7.0,8.0,me+text
R/70/87|2015-12-09,2015-12-09,R/70/87,,0.0,0.0,True,True,193,92.0,9.0,75.0,me+text
R/70/90|2015-12-09,2015-12-09,R/70/90,,0.0,0.0,True,True,193,158.0,8.0,10.0,me+text
R/70/85|2015-12-09,2015-12-09,R/70/85,,0.0,0.0,True,True,193,169.0,6.0,5.0,me+text
R/70/83|2015-12-09,2015-12-09,R/70/83,,0.0,0.0,True,True,193,167.0,1.0,11.0,me+text
R/70/86|2015-12-09,2015-12-09,R/70/86,,0.0,0.0,True,True,193,167.0,7.0,4.0,me+text
R/70/141|2015-12-17,2015-12-17,R/70/141,,0.0,0.0,True,True,193,177.0,7.0,4.0,me+text
R/70/225|2015-12-22,2015-12-22,R/70/225,,0.0,0.0,True,True,193,164.0,5.0,10.0,me+text
A/RES/71/24|2016-11-30,2016-11-30,A/RES/71/24,The Syrian Golan : resolution / adopted by the General Assembly,0.0,0.0,False,True,192,103.0,6.0,56.0,text_only
A/RES/71/21|2016-11-30,2016-11-30,A/RES/71/21,Division for Palestinian Rights of the Secretariat : resolution / adopted by the General Assembly,0.0,0.0,True,True,192,98.0,9.0,57.0,me+text
A/RES/71/22|2016-11-30,2016-11-30,A/RES/71/22,Special information programme on the question of Palestine of the Department of Public Information of the Secretariat : resolution / adopted by the General Assembly,0.0,0.0,True,True,192,153.0,7.0,7.0,me+text
A/RES/71/23|2016-11-30,2016-11-30,A/RES/71/23,Peaceful settlement of the question of Palestine : resolution / adopted by the General Assembly,0.0,0.0,True,True,192,153.0,7.0,7.0,me+text
A/RES/71/20|2016-11-30,2016-11-30,A/RES/71/20,Committee on the Exercise of the Inalienable Rights of the Palestinian People : resolution / adopted by the General Assembly,0.0,0.0,True,True,192,100.0,9.0,55.0,me+text
A/RES/71/25|2016-11-30,2016-11-30,A/RES/71/25,Jerusalem : resolution / adopted by the General Assembly,0.0,0.0,True,True,192,149.0,7.0,8.0,me+text
A/RES/71/83|2016-12-05,2016-12-05,A/RES/71/83,The risk of nuclear proliferation in the Middle East : resolution / adopted by the General Assembly,0.0,0.0,False,True,192,157.0,5.0,22.0,text_only
A/RES/71/91|2016-12-06,2016-12-06,A/RES/71/91,Assistance to Palestine refugees : resolution / adopted by the General Assembly,0.0,0.0,True,True,192,167.0,1.0,9.0,me+text
A/RES/71/92|2016-12-06,2016-12-06,A/RES/71/92,Persons displaced as a result of the June 1967 and subsequent hostilities : resolution / adopted by the General Assembly,0.0,0.0,True,True,192,166.0,6.0,6.0,me+text
A/RES/71/94|2016-12-06,2016-12-06,A/RES/71/94,Palestine refugees' properties and their revenues : resolution / adopted by the General Assembly,0.0,0.0,True,True,192,165.0,7.0,5.0,me+text
A/RES/71/95|2016-12-06,2016-12-06,A/RES/71/95,Work of the Special Committee to Investigate Israeli Practices Affecting the Human Rights of the Palestinian People and Other Arabs of the Occupied Territories : resolution / adopted by the General Assembly,0.0,0.0,True,True,192,91.0,11.0,73.0,me+text
A/RES/71/93|2016-12-06,2016-12-06,A/RES/71/93,Operations of the United Nations Relief and Works Agency for Palestine Refugees in the Near East : resolution / adopted by the General Assembly,0.0,0.0,True,True,192,167.0,6.0,5.0,me+text
A/RES/71/184|2016-12-19,2016-12-19,A/RES/71/184,The right of the Palestinian people to self-determination : resolution / adopted by the General Assembly,0.0,0.0,True,True,192,177.0,7.0,4.0,me+text
A/RES/71/247|2016-12-21,2016-12-21,A/RES/71/247,"Permanent sovereignty of the Palestinian people in the Occupied Palestinian Territory, including East Jerusalem, and of the Arab population in the occupied Syrian Golan over their natural resources : resolution / adopted by the General Assembly",0.0,0.0,True,True,192,168.0,7.0,11.0,me+text
A/RES/71/307|2017-06-30,2017-06-30,A/RES/71/307,Financing of the United Nations Interim Force in Lebanon : resolution / adopted by the General Assembly,0.0,0.0,True,False,192,137.0,3.0,0.0,me_only
A/RES/72/11|2017-11-30,2017-11-30,A/RES/72/11,Division for Palestinian Rights of the Secretariat : resolution / adopted by the General Assembly,0.0,0.0,True,True,193,100.0,10.0,59.0,me+text
A/RES/72/14|2017-11-30,2017-11-30,A/RES/72/14,Peaceful settlement of the question of Palestine : resolution / adopted by the General Assembly,0.0,0.0,True,True,193,157.0,7.0,8.0,me+text
A/RES/72/15|2017-11-30,2017-11-30,A/RES/72/15,Jerusalem : resolution / adopted by the General Assembly,0.0,0.0,True,True,193,151.0,6.0,9.0,me+text
A/RES/72/16|2017-11-30,2017-11-30,A/RES/72/16,The Syrian Golan : resolution / adopted by the General Assembly,0.0,0.0,False,True,193,105.0,6.0,58.0,text_only
A/RES/72/12|2017-11-30,2017-11-30,A/RES/72/12,Special information programme on the question of Palestine of the Department of Public Information of the Secretariat : resolution / adopted by the General Assembly,0.0,0.0,True,True,193,155.0,8.0,8.0,me+text
A/RES/72/13|2017-11-30,2017-11-30,A/RES/72/13,Committee on the Exercise of the Inalienable Rights of the Palestinian People : resolution / adopted by the General Assembly,0.0,0.0,True,True,193,103.0,10.0,57.0,me+text
A/RES/72/67|2017-12-04,2017-12-04,A/RES/72/67,The risk of nuclear proliferation in the Middle East : resolution / adopted by the General Assembly,0.0,0.0,False,True,193,157.0,5.0,20.0,text_only
A/RES/72/80|2017-12-07,2017-12-07,A/RES/72/80,Assistance to Palestine refugees : resolution / adopted by the General Assembly,0.0,0.0,True,True,193,162.0,1.0,12.0,me+text
A/RES/72/82|2017-12-07,2017-12-07,A/RES/72/82,Operations of the United Nations Relief and Works Agency for Palestine Refugees in the Near East : resolution / adopted by the General Assembly,0.0,0.0,True,True,193,162.0,6.0,7.0,me+text
A/RES/72/83|2017-12-07,2017-12-07,A/RES/72/83,Palestine refugees' properties and their revenues : resolution / adopted by the General Assembly,0.0,0.0,True,True,193,159.0,7.0,9.0,me+text
A/RES/72/84|2017-12-07,2017-12-07,A/RES/72/84,Work of the Special Committee to Investigate Israeli Practices Affecting the Human Rights of the Palestinian People and Other Arabs of the Occupied Territories : resolution / adopted by the General Assembly,0.0,0.0,True,True,193,83.0,10.0,77.0,me+text
A/RES/72/85|2017-12-07,2017-12-07,A/RES/72/85,"Applicability of the Geneva Convention relative to the Protection of Civilian Persons in Time of War, of 12 August 1949, to the Occupied Palestinian Territory, including East Jerusalem, and the other occupied Arab territories : resolution / adopted by the General Assembly",0.0,0.0,True,True,193,157.0,7.0,10.0,me+text
A/RES/72/86|2017-12-07,2017-12-07,A/RES/72/86,"Israeli settlements in the Occupied Palestinian Territory, including East Jerusalem, and the occupied Syrian Golan : resolution / adopted by the General Assembly",0.0,0.0,True,True,193,155.0,7.0,12.0,me+text
A/RES/72/87|2017-12-07,2017-12-07,A/RES/72/87,"Israeli practices affecting the human rights of the Palestinian people in the Occupied Palestinian Territory, including East Jerusalem : resolution / adopted by the General Assembly",0.0,0.0,True,True,193,153.0,8.0,10.0,me+text
A/RES/72/88|2017-12-07,2017-12-07,A/RES/72/88,The occupied Syrian Golan : resolution / adopted by the General Assembly,0.0,0.0,True,True,193,151.0,2.0,20.0,me+text
A/RES/72/81|2017-12-07,2017-12-07,A/RES/72/81,Persons displaced as a result of the June 1967 and subsequent hostilities : resolution / adopted by the General Assembly,0.0,0.0,True,True,193,158.0,7.0,10.0,me+text
A/RES/72/160|2017-12-19,2017-12-19,A/RES/72/160,The right of the Palestinian people to self-determination : resolution / adopted by the General Assembly,0.0,0.0,True,True,193,176.0,7.0,4.0,me+text
A/RES/72/240|2017-12-20,2017-12-20,A/RES/72/240,"Permanent sovereignty of the Palestinian people in the Occupied Palestinian Territory, including East Jerusalem, and of the Arab population in the occupied Syrian Golan over their natural resources : resolution / adopted by the General Assembly",0.0,0.0,True,True,193,163.0,6.0,11.0,me+text
A/RES/ES-10/19|2017-12-21,2017-12-21,A/RES/ES-10/19,Status of Jerusalem : resolution / adopted by the General Assembly,0.0,0.0,True,True,192,128.0,9.0,35.0,me+text
R/73/18|2018-11-30,2018-11-30,R/73/18,Committee on the Exercise of the Inalienable Rights of the Palestinian People : resolution / adopted by the General Assembly,0.0,0.0,True,True,193,100.0,12.0,62.0,me+text
R/73/19|2018-11-30,2018-11-30,R/73/19,Peaceful settlement of the question of Palestine : resolution / adopted by the General Assembly,0.0,0.0,True,True,193,156.0,8.0,12.0,me+text
R/73/20|2018-11-30,2018-11-30,R/73/20,Special information programme on the question of Palestine of the Department of Public Information of the Secretariat : resolution / adopted by the General Assembly,0.0,0.0,True,True,193,152.0,8.0,14.0,me+text
R/73/21|2018-11-30,2018-11-30,R/73/21,Division for Palestinian Rights of the Secretariat : resolution / adopted by the General Assembly,0.0,0.0,True,True,193,96.0,13.0,64.0,me+text
R/73/22|2018-11-30,2018-11-30,R/73/22,Jerusalem : resolution / adopted by the General Assembly,0.0,0.0,True,True,193,148.0,11.0,14.0,me+text
R/73/23|2018-11-30,2018-11-30,R/73/23,The Syrian Golan : resolution / adopted by the General Assembly,0.0,0.0,True,True,193,99.0,10.0,66.0,me+text
R/73/83|2018-12-05,2018-12-05,R/73/83,The risk of nuclear proliferation in the Middle East : resolution / adopted by the General Assembly,0.0,0.0,False,True,193,158.0,6.0,21.0,text_only
R/73/89|2018-12-06,2018-12-06,R/73/89,"Comprehensive, just and lasting peace in the Middle East : resolution / adopted by the General Assembly",0.0,0.0,False,True,193,156.0,6.0,12.0,text_only
R/73/92|2018-12-07,2018-12-07,R/73/92,Assistance to Palestine refugees : resolution / adopted by the General Assembly,0.0,0.0,True,True,193,163.0,2.0,13.0,me+text
R/73/93|2018-12-07,2018-12-07,R/73/93,Persons displaced as a result of the June 1967 and subsequent hostilities : resolution / adopted by the General Assembly,0.0,0.0,True,True,193,155.0,6.0,13.0,me+text
R/73/94|2018-12-07,2018-12-07,R/73/94,Operations of the United Nations Relief and Works Agency for Palestine Refugees in the Near East : resolution / adopted by the General Assembly,0.0,0.0,True,True,193,159.0,5.0,12.0,me+text
R/73/96|2018-12-07,2018-12-07,R/73/96,Work of the Special Committee to Investigate Israeli Practices Affecting the Human Rights of the Palestinian People and Other Arabs of the Occupied Territories : resolution / adopted by the General Assembly,0.0,0.0,True,True,193,78.0,10.0,84.0,me+text
R/73/97|2018-12-07,2018-12-07,R/73/97,"Applicability of the Geneva Convention relative to the Protection of Civilian Persons in Time of War, of 12 August 1949, to the Occupied Palestinian Territory, including East Jerusalem, and the other occupied Arab territories : resolution / adopted by the General Assembly",0.0,0.0,True,True,193,158.0,6.0,14.0,me+text
R/73/100|2018-12-07,2018-12-07,R/73/100,The occupied Syrian Golan : resolution / adopted by the General Assembly,0.0,0.0,True,True,193,149.0,2.0,22.0,me+text
R/73/98|2018-12-07,2018-12-07,R/73/98,"Israeli settlements in the Occupied Palestinian Territory, including East Jerusalem, and the occupied Syrian Golan : resolution / adopted by the General Assembly",0.0,0.0,True,True,193,154.0,6.0,15.0,me+text
R/73/99|2018-12-07,2018-12-07,R/73/99,"Israeli practices affecting the human rights of the Palestinian people in the Occupied Palestinian Territory, including East Jerusalem : resolution / adopted by the General Assembly",0.0,0.0,True,True,193,152.0,8.0,13.0,me+text
R/73/158|2018-12-17,2018-12-17,R/73/158,The right of the Palestinian people to self-determination : resolution / adopted by the General Assembly,0.0,0.0,True,True,193,172.0,6.0,11.0,me+text
R/73/255|2018-12-20,2018-12-20,R/73/255,"Permanent sovereignty of the Palestinian people in the Occupied Palestinian Territory, including East Jerusalem, and of the Arab population in the occupied Syrian Golan over their natural resources : resolution / adopted by the General Assembly",0.0,0.0,True,True,192,159.0,7.0,13.0,me+text
A/RES/74/10|2019-12-03,2019-12-03,A/RES/74/10,Committee on the Exercise of the Inalienable Rights of the Palestinian People ,0.0,0.0,True,True,193,92.0,13.0,61.0,me+text
A/RES/74/11|2019-12-03,2019-12-03,A/RES/74/11,Peaceful settlement of the question of Palestine ,0.0,0.0,True,True,193,147.0,7.0,13.0,me+text
A/RES/74/12|2019-12-03,2019-12-03,A/RES/74/12,Division for Palestinian Rights of the Secretariat ,0.0,0.0,True,True,193,87.0,23.0,54.0,me+text
A/RES/74/13|2019-12-03,2019-12-03,A/RES/74/13,Special information programme on the question of Palestine of the Department of Global Communications of the Secretariat ,0.0,0.0,True,True,193,144.0,8.0,14.0,me+text
A/RES/74/14|2019-12-03,2019-12-03,A/RES/74/14,The Syrian Golan ,0.0,0.0,True,True,193,91.0,9.0,65.0,me+text
A/RES/74/30|2019-12-12,2019-12-12,A/RES/74/30,Establishment of a nuclear-weapon-free zone in the region of the Middle East ,0.0,0.0,False,True,193,175.0,2.0,3.0,text_only
A/RES/74/75|2019-12-12,2019-12-12,A/RES/74/75,The risk of nuclear proliferation in the Middle East ,0.0,0.0,False,True,193,152.0,6.0,24.0,text_only
A/RES/74/90|2019-12-13,2019-12-13,A/RES/74/90,The occupied Syrian Golan ,0.0,0.0,True,True,193,157.0,2.0,20.0,me+text
A/RES/74/83|2019-12-13,2019-12-13,A/RES/74/83,Assistance to Palestine refugees ,0.0,0.0,True,True,193,169.0,2.0,9.0,me+text
A/RES/74/85|2019-12-13,2019-12-13,A/RES/74/85,Operations of the United Nations Relief and Works Agency for Palestine Refugees in the Near East ,0.0,0.0,True,True,193,167.0,6.0,7.0,me+text
A/RES/74/86|2019-12-13,2019-12-13,A/RES/74/86,Palestine refugees' properties and their revenues ,0.0,0.0,True,True,193,163.0,6.0,12.0,me+text
A/RES/74/87|2019-12-13,2019-12-13,A/RES/74/87,Work of the Special Committee to Investigate Israeli Practices Affecting the Human Rights of the Palestinian People and Other Arabs of the Occupied Territories ,0.0,0.0,True,True,193,81.0,13.0,80.0,me+text
A/RES/74/88|2019-12-13,2019-12-13,A/RES/74/88,"Israeli settlements in the Occupied Palestinian Territory, including East Jerusalem, and the occupied Syrian Golan ",0.0,0.0,True,True,193,157.0,7.0,15.0,me+text
A/RES/74/89|2019-12-13,2019-12-13,A/RES/74/89,"Israeli practices affecting the human rights of the Palestinian people in the Occupied Palestinian Territory, including East Jerusalem ",0.0,0.0,True,True,193,157.0,9.0,13.0,me+text
A/RES/74/139|2019-12-18,2019-12-18,A/RES/74/139,The right of the Palestinian people to self-determination ,0.0,0.0,True,True,193,167.0,5.0,11.0,me+text
A/RES/74/243|2019-12-19,2019-12-19,A/RES/74/243,"Permanent sovereignty of the Palestinian people in the Occupied Palestinian Territory, including East Jerusalem, and of the Arab population in the occupied Syrian Golan over their natural resources ",0.0,0.0,True,True,193,160.0,6.0,15.0,me+text
A/RES/75/20|2020-12-02,2020-12-02,A/RES/75/20,Committee on the Exercise of the Inalienable Rights of the Palestinian People ,0.0,0.0,True,True,193,91.0,17.0,54.0,me+text
A/RES/75/21|2020-12-02,2020-12-02,A/RES/75/21,Division for Palestinian Rights of the Secretariat ,0.0,0.0,True,True,193,82.0,25.0,53.0,me+text
A/RES/75/22|2020-12-02,2020-12-02,A/RES/75/22,Peaceful settlement of the question of Palestine ,0.0,0.0,True,True,193,145.0,7.0,9.0,me+text
A/RES/75/23|2020-12-02,2020-12-02,A/RES/75/23,Special information programme on the question of Palestine of the Department of Global Communications of the Secretariat ,0.0,0.0,True,True,193,142.0,8.0,11.0,me+text
A/RES/75/24|2020-12-02,2020-12-02,A/RES/75/24,The Syrian Golan ,0.0,0.0,True,True,193,88.0,9.0,62.0,me+text
A/RES/75/33|2020-12-07,2020-12-07,A/RES/75/33,Establishment of a nuclear-weapon-free zone in the region of the Middle East ,0.0,0.0,False,True,193,174.0,2.0,1.0,text_only
A/RES/75/84|2020-12-07,2020-12-07,A/RES/75/84,The risk of nuclear proliferation in the Middle East ,0.0,0.0,False,True,193,153.0,6.0,25.0,text_only
A/RES/75/93|2020-12-10,2020-12-10,A/RES/75/93,Assistance to Palestine refugees ,0.0,0.0,True,True,193,169.0,2.0,7.0,me+text
A/RES/75/99|2020-12-10,2020-12-10,A/RES/75/99,The occupied Syrian Golan ,0.0,0.0,True,True,193,151.0,3.0,20.0,me+text
A/RES/75/98|2020-12-10,2020-12-10,A/RES/75/98,"Israeli practices affecting the human rights of the Palestinian people in the Occupied Palestinian Territory, including East Jerusalem ",0.0,0.0,True,True,193,147.0,10.0,16.0,me+text
A/RES/75/97|2020-12-10,2020-12-10,A/RES/75/97,"Israeli settlements in the Occupied Palestinian Territory, including East Jerusalem, and the occupied Syrian Golan ",0.0,0.0,True,True,193,150.0,7.0,17.0,me+text
A/RES/75/94|2020-12-10,2020-12-10,A/RES/75/94,Operations of the United Nations Relief and Works Agency for Palestine Refugees in the Near East ,0.0,0.0,True,True,193,162.0,4.0,9.0,me+text
A/RES/75/95|2020-12-10,2020-12-10,A/RES/75/95,Palestine refugees' properties and their revenues ,0.0,0.0,True,True,193,160.0,5.0,12.0,me+text
A/RES/75/96|2020-12-10,2020-12-10,A/RES/75/96,Work of the Special Committee to Investigate Israeli Practices Affecting the Human Rights of the Palestinian People and Other Arabs of the Occupied Territories ,0.0,0.0,True,True,193,76.0,14.0,83.0,me+text
A/RES/75/172|2020-12-16,2020-12-16,A/RES/75/172,The right of the Palestinian people to self-determination ,0.0,0.0,True,True,193,168.0,5.0,10.0,me+text
A/RES/75/236|2020-12-21,2020-12-21,A/RES/75/236,"Permanent sovereignty of the Palestinian people in the Occupied Palestinian Territory, including East Jerusalem, and of the Arab population in the occupied Syrian Golan over their natural resources ",0.0,0.0,True,True,193,153.0,6.0,17.0,me+text
A/RES/75/250|2020-12-31,2020-12-31,A/RES/75/250,Financing of the United Nations Interim Force in Lebanon ,0.0,0.0,True,False,193,166.0,3.0,,me_only
A/RES/76/10|2021-12-01,2021-12-01,A/RES/76/10,Peaceful settlement of the question of Palestine ,0.0,0.0,True,True,193,148.0,9.0,14.0,me+text
A/RES/76/12|2021-12-01,2021-12-01,A/RES/76/12,Jerusalem ,0.0,0.0,True,True,193,129.0,11.0,31.0,me+text
A/RES/76/11|2021-12-01,2021-12-01,A/RES/76/11,The Syrian Golan ,0.0,0.0,True,True,193,94.0,8.0,69.0,me+text
A/RES/76/63|2021-12-06,2021-12-06,A/RES/76/63,The risk of nuclear proliferation in the Middle East ,0.0,0.0,False,True,193,157.0,6.0,24.0,text_only
A/RES/76/20|2021-12-06,2021-12-06,A/RES/76/20,Establishment of a nuclear-weapon-free zone in the region of the Middle East ,0.0,0.0,False,True,193,178.0,1.0,2.0,text_only
A/RES/76/78|2021-12-09,2021-12-09,A/RES/76/78,Operations of the United Nations Relief and Works Agency for Palestine Refugees in the Near East ,0.0,0.0,True,True,193,162.0,5.0,6.0,me+text
A/RES/76/79|2021-12-09,2021-12-09,A/RES/76/79,Palestine refugees' properties and their revenues ,0.0,0.0,True,True,193,159.0,5.0,8.0,me+text
A/RES/76/80|2021-12-09,2021-12-09,A/RES/76/80,Work of the Special Committee to Investigate Israeli Practices Affecting the Human Rights of the Palestinian People and Other Arabs of the Occupied Territories ,0.0,0.0,True,True,193,80.0,18.0,73.0,me+text
A/RES/76/81|2021-12-09,2021-12-09,A/RES/76/81,The occupied Syrian Golan ,0.0,0.0,True,True,193,149.0,2.0,23.0,me+text
A/RES/76/82|2021-12-09,2021-12-09,A/RES/76/82,"Israeli settlements in the Occupied Palestinian Territory, including East Jerusalem, and the occupied Syrian Golan ",0.0,0.0,True,True,193,146.0,7.0,20.0,me+text
A/RES/76/77|2021-12-09,2021-12-09,A/RES/76/77,Assistance to Palestine refugees ,0.0,0.0,True,True,193,164.0,1.0,10.0,me+text
A/RES/76/150|2021-12-16,2021-12-16,A/RES/76/150,The right of the Palestinian people to self-determination ,0.0,0.0,True,True,193,168.0,5.0,10.0,me+text
A/RES/76/225|2021-12-17,2021-12-17,A/RES/76/225,"Permanent sovereignty of the Palestinian people in the Occupied Palestinian Territory, including East Jerusalem, and of the Arab population in the occupied Syrian Golan over their natural resources ",0.0,0.0,True,True,193,156.0,7.0,15.0,me+text
A/RES/77/26|2022-11-30,2022-11-30,A/RES/77/26,The Syrian Golan ,0.0,0.0,True,True,193,92.0,9.0,65.0,me+text
A/RES/77/25|2022-11-30,2022-11-30,A/RES/77/25,Peaceful settlement of the question of Palestine ,0.0,0.0,True,True,193,153.0,9.0,10.0,me+text
A/RES/77/22|2022-11-30,2022-11-30,A/RES/77/22,Committee on the Exercise of the Inalienable Rights of the Palestinian People ,0.0,0.0,True,True,193,101.0,17.0,53.0,me+text
A/RES/77/23|2022-11-30,2022-11-30,A/RES/77/23,Division for Palestinian Rights of the Secretariat ,0.0,0.0,True,True,193,90.0,30.0,47.0,me+text
A/RES/77/24|2022-11-30,2022-11-30,A/RES/77/24,Special information programme on the question of Palestine of the Department of Global Communications of the Secretariat  ,0.0,0.0,True,True,193,149.0,11.0,13.0,me+text
A/RES/77/38|2022-12-07,2022-12-07,A/RES/77/38,Establishment of a nuclear-weapon-free zone in the region of the Middle East ,0.0,0.0,False,True,193,175.0,1.0,2.0,text_only
A/RES/77/91|2022-12-07,2022-12-07,A/RES/77/91,The risk of nuclear proliferation in the Middle East ,0.0,0.0,False,True,193,149.0,6.0,26.0,text_only
A/RES/77/125|2022-12-12,2022-12-12,A/RES/77/125,The occupied Syrian Golan ,0.0,0.0,True,True,193,141.0,2.0,25.0,me+text
A/RES/77/123|2022-12-12,2022-12-12,A/RES/77/123,Assistance to Palestine refugees ,0.0,0.0,True,True,193,157.0,1.0,10.0,me+text
A/RES/77/126|2022-12-12,2022-12-12,A/RES/77/126,"Israeli settlements in the Occupied Palestinian Territory, including East Jerusalem, and the occupied Syrian Golan ",0.0,0.0,True,True,193,141.0,7.0,21.0,me+text
A/RES/77/122|2022-12-12,2022-12-12,A/RES/77/122,Operations of the United Nations Relief and Works Agency for Palestine Refugees in the Near East ,0.0,0.0,True,True,193,157.0,5.0,4.0,me+text
A/RES/77/124|2022-12-12,2022-12-12,A/RES/77/124,Palestine refugees' properties and their revenues ,0.0,0.0,True,True,193,153.0,6.0,6.0,me+text
A/RES/77/187|2022-12-14,2022-12-14,A/RES/77/187,"Permanent sovereignty of the Palestinian people in the Occupied Palestinian Territory, including East Jerusalem, and of the Arab population in the occupied Syrian Golan over their natural resources ",0.0,0.0,True,True,193,159.0,8.0,10.0,me+text
A/RES/77/208|2022-12-15,2022-12-15,A/RES/77/208,The right of the Palestinian people to self-determination ,0.0,0.0,True,True,193,167.0,6.0,9.0,me+text
A/RES/77/247|2022-12-30,2022-12-30,A/RES/77/247,"Israeli practices affecting the human rights of the Palestinian people in the Occupied Palestinian Territory, including East Jerusalem ",0.0,0.0,True,True,193,87.0,26.0,53.0,me+text
A/RES/77/313|2023-06-30,2023-06-30,A/RES/77/313,Financing of the United Nations Interim Force in Lebanon ,0.0,0.0,True,False,193,120.0,3.0,1.0,me_only
A/RES/78/11|2023-11-28,2023-11-28,A/RES/78/11,The Syrian Golan ,0.0,0.0,True,True,193,91.0,8.0,62.0,me+text
A/RES/78/17|2023-12-04,2023-12-04,A/RES/78/17,Establishment of a nuclear-weapon-free zone in the region of the Middle East ,0.0,0.0,False,True,193,179.0,1.0,3.0,text_only
A/RES/78/63|2023-12-04,2023-12-04,A/RES/78/63,The risk of nuclear proliferation in the Middle East ,0.0,0.0,False,True,193,151.0,6.0,27.0,text_only
A/RES/78/73|2023-12-07,2023-12-07,A/RES/78/73,Operations of the United Nations Relief and Works Agency for Palestine Refugees in the Near East ,0.0,0.0,True,True,193,165.0,4.0,6.0,me+text
A/RES/78/74|2023-12-07,2023-12-07,A/RES/78/74,Assistance to Palestine refugees ,0.0,0.0,True,True,193,168.0,1.0,10.0,me+text
A/RES/78/75|2023-12-07,2023-12-07,A/RES/78/75,Palestine refugees' properties and their revenues ,0.0,0.0,True,True,193,163.0,5.0,9.0,me+text
A/RES/78/76|2023-12-07,2023-12-07,A/RES/78/76,Work of the Special Committee to Investigate Israeli Practices Affecting the Human Rights of the Palestinian People and Other Arabs of the Occupied Territories ,0.0,0.0,True,True,193,86.0,12.0,75.0,me+text
A/RES/78/77|2023-12-07,2023-12-07,A/RES/78/77,The occupied Syrian Golan ,0.0,0.0,True,True,193,151.0,2.0,23.0,me+text
A/RES/78/78|2023-12-07,2023-12-07,A/RES/78/78,"Israeli settlements in the Occupied Palestinian Territory, including East Jerusalem, and the occupied Syrian Golan ",0.0,0.0,True,True,193,149.0,6.0,19.0,me+text
A/RES/78/170|2023-12-19,2023-12-19,A/RES/78/170,"Permanent sovereignty of the Palestinian people in the Occupied Palestinian Territory, including East Jerusalem, and of the Arab population in the occupied Syrian Golan over their natural resources ",0.0,0.0,True,True,193,158.0,6.0,13.0,me+text
A/RES/78/192|2023-12-19,2023-12-19,A/RES/78/192,The right of the Palestinian people to self-determination ,0.0,0.0,True,True,193,172.0,4.0,10.0,me+text
