year,total_usd_fts_api,pledges_usd_fts_api,total_usd_recomputed,n_flows_incoming,plans,plan_requirements_usd,plan_funded_usd,plan_pct_funded,groupby_total_usd,top_donors,top_recipients,top_donors_recomputed
2000,132590780,0,132590780,44,,,,,132590780,"Saudi Arabia (Kingdom of), Government of: 125934253 | Belgium, Government of: 1771728 | European Commission: 1741072 | Sweden, Government of: 969602 | Netherlands, Government of: 803942 | Spain, Government of: 561383 | Denmark, Government of: 321523 | Germany, Government of: 168977 | Austria, Government of: 110389 | Ireland, Government of: 107623 | United Kingdom, Government of: 100288","Palestinian territory, occupied: 124134253 | United Nations Relief and Works Agency for Palestine Refugees in the Near East: 3510434 | The Netherlands Red Cross: 803942 | Not specified: 703020 | Oxfam Belgium: 566309 | FUNDACIÓN PAZ Y TERCER MUNDO: 535714 | Centro Regionale di Intervento per la Cooperazione: 446429 | EDM: 446429 | International Committee of the Red Cross: 445549 | International Federation of Red Cross and Red Crescent Societies: 412788 | Diakonia World Federation: 166405 | German Red Cross: 137729 | ACT Alliance / DanChurchAid: 129696 | Swedish Red Cross: 100000 | Save the Children: 52083","Saudi Arabia (Kingdom of), Government of: 125934253 | Belgium, Government of: 1771728 | European Commission: 1741072 | Sweden, Government of: 969602 | Netherlands, Government of: 803942 | Spain, Government of: 561383 | Denmark, Government of: 321523 | Germany, Government of: 168977 | Austria, Government of: 110389 | Ireland, Government of: 107623 | United Kingdom, Government of: 100288"
2001,696528204,0,696528204,72,,,,,696528204,"Saudi Arabia (Kingdom of), Government of: 647929836 | European Commission: 19908026 | Japan, Government of: 8300000 | United States of America, Government of: 5212080 | Germany, Government of: 3772867 | Denmark, Government of: 2877911 | Finland, Government of: 2690859 | Belgium, Government of: 1715750 | Canada, Government of: 975820 | Sweden, Government of: 967601 | Switzerland, Government of: 736958 | Italy, Government of: 684956 | United Kingdom, Government of: 406000 | Norway, Government of: 329500 | Austria, Government of: 20040","Palestinian territory, occupied: 400990856 | Islamic Development Bank: 250000000 | United Nations Relief and Works Agency for Palestine Refugees in the Near East: 30698111 | International Committee of the Red Cross: 3661554 | United Nations Development Programme: 2800000 | World Food Programme: 1236699 | Danish Red Cross: 599650 | Gruppo Volontariato Civile (until 2018): 491071 | Medical Aid for Palestinians: 454545 | Terre des Hommes International: 450928 | MOVIMONDO: 436364 | Cooperazione E Sviluppo - CESVI: 409091 | Office for the Coordination of Humanitarian Affairs: 406000 | Centro Regionale di Intervento per la Cooperazione: 389036 | Palestine Red Crescent Society: 388980","Saudi Arabia (Kingdom of), Government of: 647929836 | European Commission: 19908026 | Japan, Government of: 8300000 | United States of America, Government of: 5212080 | Germany, Government of: 3772867 | Denmark, Government of: 2877911 | Finland, Government of: 2690859 | Belgium, Government of: 1715750 | Canada, Government of: 975820 | Sweden, Government of: 967601 | Switzerland, Government of: 736958 | Italy, Government of: 684956 | United Kingdom, Government of: 406000 | Norway, Government of: 329500 | Austria, Government of: 20040"
2002,46460730,0,46460730,93,,,,,46460730,"Saudi Arabia (Kingdom of), Government of: 15987131 | Sweden, Government of: 9162644 | Italy, Government of: 5391203 | Germany, Government of: 3800307 | Ireland, Government of: 2282086 | Switzerland, Government of: 2158602 | United States of America, Government of: 1739802 | Canada, Government of: 1610365 | Belgium, Government of: 1094623 | Norway, Government of: 635705 | Denmark, Government of: 603674 | Australia, Government of: 540540 | Austria, Government of: 481919 | Finland, Government of: 437445 | France, Government of: 206971","United Nations Relief and Works Agency for Palestine Refugees in the Near East: 18260721 | Palestinian territory, occupied: 10247170 | Not specified: 4645162 | International Committee of the Red Cross: 2969614 | World Food Programme: 2929223 | Swedish Civil Defence and Resilience Agency: 2172087 | International Federation of Red Cross and Red Crescent Societies: 1267982 | The Swedish Organisation for Individual Relief: 774862 | German Red Cross: 631925 | Caritas Germany (DCV): 451264 | Palestine Solidarity Association in Sweden: 254762 | Medico International: 216168 | The Kvinna till Kvinna Foundation: 192204 | The Christian Council of Sweden: 189574 | United Nations Children's Fund: 174978","Saudi Arabia (Kingdom of), Government of: 15987131 | Sweden, Government of: 9162644 | Italy, Government of: 5391203 | Germany, Government of: 3800307 | Ireland, Government of: 2282086 | Switzerland, Government of: 2158602 | United States of America, Government of: 1739802 | Canada, Government of: 1610365 | Belgium, Government of: 1094623 | Norway, Government of: 635705 | Denmark, Government of: 603674 | Australia, Government of: 540540 | Austria, Government of: 481919 | Finland, Government of: 437445 | France, Government of: 206971"
2003,244420545,6436489,244420545,180,occupied Palestinian territory 2003 (id 118),293774854,175863110,59.9,244420545,"United States of America, Government of: 62274143 | European Commission: 45043394 | United Nations Relief and Works Agency for Palestine Refugees in the Near East: 24668460 | World Food Programme: 21687377 | Saudi Arabia (Kingdom of), Government of: 20595223 | Norway, Government of: 11921069 | United Kingdom, Government of: 8360288 | Denmark, Government of: 6951325 | France, Government of: 5581424 | Germany, Government of: 5523923 | Sweden, Government of: 5471043 | Australia, Government of: 5470560 | Canada, Government of: 4832868 | Switzerland, Government of: 3134540 | Italy, Government of: 2953834","United Nations Relief and Works Agency for Palestine Refugees in the Near East: 135157975 | World Food Programme: 46185696 | Not specified: 18015552 | Palestinian territory, occupied: 12836646 | International Committee of the Red Cross: 10429346 | United Nations Children's Fund: 3579253 | International Federation of Red Cross and Red Crescent Societies: 2651343 | World Health Organization: 2251759 | Food and Agriculture Organization of the United Nations: 2241891 | Office for the Coordination of Humanitarian Affairs: 2016257 | Norwegian People's Aid: 1505148 | Médecins Sans Frontières: 1121509 | Norwegian Aid Committee: 954833 | Danish Red Cross: 738690 | United Nations Population Fund: 542299","United States of America, Government of: 62274143 | European Commission: 45043394 | United Nations Relief and Works Agency for Palestine Refugees in the Near East: 24668460 | World Food Programme: 21687377 | Saudi Arabia (Kingdom of), Government of: 20595223 | Norway, Government of: 11921069 | United Kingdom, Government of: 8360288 | Denmark, Government of: 6951325 | France, Government of: 5581424 | Germany, Government of: 5523923 | Sweden, Government of: 5471043 | Australia, Government of: 5470560 | Canada, Government of: 4832868 | Switzerland, Government of: 3134540 | Italy, Government of: 2953834"
2004,306050061,0,306050061,195,occupied Palestinian territory 2004 (id 146),300479250,177281661,59.0,306050061,"United Arab Emirates, Government of: 90340138 | United States of America, Government of: 43866484 | European Commission's Humanitarian Aid and Civil Protection Department: 41550802 | Japan, Government of: 19403200 | United Kingdom, Government of: 13010274 | Denmark, Government of: 11199373 | Saudi Arabia (Kingdom of), Government of: 10453648 | Germany, Government of: 9295704 | Sweden, Government of: 9282881 | Switzerland, Government of: 7893010 | Norway, Government of: 7849038 | WPD: 6320000 | Canada, Government of: 4937098 | Finland, Government of: 4552905 | Ireland, Government of: 4395358","United Nations Relief and Works Agency for Palestine Refugees in the Near East: 127806883 | Red Crescent Society of the United Arab Emirates: 90340138 | World Food Programme: 26278733 | United Nations Development Programme: 18208383 | Palestinian territory, occupied: 5021511 | International Committee of the Red Cross: 5009587 | United Nations Children's Fund: 4660116 | Office for the Coordination of Humanitarian Affairs: 3277841 | Oxfam GB: 2616092 | Comitato Internationale per lo Sviluppo dei Popoli: 1989570 | Medical Emergency Relief International: 1445238 | World Health Organization: 1360051 | Food and Agriculture Organization of the United Nations: 1278976 | Centro Regionale di Intervento per la Cooperazione: 1136978 | Gruppo Volontariato Civile (until 2018): 1066351","United Arab Emirates, Government of: 90340138 | United States of America, Government of: 43866484 | European Commission's Humanitarian Aid and Civil Protection Department: 41550802 | Japan, Government of: 19403200 | United Kingdom, Government of: 13010274 | Denmark, Government of: 11199373 | Saudi Arabia (Kingdom of), Government of: 10453648 | Germany, Government of: 9295704 | Sweden, Government of: 9282881 | Switzerland, Government of: 7893010 | Norway, Government of: 7849038 | WPD: 6320000 | Canada, Government of: 4937098 | Finland, Government of: 4552905 | Ireland, Government of: 4395358"
2005,298013466,56500553,298013466,186,occupied Palestinian territory 2005 (id 168),301452508,213252866,70.7,298013466,"Saudi Arabia (Kingdom of), Government of: 66561930 | European Commission's Humanitarian Aid and Civil Protection Department: 36468877 | Japan, Government of: 34587310 | United States of America, Government of: 30835076 | Switzerland, Government of: 15755242 | Canada, Government of: 13326526 | Not specified: 11352505 | Sweden, Government of: 10726793 | European Commission Directorate-General for International Partnerships (formerly EuropeAid DEVCO): 9709083 | Germany, Government of: 7910272 | Denmark, Government of: 7843805 | Spain, Government of: 6458240 | Norway, Government of: 5484337 | Netherlands, Government of: 5402171 | Belgium, Government of: 5057953","United Nations Relief and Works Agency for Palestine Refugees in the Near East: 127569722 | World Food Programme: 35723692 | United Nations Development Programme: 32062737 | United Nations Children's Fund: 30807075 | United Nations Educational, Scientific and Cultural Organization: 15198853 | International Committee of the Red Cross: 10346238 | Palestinian territory, occupied: 7843532 | Oxfam GB: 5066284 | We Effect: 3913026 | CARE Austria: 3640820 | Office for the Coordination of Humanitarian Affairs: 3489653 | Acción Contra el Hambre - Spain: 2683058 | Cooperazione Internazionale - COOPI: 2026821 | Not specified: 1809409 | Danish Red Cross: 1367351","Saudi Arabia (Kingdom of), Government of: 66561930 | European Commission's Humanitarian Aid and Civil Protection Department: 36468877 | Japan, Government of: 34587310 | United States of America, Government of: 30835076 | Switzerland, Government of: 15755242 | Canada, Government of: 13326526 | (not specified): 11352505 | Sweden, Government of: 10726793 | European Commission Directorate-General for International Partnerships (formerly EuropeAid DEVCO): 9709083 | Germany, Government of: 7910272 | Denmark, Government of: 7843805 | Spain, Government of: 6458240 | Norway, Government of: 5484337 | Netherlands, Government of: 5402171 | Belgium, Government of: 5057953"
2006,460216455,17461837,460216455,287,occupied Palestinian territory 2006 (id 199),394883810,275830801,69.9,460216455,"European Commission's Humanitarian Aid and Civil Protection Department: 87254164 | United States of America, Government of: 78820153 | Sweden, Government of: 58652026 | Norway, Government of: 33278643 | Japan, Government of: 29467260 | European Commission Directorate-General for International Partnerships (formerly EuropeAid DEVCO): 21548881 | Denmark, Government of: 18312660 | Switzerland, Government of: 16247870 | Canada, Government of: 12352000 | World Food Programme: 11475019 | France, Government of: 11106391 | Belgium, Government of: 8998842 | Finland, Government of: 8916506 | Germany, Government of: 7997795 | Netherlands, Government of: 7412792","United Nations Relief and Works Agency for Palestine Refugees in the Near East: 226340093 | World Food Programme: 80606699 | United Nations Development Programme: 23255788 | World Health Organization: 17752421 | United Nations Children's Fund: 12636557 | International Committee of the Red Cross: 12383331 | Norwegian Red Cross: 6910021 | Palestinian territory, occupied: 6752290 | CARE Austria: 5470738 | CARE France: 5068932 | ACT Alliance / Diakonia, Sweden: 4962582 | Office for the Coordination of Humanitarian Affairs: 4784581 | Cooperazione Internazionale - COOPI: 4457794 | Norwegian Aid Committee: 3465382 | World Bank: 3188776","European Commission's Humanitarian Aid and Civil Protection Department: 87254164 | United States of America, Government of: 78820153 | Sweden, Government of: 58652026 | Norway, Government of: 33278643 | Japan, Government of: 29467260 | European Commission Directorate-General for International Partnerships (formerly EuropeAid DEVCO): 21548881 | Denmark, Government of: 18312660 | Switzerland, Government of: 16247870 | Canada, Government of: 12352000 | World Food Programme: 11475019 | France, Government of: 11106391 | Belgium, Government of: 8998842 | Finland, Government of: 8916506 | Germany, Government of: 7997795 | Netherlands, Government of: 7412792"
2007,363021532,2696031,363021532,282,occupied Palestinian territory 2007 (id 228),426324665,279014878,65.4,363021532,"European Commission's Humanitarian Aid and Civil Protection Department: 78551823 | United States of America, Government of: 75995600 | Norway, Government of: 31163272 | World Food Programme: 28263371 | Spain, Government of: 20227897 | Japan, Government of: 18389660 | Canada, Government of: 15676272 | Sweden, Government of: 15484882 | Australia, Government of: 9311746 | Italy, Government of: 7586325 | Switzerland, Government of: 7029576 | Netherlands, Government of: 6793000 | Belgium, Government of: 6124607 | Ireland, Government of: 5874220 | Germany, Government of: 5224488","United Nations Relief and Works Agency for Palestine Refugees in the Near East: 164627342 | World Food Programme: 77249349 | United Nations Children's Fund: 17280271 | International Committee of the Red Cross: 10923283 | Office for the Coordination of Humanitarian Affairs: 6200038 | World Health Organization: 5576241 | Palestinian territory, occupied: 5051701 | Norwegian Red Cross: 5019940 | Food and Agriculture Organization of the United Nations: 4585559 | Norwegian Aid Committee: 4406780 | CARE Austria: 3950954 | Occupied Palestinian Territory Humanitarian Fund: 3911759 | United Nations Development Programme: 3600000 | CARE France: 3434214 | United Nations Population Fund: 3114328","European Commission's Humanitarian Aid and Civil Protection Department: 78551823 | United States of America, Government of: 75995600 | Norway, Government of: 31163272 | World Food Programme: 28263371 | Spain, Government of: 20227897 | Japan, Government of: 18389660 | Canada, Government of: 15676272 | Sweden, Government of: 15484882 | Australia, Government of: 9311746 | Italy, Government of: 7586325 | Switzerland, Government of: 7029576 | Netherlands, Government of: 6793000 | Belgium, Government of: 6124607 | Ireland, Government of: 5874220 | Germany, Government of: 5224488"
2008,508429360,2928258,508429360,299,occupied Palestinian territory 2008 (id 261),452223961,337058442,74.5,508429360,"European Commission's Humanitarian Aid and Civil Protection Department: 88069980 | Kuwait, Government of: 80000000 | United States of America, Government of: 64075000 | World Food Programme: 43402594 | Norway, Government of: 31292212 | Italy, Government of: 23128321 | Sweden, Government of: 20927577 | Denmark, Government of: 18303894 | Canada, Government of: 16697910 | Spain, Government of: 14440400 | Saudi Arabia (Kingdom of), Government of: 12258626 | Netherlands, Government of: 11158240 | Australia, Government of: 8814237 | Germany, Government of: 8734640 | United Arab Emirates, Government of: 6625464","United Nations Relief and Works Agency for Palestine Refugees in the Near East: 201316189 | World Food Programme: 97561698 | World Bank: 80000000 | International Committee of the Red Cross: 13290311 | United Nations Children's Fund: 12382092 | Palestinian territory, occupied: 9443538 | Food and Agriculture Organization of the United Nations: 6806003 | World Health Organization: 6353539 | Norwegian Aid Committee: 5651231 | Office for the Coordination of Humanitarian Affairs: 5159529 | CARE Austria: 5051673 | Cooperazione Internazionale - COOPI: 4574410 | Norwegian Red Cross: 4571984 | Acción Contra el Hambre - Spain: 3761397 | Occupied Palestinian Territory Humanitarian Fund: 3403764","European Commission's Humanitarian Aid and Civil Protection Department: 88069980 | Kuwait, Government of: 80000000 | United States of America, Government of: 64075000 | World Food Programme: 43402594 | Norway, Government of: 31292212 | Italy, Government of: 23128321 | Sweden, Government of: 20927577 | Denmark, Government of: 18303894 | Canada, Government of: 16697910 | Spain, Government of: 14440400 | Saudi Arabia (Kingdom of), Government of: 12258626 | Netherlands, Government of: 11158240 | Australia, Government of: 8814237 | Germany, Government of: 8734640 | United Arab Emirates, Government of: 6625464"
2009,872628156,22691396,872628156,766,occupied Palestinian territory 2009 (id 290),804522005,646700051,80.4,872628156,"United States of America, Government of: 183392986 | European Commission's Humanitarian Aid and Civil Protection Department: 90083306 | Saudi Arabia (Kingdom of), Government of: 65010349 | World Food Programme: 37187394 | United Arab Emirates, Government of: 35365370 | Kuwait, Government of: 34000000 | Canada, Government of: 31145722 | United Kingdom, Government of: 30793541 | Qatar Charity: 29341481 | Norway, Government of: 21539915 | Sweden, Government of: 21434177 | Switzerland, Government of: 19734543 | European Commission: 18666897 | Private (individuals & organizations): 18093853 | Islamic Development Bank: 18000000","United Nations Relief and Works Agency for Palestine Refugees in the Near East: 348051730 | World Food Programme: 167854175 | International Committee of the Red Cross: 35126527 | United Nations Development Programme: 33770399 | Palestinian territory, occupied: 29021212 | Not specified: 25400059 | United Nations Children's Fund: 21329073 | Red Crescent Society of the United Arab Emirates: 14005069 | United Nations Human Settlements Programme (UN-HABITAT): 10640000 | Office for the Coordination of Humanitarian Affairs: 9845913 | CARE Austria: 7429913 | Oxfam GB: 7297112 | Food and Agriculture Organization of the United Nations: 7184162 | Islamic Relief Worldwide: 7093341 | Acción Contra el Hambre - Spain: 5494051","United States of America, Government of: 183392986 | European Commission's Humanitarian Aid and Civil Protection Department: 90083306 | Saudi Arabia (Kingdom of), Government of: 65010349 | World Food Programme: 37187394 | United Arab Emirates, Government of: 35365370 | Kuwait, Government of: 34000000 | Canada, Government of: 31145722 | United Kingdom, Government of: 30793541 | Qatar Charity: 29341481 | Norway, Government of: 21539915 | Sweden, Government of: 21434177 | Switzerland, Government of: 19734543 | European Commission: 18666897 | Private (individuals & organizations): 18093853 | Islamic Development Bank: 18000000"
2010,422030071,0,422030071,305,occupied Palestinian territory 2010 (id 316),603408539,329737701,54.6,422030071,"United States of America, Government of: 86788678 | European Commission's Humanitarian Aid and Civil Protection Department: 70604771 | World Food Programme: 43843169 | Norway, Government of: 23446611 | Canada, Government of: 20073289 | Saudi Arabia (Kingdom of), Government of: 19196628 | Denmark, Government of: 17135918 | Spain, Government of: 15361814 | Sweden, Government of: 14185678 | Switzerland, Government of: 13847767 | France, Government of: 11839853 | Italy, Government of: 10753997 | Japan, Government of: 10000000 | Australia, Government of: 8188673 | Germany, Government of: 7724301","United Nations Relief and Works Agency for Palestine Refugees in the Near East: 200317837 | World Food Programme: 68160155 | International Committee of the Red Cross: 14056981 | Palestinian territory, occupied: 12476540 | United Nations Children's Fund: 9796692 | Office for the Coordination of Humanitarian Affairs: 7790292 | Food and Agriculture Organization of the United Nations: 7177815 | Occupied Palestinian Territory Humanitarian Fund: 6918330 | World Health Organization: 5006782 | Swiss Development Cooperation/Swiss Humanitarian Aid: 4944097 | Action Contre la Faim - Action Against Hunger International: 4683565 | CARE International: 4536208 | Save the Children: 4224271 | United Nations Population Fund: 3910295 | Norwegian Red Cross: 3314163","United States of America, Government of: 86788678 | European Commission's Humanitarian Aid and Civil Protection Department: 70604771 | World Food Programme: 43843169 | Norway, Government of: 23446611 | Canada, Government of: 20073289 | Saudi Arabia (Kingdom of), Government of: 19196628 | Denmark, Government of: 17135918 | Spain, Government of: 15361814 | Sweden, Government of: 14185678 | Switzerland, Government of: 13847767 | France, Government of: 11839853 | Italy, Government of: 10753997 | Japan, Government of: 10000000 | Australia, Government of: 8188673 | Germany, Government of: 7724301"
2011,532108878,0,532108878,356,occupied Palestinian territory 2011 (id 348),536927963,306522538,57.1,532108878,"United States of America, Government of: 88540186 | Saudi Arabia (Kingdom of), Government of: 81783911 | European Commission's Humanitarian Aid and Civil Protection Department: 66125651 | Switzerland, Government of: 39953179 | Canada, Government of: 31474273 | Norway, Government of: 25654701 | Denmark, Government of: 23474910 | Sweden, Government of: 19509092 | Germany, Government of: 15950091 | Belgium, Government of: 15337019 | World Food Programme: 14550246 | Japan, Government of: 14415510 | United Arab Emirates, Government of: 13295604 | France, Government of: 12773102 | Netherlands, Government of: 7425000",United Nations Relief and Works Agency for Palestine Refugees in the Near East: 305771382 | World Food Programme: 61565234 | Swiss Development Cooperation/Swiss Humanitarian Aid: 18843686 | International Committee of the Red Cross: 14907571 | United Nations Children's Fund: 10729259 | Occupied Palestinian Territory Humanitarian Fund: 8397954 | Norwegian Refugee Council: 7807447 | Office for the Coordination of Humanitarian Affairs: 7005543 | Food and Agriculture Organization of the United Nations: 6945552 | Oxfam Italia: 6489988 | Action Contre la Faim - Action Against Hunger International: 6230500 | Palestino - Européen de Gestion et d'Aide Socio-Economique: 5343253 | CARE International: 5159752 | Not specified: 5080388 | Save the Children: 4651668,"United States of America, Government of: 88540186 | Saudi Arabia (Kingdom of), Government of: 81783911 | European Commission's Humanitarian Aid and Civil Protection Department: 66125651 | Switzerland, Government of: 39953179 | Canada, Government of: 31474273 | Norway, Government of: 25654701 | Denmark, Government of: 23474910 | Sweden, Government of: 19509092 | Germany, Government of: 15950091 | Belgium, Government of: 15337019 | World Food Programme: 14550246 | Japan, Government of: 14415510 | United Arab Emirates, Government of: 13295604 | France, Government of: 12773102 | Netherlands, Government of: 7425000"
2012,576951723,2034140,576951723,327,occupied Palestinian territory 2012 (id 374),419907202,311466307,74.2,576951723,"United States of America, Government of: 236278925 | European Commission's Humanitarian Aid and Civil Protection Department: 56129245 | Canada, Government of: 37582826 | Japan, Government of: 37500000 | Germany, Government of: 28390419 | Switzerland, Government of: 24316793 | Saudi Arabia (Kingdom of), Government of: 23500000 | Sweden, Government of: 22037652 | Norway, Government of: 19791564 | United Kingdom, Government of: 13610147 | Belgium, Government of: 12800981 | Netherlands, Government of: 8441558 | Occupied Palestinian Territory Humanitarian Fund: 7924743 | Finland, Government of: 6300232 | Denmark, Government of: 5495714",United Nations Relief and Works Agency for Palestine Refugees in the Near East: 338543838 | World Food Programme: 78875809 | International Committee of the Red Cross: 27165728 | United Nations Children's Fund: 17389020 | Food and Agriculture Organization of the United Nations: 9999259 | Norwegian Refugee Council: 7812387 | Not specified: 7805796 | Organization of Islamic Cooperation: 6500000 | CARE International: 5983429 | Occupied Palestinian Territory Humanitarian Fund: 5824613 | Office for the Coordination of Humanitarian Affairs: 5288112 | Save the Children: 5263018 | ACT Alliance / Norwegian Church Aid: 4048159 | Action Contre la Faim - Action Against Hunger International: 4023015 | ACT Alliance / DanChurchAid: 3498152,"United States of America, Government of: 236278925 | European Commission's Humanitarian Aid and Civil Protection Department: 56129245 | Canada, Government of: 37582826 | Japan, Government of: 37500000 | Germany, Government of: 28390419 | Switzerland, Government of: 24316793 | Saudi Arabia (Kingdom of), Government of: 23500000 | Sweden, Government of: 22037652 | Norway, Government of: 19791564 | United Kingdom, Government of: 13610147 | Belgium, Government of: 12800981 | Netherlands, Government of: 8441558 | Occupied Palestinian Territory Humanitarian Fund: 7924743 | Finland, Government of: 6300232 | Denmark, Government of: 5495714"
2013,423466404,13439235,423466404,299,occupied Palestinian territory 2013 (id 398),400839740,270047918,67.4,423466404,"United States of America, Government of: 100499000 | European Commission's Humanitarian Aid and Civil Protection Department: 45285489 | Japan, Government of: 38817570 | Qatar Charity: 30194000 | Switzerland, Government of: 25103651 | Germany, Government of: 24046161 | Canada, Government of: 21904271 | Sweden, Government of: 20688989 | Norway, Government of: 18902574 | United Kingdom, Government of: 16060373 | Belgium, Government of: 14174221 | Central Emergency Response Fund: 7590831 | Denmark, Government of: 7545916 | Bahrain, Government of: 7359800 | Saudi Arabia (Kingdom of), Government of: 6705933",United Nations Relief and Works Agency for Palestine Refugees in the Near East: 162707004 | World Food Programme: 57158563 | Not specified: 49118302 | International Committee of the Red Cross: 26486530 | United Nations Children's Fund: 15371125 | Norwegian Refugee Council: 10754922 | Occupied Palestinian Territory Humanitarian Fund: 7634602 | Save the Children: 7507687 | Oxfam Belgium: 5805226 | Office for the Coordination of Humanitarian Affairs: 5515451 | Food and Agriculture Organization of the United Nations: 5247293 | Oxfam Italia: 4933634 | World Health Organization: 4345904 | We Effect: 4007369 | Action Contre la Faim - Action Against Hunger International: 3859192,"United States of America, Government of: 100499000 | European Commission's Humanitarian Aid and Civil Protection Department: 45285489 | Japan, Government of: 38817570 | Qatar Charity: 30194000 | Switzerland, Government of: 25103651 | Germany, Government of: 24046161 | Canada, Government of: 21904271 | Sweden, Government of: 20688989 | Norway, Government of: 18902574 | United Kingdom, Government of: 16060373 | Belgium, Government of: 14174221 | Central Emergency Response Fund: 7590831 | Denmark, Government of: 7545916 | Bahrain, Government of: 7359800 | Saudi Arabia (Kingdom of), Government of: 6705933"
2014,931930160,71535717,931930160,633,Occupied Palestinian Territory Strategic Response Plan 2014 (id 435),931086454,506977015,54.5,931930160,"United States of America, Government of: 301906492 | Saudi Arabia (Kingdom of), Government of: 83540000 | United Kingdom, Government of: 46717459 | Qatar, Government of: 43492996 | Germany, Government of: 40742020 | United Arab Emirates, Government of: 35041595 | Sweden, Government of: 31393296 | European Commission's Humanitarian Aid and Civil Protection Department: 29936831 | World Food Programme: 29526807 | Private (individuals & organizations): 28584472 | Qatar Charity: 28407622 | Norway, Government of: 25695362 | Canada, Government of: 23670201 | Switzerland, Government of: 17739591 | Kuwait, Government of: 14157409",United Nations Relief and Works Agency for Palestine Refugees in the Near East: 450249363 | Not specified: 122958140 | World Food Programme: 88509463 | Palestine Red Crescent Society: 53333333 | International Committee of the Red Cross: 24863520 | Red Crescent Society of the United Arab Emirates: 18787552 | Norwegian Refugee Council: 11780542 | United Nations Children's Fund: 11151868 | Mercy Corps: 9940777 | United Nations Development Programme: 9488293 | Kuwait Red Crescent Society: 9000000 | World Health Organization: 7340511 | Office for the Coordination of Humanitarian Affairs: 6668938 | Médecins Sans Frontières: 5754717 | Medico International: 5695084,"United States of America, Government of: 301906492 | Saudi Arabia (Kingdom of), Government of: 83540000 | United Kingdom, Government of: 46717459 | Qatar, Government of: 43492996 | Germany, Government of: 40742020 | United Arab Emirates, Government of: 35041595 | Sweden, Government of: 31393296 | European Commission's Humanitarian Aid and Civil Protection Department: 29936831 | World Food Programme: 29526807 | Private (individuals & organizations): 28584472 | Qatar Charity: 28407622 | Norway, Government of: 25695362 | Canada, Government of: 23670201 | Switzerland, Government of: 17739591 | Kuwait, Government of: 14157409"
2015,612913144,2946893,612913144,448,Occupied Palestinian Territory Strategic Response Plan 2015 (id 459),706051110,397911825,56.4,612913144,"United States of America, Government of: 220403654 | Japan, Government of: 47544581 | Saudi Arabia (Kingdom of), Government of: 42212600 | Germany, Government of: 37479857 | Switzerland, Government of: 28125584 | European Commission's Humanitarian Aid and Civil Protection Department: 23668584 | Qatar Charity: 20289310 | Belgium, Government of: 19682024 | Norway, Government of: 18180425 | Sweden, Government of: 17797699 | World Food Programme: 16878160 | Islamic Development Bank: 14603904 | Canada, Government of: 13187429 | Private (individuals & organizations): 11702817 | Italy, Government of: 11117984",United Nations Relief and Works Agency for Palestine Refugees in the Near East: 315956198 | World Food Programme: 77667847 | Not specified: 33366155 | United Nations Development Programme: 30622745 | United Nations Children's Fund: 29218507 | Norwegian Refugee Council: 20217519 | International Committee of the Red Cross: 12637775 | Qatar Red Crescent Society: 10308788 | Oxfam: 6554523 | Oxfam GB: 6451233 | Save the Children: 5492531 | Food and Agriculture Organization of the United Nations: 5225046 | United Nations Mine Action Service: 3315584 | Office for the Coordination of Humanitarian Affairs: 3307024 | Oxfam Italia: 3248703,"United States of America, Government of: 220403654 | Japan, Government of: 47544581 | Saudi Arabia (Kingdom of), Government of: 42212600 | Germany, Government of: 37479857 | Switzerland, Government of: 28125584 | European Commission's Humanitarian Aid and Civil Protection Department: 23668584 | Qatar Charity: 20289310 | Belgium, Government of: 19682024 | Norway, Government of: 18180425 | Sweden, Government of: 17797699 | World Food Programme: 16878160 | Islamic Development Bank: 14603904 | Canada, Government of: 13187429 | Private (individuals & organizations): 11702817 | Italy, Government of: 11117984"
2016,682968669,3401361,681401597,319,Occupied Palestinian Territory Humanitarian Response Plan 2016 (id 504),570702496,283951719,49.8,682968669,"United States of America, Government of: 263705863 | Germany, Government of: 104947304 | Japan, Government of: 71566837 | Sweden, Government of: 59169573 | European Commission's Humanitarian Aid and Civil Protection Department: 28319310 | Switzerland, Government of: 26277162 | Canada, Government of: 22257264 | Belgium, Government of: 18768672 | United Arab Emirates, Government of: 15000000 | Private (individuals & organizations): 13805777 | Saudi Arabia (Kingdom of), Government of: 12342850 | France, Government of: 10014225 | Norway, Government of: 7704703 | Italy, Government of: 4572211 | European Commission: 3499816",United Nations Relief and Works Agency for Palestine Refugees in the Near East: 426353454 | KFW Development: 58097395 | World Food Programme: 49010534 | International Committee of the Red Cross: 24228707 | World Bank: 20000000 | Norwegian Refugee Council: 17106104 | United Nations Children's Fund: 8667413 | United Nations Development Programme: 7383013 | CARE International: 5613985 | Not specified: 4539504 | Office for the Coordination of Humanitarian Affairs: 4411654 | Occupied Palestinian Territory Humanitarian Fund: 3497728 | United Nations Population Fund: 3361338 | Japan Platform: 3178657 | Food and Agriculture Organization of the United Nations: 2961818,"United States of America, Government of: 263705863 | Germany, Government of: 103380231 | Japan, Government of: 71566837 | Sweden, Government of: 59169573 | European Commission's Humanitarian Aid and Civil Protection Department: 28319310 | Switzerland, Government of: 26277162 | Canada, Government of: 22257264 | Belgium, Government of: 18768672 | United Arab Emirates, Government of: 15000000 | Private (individuals & organizations): 13805777 | Saudi Arabia (Kingdom of), Government of: 12342850 | France, Government of: 10014225 | Norway, Government of: 7704703 | Italy, Government of: 4572211 | European Commission: 3499816"
2017,333268828,0,333726161,315,Occupied Palestinian Territory Humanitarian Response Plan 2017 (id 529),551876643,259033658,46.9,333268828,"United States of America, Government of: 111975227 | Germany, Government of: 43984632 | European Commission's Humanitarian Aid and Civil Protection Department: 21231423 | United Arab Emirates, Government of: 15000000 | Japan, Government of: 14829693 | Canada, Government of: 14082939 | Switzerland, Government of: 11737529 | Italy, Government of: 11116137 | Sweden, Government of: 10173806 | United Kingdom, Government of: 7824265 | Belgium, Government of: 6766975 | World Food Programme: 5972740 | Finland, Government of: 4802561 | Spain, Government of: 4678040 | Türkiye, Government of: 4633650",United Nations Relief and Works Agency for Palestine Refugees in the Near East: 189811461 | World Food Programme: 40729040 | Norwegian Refugee Council: 18451293 | International Committee of the Red Cross: 14219300 | United Nations Children's Fund: 12279030 | Save the Children: 5134685 | Office for the Coordination of Humanitarian Affairs: 4082449 | Food and Agriculture Organization of the United Nations: 3822036 | Not specified: 3727261 | Acción Contra el Hambre - Spain: 3675616 | Oxfam Italia: 3017676 | Medico International: 2453863 | World Health Organization: 2154440 | Development and Peace: 1835536 | United Nations Population Fund: 1692117,"United States of America, Government of: 111975227 | Germany, Government of: 42998278 | European Commission's Humanitarian Aid and Civil Protection Department: 21231423 | United Arab Emirates, Government of: 15000000 | Japan, Government of: 14829693 | Canada, Government of: 14082939 | Switzerland, Government of: 11737529 | Italy, Government of: 11704372 | Sweden, Government of: 10173807 | United Kingdom, Government of: 7824265 | Belgium, Government of: 6766975 | World Food Programme: 5972740 | Türkiye, Government of: 5133650 | Finland, Government of: 4802561 | Spain, Government of: 4678040"
2018,345444945,0,355737258,330,Occupied Palestinian Territory Humanitarian Response Strategy 2018 (id 633),539721755,244057911,45.2,345444945,"Germany, Government of: 81574778 | European Commission's Humanitarian Aid and Civil Protection Department: 55556234 | Sweden, Government of: 19693698 | Central Emergency Response Fund: 19267609 | Switzerland, Government of: 18680954 | Norway, Government of: 17009437 | Canada, Government of: 15602319 | Belgium, Government of: 14773095 | World Food Programme: 13532127 | Italy, Government of: 11437563 | Japan, Government of: 9560972 | Australia, Government of: 8760714 | United Arab Emirates, Government of: 7000000 | France, Government of: 6764103 | United Kingdom, Government of: 6198312",United Nations Relief and Works Agency for Palestine Refugees in the Near East: 128364491 | World Food Programme: 37826396 | Not specified: 19851886 | Norwegian Refugee Council: 18171175 | International Committee of the Red Cross: 17292309 | United Nations Children's Fund: 14607703 | Deutsche Gesellschaft für Internationale Zusammenarbeit: 12514221 | Occupied Palestinian Territory Humanitarian Fund: 11163365 | Food and Agriculture Organization of the United Nations: 8660233 | World Health Organization: 7586378 | Red Crescent Society of the United Arab Emirates: 5000000 | Acción Contra el Hambre - Spain: 4817484 | Office for the Coordination of Humanitarian Affairs: 4118960 | Qatar Charity: 3041495 | United Nations Population Fund: 2970073,"Germany, Government of: 83083591 | European Commission's Humanitarian Aid and Civil Protection Department: 64087564 | Sweden, Government of: 19693699 | Central Emergency Response Fund: 19267609 | Switzerland, Government of: 18680955 | Norway, Government of: 17009437 | Canada, Government of: 15602319 | Belgium, Government of: 14773095 | World Food Programme: 13532127 | Italy, Government of: 11574175 | Japan, Government of: 9560972 | Australia, Government of: 8760714 | United Arab Emirates, Government of: 7000000 | France, Government of: 6764103 | United Kingdom, Government of: 6198312"
2019,381323914,359547,346990967,350,Occupied Palestinian Territory Humanitarian Response Strategy 2019 (id 664),350589271,292549322,83.4,379983914,"Germany, Government of: 104770321 | United Arab Emirates, Government of: 50800000 | United Kingdom, Government of: 29750106 | European Commission's Humanitarian Aid and Civil Protection Department: 22851949 | World Food Programme: 21100000 | Denmark, Government of: 17822946 | Switzerland, Government of: 13333216 | Qatar, Government of: 13000000 | Sweden, Government of: 11376971 | Belgium, Government of: 11034323 | Norway, Government of: 10433096 | Canada, Government of: 9513204 | United Nations Children's Fund: 8057354 | Central Emergency Response Fund: 8000000 | France, Government of: 7109582",United Nations Relief and Works Agency for Palestine Refugees in the Near East: 177464857 | World Food Programme: 59059185 | Norwegian Refugee Council: 28508735 | United Nations Children's Fund: 17172614 | International Committee of the Red Cross: 15382074 | Not specified: 9796186 | World Health Organization: 8012461 | Food and Agriculture Organization of the United Nations: 4376881 | Office for the Coordination of Humanitarian Affairs: 3776722 | Action Contre la Faim - Action Against Hunger International: 3760115 | MA'AN Development Center: 3546005 | Medical Aid for Palestinians: 3249270 | Norwegian People's Aid: 3131227 | United Nations Population Fund: 2629908 | Save the Children: 2315577,"Germany, Government of: 56819519 | United Arab Emirates, Government of: 50800000 | European Commission's Humanitarian Aid and Civil Protection Department: 33259783 | United Kingdom, Government of: 29750106 | World Food Programme: 21100000 | Denmark, Government of: 17822946 | Switzerland, Government of: 13333217 | Qatar, Government of: 13000000 | Sweden, Government of: 11376972 | Belgium, Government of: 11034323 | Norway, Government of: 10433096 | Canada, Government of: 9513204 | United Nations Children's Fund: 8057354 | Central Emergency Response Fund: 8000000 | France, Government of: 7109582"
2020,672966183,49574,640894171,396,Occupied Palestinian Territory Humanitarian Response Plan 2020 (id 832),420381684,327419788,77.9,672966183,"Qatar Fund for Development: 234208416 | Germany, Government of: 154969168 | Japan, Government of: 37515642 | European Commission's Humanitarian Aid and Civil Protection Department: 25979760 | Central Emergency Response Fund: 25335277 | United Kingdom, Government of: 23637926 | Canada, Government of: 16834937 | Belgium, Government of: 14533423 | Switzerland, Government of: 13023623 | Kuwait, Government of: 10950055 | Norway, Government of: 10072961 | Sweden, Government of: 10043140 | Saudi Arabia (Kingdom of), Government of: 8528424 | France, Government of: 7829770 | Spain, Government of: 7699111","Gaza Reconstruction Committee: 203038187 | United Nations Relief and Works Agency for Palestine Refugees in the Near East: 176355879 | Norwegian Refugee Council: 45269562 | World Food Programme: 35968228 | KFW Development: 27066428 | United Nations Children's Fund: 21416414 | World Health Organization: 17457662 | Palestinian territory, occupied: 17028424 | International Committee of the Red Cross: 12624920 | Deutsche Gesellschaft für Internationale Zusammenarbeit: 9430804 | Office for the Coordination of Humanitarian Affairs: 7454018 | Catholic Relief Services: 6165546 | Not specified: 5821552 | Action Contre la Faim - Action Against Hunger International: 5195434 | Save the Children: 5098365","Qatar Fund for Development: 234208416 | Germany, Government of: 103003799 | Japan, Government of: 45745513 | European Commission's Humanitarian Aid and Civil Protection Department: 37564064 | Central Emergency Response Fund: 25335277 | United Kingdom, Government of: 23637926 | Canada, Government of: 16834938 | Belgium, Government of: 14533423 | Switzerland, Government of: 13023623 | Kuwait, Government of: 10950055 | Norway, Government of: 10072961 | Sweden, Government of: 10043140 | Saudi Arabia (Kingdom of), Government of: 8528424 | France, Government of: 7829770 | Spain, Government of: 7786523"
2021,970742078,0,947987698,617,Occupied Palestinian Territory Humanitarian Response Plan 2021 (id 1012); Escalation of Hostilities in the OPT  Flash Appeal 2021 (id 1049),512429398,439116805,85.7,970132078,"Qatar Fund for Development: 291027013 | Germany, Government of: 165512511 | United States of America, Government of: 133127130 | Japan, Government of: 56483439 | European Commission's Humanitarian Aid and Civil Protection Department: 37344184 | Switzerland, Government of: 28021323 | Sweden, Government of: 26808330 | Kuwait Fund for Arab Economic Development: 20000000 | Norway, Government of: 18205537 | Canada, Government of: 17191565 | Belgium, Government of: 16412584 | Australia, Government of: 13684683 | Denmark, Government of: 13375567 | United Arab Emirates, Government of: 11506425 | United Kingdom, Government of: 10616052","United Nations Relief and Works Agency for Palestine Refugees in the Near East: 345735749 | Gaza Reconstruction Committee: 283809358 | World Food Programme: 82714018 | International Committee of the Red Cross: 50052990 | United Nations Children's Fund: 24492122 | Norwegian Refugee Council: 20811249 | World Health Organization: 11240807 | Not specified: 8678990 | KFW Development: 7726269 | Food and Agriculture Organization of the United Nations: 7506585 | Occupied Palestinian Territory Humanitarian Fund: 7441419 | Office for the Coordination of Humanitarian Affairs: 7205043 | Catholic Relief Services: 7039036 | United Nations Population Fund: 6956197 | Palestinian territory, occupied: 6806425","Qatar Fund for Development: 291027013 | United States of America, Government of: 133127130 | Germany, Government of: 102062805 | Japan, Government of: 59362570 | European Commission's Humanitarian Aid and Civil Protection Department: 42551005 | Switzerland, Government of: 28146344 | Sweden, Government of: 26808330 | Netherlands, Government of: 26478323 | Kuwait Fund for Arab Economic Development: 20000000 | Norway, Government of: 18205537 | Canada, Government of: 17191566 | Belgium, Government of: 16428116 | Australia, Government of: 13684683 | Denmark, Government of: 13375567 | United Nations Children's Fund: 12868439"
2022,980936476,685459,1016192204,461,Occupied Palestinian Territory Humanitarian Response Plan 2022 (id 1059),509872202,466212078,91.4,980936476,"Qatar Fund for Development: 384621295 | Germany, Government of: 148807056 | United States of America, Government of: 102362200 | United Arab Emirates, Government of: 76810500 | Qatar Charity: 32599389 | European Commission's Humanitarian Aid and Civil Protection Department: 31550156 | Switzerland, Government of: 31332998 | Japan, Government of: 28411287 | Australia, Government of: 19113333 | Türkiye, Government of: 16632980 | Sweden, Government of: 14287104 | Canada, Government of: 13254279 | Italy, Government of: 10381859 | Norway, Government of: 10294296 | Belgium, Government of: 9161928","Gaza Reconstruction Committee: 374993773 | United Nations Relief and Works Agency for Palestine Refugees in the Near East: 262281376 | Palestinian territory, occupied: 57000000 | World Food Programme: 42993470 | Qatar Charity: 32599389 | International Committee of the Red Cross: 31046172 | World Health Organization: 27860621 | Norwegian Refugee Council: 21059721 | United Nations Children's Fund: 10850518 | Occupied Palestinian Territory Humanitarian Fund: 10156073 | UN agencies and NGOs (Confidential): 9630211 | Mercy Corps: 9000000 | Office for the Coordination of Humanitarian Affairs: 6057947 | Not specified: 5464608 | Oxfam Novib Netherlands: 5198806","Qatar Fund for Development: 384621295 | United States of America, Government of: 177489382 | Germany, Government of: 103301504 | United Arab Emirates, Government of: 76810500 | European Commission's Humanitarian Aid and Civil Protection Department: 32757359 | Qatar Charity: 32599389 | Switzerland, Government of: 31437000 | Japan, Government of: 30040425 | Australia, Government of: 19113333 | Türkiye, Government of: 16632980 | Sweden, Government of: 14287104 | Canada, Government of: 13254279 | Italy, Government of: 10381859 | Norway, Government of: 10148795 | Belgium, Government of: 9161928"
2023,1869022984,275728953,1990865966,1153,Occupied Palestinian Territory Humanitarian Response Plan 2023 (id 1109); Escalation of Hostilities in the OPT Flash Appeal 2023 (id 1186),1005827508,1024272367,101.8,1868324810,"United Arab Emirates, Government of: 511364619 | Germany, Government of: 191961707 | Qatar Fund for Development: 179019634 | United States of America, Government of: 101043734 | Switzerland, Government of: 86260105 | European Commission's Humanitarian Aid and Civil Protection Department: 84455032 | France, Government of: 57465742 | Saudi Arabia (Kingdom of), Government of: 55357543 | Canada, Government of: 49777597 | Norway, Government of: 49311788 | Qatar Charity: 44932674 | United Kingdom, Government of: 44728183 | Australia, Government of: 42312924 | Japan, Government of: 38260141 | World Food Programme: 30629669","United Nations Relief and Works Agency for Palestine Refugees in the Near East: 446239918 | UAE Aid: 312500000 | Gaza Reconstruction Committee: 171312022 | World Food Programme: 165342191 | United Nations Children's Fund: 109102018 | International Committee of the Red Cross: 96947380 | Palestinian territory, occupied: 75635903 | Norwegian Refugee Council: 47789872 | Egyptian Red Crescent Society: 45535165 | Qatar Charity: 42862411 | World Health Organization: 36873492 | Red Crescent Society of the United Arab Emirates: 30000000 | International NGOs (Confidential): 21585406 | United Arab Emirates, Government of: 17660316 | International Federation of Red Cross and Red Crescent Societies: 17370655","United Arab Emirates, Government of: 511364619 | Germany, Government of: 188678929 | Qatar Fund for Development: 179019634 | United States of America, Government of: 176170916 | Switzerland, Government of: 87132536 | European Commission's Humanitarian Aid and Civil Protection Department: 84175476 | Sweden, Government of: 74179865 | France, Government of: 57462820 | Saudi Arabia (Kingdom of), Government of: 55357543 | Norway, Government of: 50211716 | Canada, Government of: 49777597 | Qatar Charity: 44932674 | United Kingdom, Government of: 44728112 | Australia, Government of: 42312924 | Japan, Government of: 38260141"
2024,3770151520,13298718,3862213908,1997,Escalation of Hostilities in the OPT Flash Appeal 2024 (id 1156),3422855934,2901294978,84.8,3750904436,"United Arab Emirates, Government of: 677535290 | United States of America, Government of: 635375238 | Germany, Government of: 226517229 | European Commission's Humanitarian Aid and Civil Protection Department: 212267798 | United States Department of State: 171446860 | Saudi Arabia (Kingdom of), Government of: 132918665 | Türkiye, Government of: 125130053 | United Kingdom, Government of: 97428420 | Private (individuals & organizations): 92169435 | Norway, Government of: 88598210 | France, Government of: 75027820 | Japan, Government of: 73665123 | Canada, Government of: 62081585 | Qatar Fund for Development: 54850879 | Denmark, Government of: 54158768","World Food Programme: 939012203 | United Nations Relief and Works Agency for Palestine Refugees in the Near East: 725493946 | United Nations Children's Fund: 354022160 | UAE Aid: 285876873 | International NGOs (Confidential): 200974505 | United Arab Emirates, Government of: 193366631 | World Health Organization: 145545434 | Egyptian Red Crescent Society: 92922497 | Norwegian Refugee Council: 54500569 | United Nations Population Fund: 50405390 | Private (individuals & organizations): 49870248 | Palestine Red Crescent Society: 48792949 | International Committee of the Red Cross: 48649301 | Qatar Charity: 41428054 | Palestinian territory, occupied: 40066228","United Arab Emirates, Government of: 677535290 | United States of America, Government of: 635375238 | Germany, Government of: 248135888 | European Commission's Humanitarian Aid and Civil Protection Department: 240268161 | United States Department of State: 171446860 | Saudi Arabia (Kingdom of), Government of: 132918665 | Türkiye, Government of: 125130053 | Japan, Government of: 102766777 | United Kingdom, Government of: 97428349 | Private (individuals & organizations): 92169435 | Norway, Government of: 88598211 | France, Government of: 75024898 | Canada, Government of: 62081585 | Qatar Fund for Development: 54850879 | Denmark, Government of: 54158768"
2025,4439168803,1725884,4550845662,1734,Escalation of Hostilities in the OPT Flash Appeal 2025 (id 1273),4073058682,2762255198,67.8,4439168803,"United Arab Emirates, Government of: 1609440641 | United States of America, Government of: 568045001 | Qatar Fund for Development: 341326221 | European Commission's Humanitarian Aid and Civil Protection Department: 246224147 | Saudi Arabia (Kingdom of), Government of: 129664692 | Private (individuals & organizations): 114501482 | Germany, Government of: 92043888 | United Kingdom, Government of: 83340874 | Sweden, Government of: 81004200 | Qatar Charity: 79643452 | Netherlands, Government of: 79082615 | France, Government of: 78900272 | Norway, Government of: 75236549 | Canada, Government of: 64887685 | Japan, Government of: 54850854","UAE Aid: 1524992281 | World Food Programme: 870343415 | United Nations Children's Fund: 348506871 | United Nations Relief and Works Agency for Palestine Refugees in the Near East: 269519524 | Private (individuals & organizations): 210136461 | Palestinian territory, occupied: 92431518 | Qatar Charity: 91610211 | United Arab Emirates, Government of: 82185528 | World Health Organization: 79750921 | Qatar Red Crescent Society: 74132347 | Medical Aid for Palestinians: 57881959 | International Committee of the Red Cross: 56532309 | United Nations Population Fund: 52174846 | Save the Children: 46089006 | Norwegian Refugee Council: 38520649","United Arab Emirates, Government of: 1609440641 | United States of America, Government of: 568045001 | Qatar Fund for Development: 341326221 | European Commission's Humanitarian Aid and Civil Protection Department: 274534798 | Saudi Arabia (Kingdom of), Government of: 129664692 | Japan, Government of: 118275089 | Private (individuals & organizations): 114501482 | Germany, Government of: 100169389 | United Kingdom, Government of: 83340874 | Norway, Government of: 81706570 | Sweden, Government of: 81004200 | Qatar Charity: 79643452 | Netherlands, Government of: 79082615 | France, Government of: 78900272 | Canada, Government of: 64887685"
2026,3036543068,318202,3227035465,1164,Escalation of Hostilities in the OPT Flash Appeal 2026 (id 1510),4064305808,1632533647,40.2,3036543068,"United Arab Emirates, Government of: 1685579744 | United States of America, Government of: 330059466 | European Commission's Humanitarian Aid and Civil Protection Department: 178521243 | Sweden, Government of: 90200330 | Canada, Government of: 84493505 | Japan, Government of: 82374334 | United States Department of State: 64999805 | Netherlands, Government of: 63684603 | Germany, Government of: 43014762 | United Kingdom, Government of: 35772343 | Qatar Fund for Development: 30343253 | Private (individuals & organizations): 29571937 | Qatar Charity: 28122176 | Norway, Government of: 25041826 | Italy, Government of: 21902092",UAE Aid: 1682332501 | World Food Programme: 370596293 | United Nations Children's Fund: 148172097 | United Nations Relief and Works Agency for Palestine Refugees in the Near East: 97905960 | International NGOs (Confidential): 83024952 | Occupied Palestinian Territory Humanitarian Fund: 68578092 | World Health Organization: 55938062 | Norwegian Refugee Council: 49283869 | Private (individuals & organizations): 40090015 | International Committee of the Red Cross: 35478201 | The Netherlands Red Cross: 32069635 | Qatar Charity: 27499826 | Red Cross/Red Crescent Societies (Confidential): 25000000 | United Nations Development Programme: 22446969 | United Nations Population Fund: 17362451,"United Arab Emirates, Government of: 1685579744 | United States of America, Government of: 330059466 | Japan, Government of: 245407797 | European Commission's Humanitarian Aid and Civil Protection Department: 203701976 | Sweden, Government of: 90200330 | Canada, Government of: 84493505 | United States Department of State: 64999805 | Netherlands, Government of: 63684603 | Germany, Government of: 43014762 | United Kingdom, Government of: 35772343 | Qatar Fund for Development: 30343253 | Private (individuals & organizations): 29571937 | Qatar Charity: 28122176 | Norway, Government of: 27193231 | Italy, Government of: 21902092"
