company,country,activities,listed_2020,listed_2023,listed_later,removed,source_url,read_status,name_2023,name_2025,listed_2026,notes
Afikim Public Transportation Ltd.,Israel,2020:(e) | 2023:(e) | 2025:(e),yes (#1),yes (#28),A/HRC/60/19 (2025) yes (#56),,"https://documents.un.org/api/symbol/access?s=A/HRC/43/71&l=en&t=pdf | https://www.un.org/unispal/wp-content/uploads/2023/06/OHCHRDATABASEOPT_300630.pdf (OHCHR update, 30 June 2023) | https://documents.un.org/api/symbol/access?s=A/HRC/60/19&l=en&t=pdf",read: all three primary documents opened and parsed,Electra Afikim,Electra Afikim Ltd.,NOT VERIFIED: A/HRC/63/20 (Sept 2026) could not be opened,2023 name change per 2023 update footnote. 
Airbnb Inc.,United States of America,2020:(e) | 2023:(e) | 2025:(e),yes (#2),yes (#1),A/HRC/60/19 (2025) yes (#5),,"https://documents.un.org/api/symbol/access?s=A/HRC/43/71&l=en&t=pdf | https://www.un.org/unispal/wp-content/uploads/2023/06/OHCHRDATABASEOPT_300630.pdf (OHCHR update, 30 June 2023) | https://documents.un.org/api/symbol/access?s=A/HRC/60/19&l=en&t=pdf",read: all three primary documents opened and parsed,Airbnb Inc.,Airbnb Inc.,NOT VERIFIED: A/HRC/63/20 (Sept 2026) could not be opened,
American Israeli Gas Corporation Ltd.,Israel,"2020:(e),(g) | 2023:(e),(g) | 2025:(e),(g)",yes (#3),yes (#2),A/HRC/60/19 (2025) yes (#146),,"https://documents.un.org/api/symbol/access?s=A/HRC/43/71&l=en&t=pdf | https://www.un.org/unispal/wp-content/uploads/2023/06/OHCHRDATABASEOPT_300630.pdf (OHCHR update, 30 June 2023) | https://documents.un.org/api/symbol/access?s=A/HRC/60/19&l=en&t=pdf",read: all three primary documents opened and parsed,American Israeli Gas Corporation Inc.,The American Israeli Gas Corporation Ltd. (Amisragas),NOT VERIFIED: A/HRC/63/20 (Sept 2026) could not be opened,"2025 name differs; mapped by name similarity, no footnote. "
Amir Marketing and Investments in Agriculture Ltd.,Israel,2020:(g) | 2023:(g) | 2025:(g),yes (#4),yes (#3),A/HRC/60/19 (2025) yes (#8),,"https://documents.un.org/api/symbol/access?s=A/HRC/43/71&l=en&t=pdf | https://www.un.org/unispal/wp-content/uploads/2023/06/OHCHRDATABASEOPT_300630.pdf (OHCHR update, 30 June 2023) | https://documents.un.org/api/symbol/access?s=A/HRC/60/19&l=en&t=pdf",read: all three primary documents opened and parsed,Amir Marketing and Investment in Agriculture Inc.,Amir Marketing and Investments in Agriculture Ltd.,NOT VERIFIED: A/HRC/63/20 (Sept 2026) could not be opened,
Amos Hadar Properties and Investments Ltd.,Israel,2020:(g) | 2023:(g) | 2025:(g),yes (#5),yes (#4),A/HRC/60/19 (2025) yes (#9),,"https://documents.un.org/api/symbol/access?s=A/HRC/43/71&l=en&t=pdf | https://www.un.org/unispal/wp-content/uploads/2023/06/OHCHRDATABASEOPT_300630.pdf (OHCHR update, 30 June 2023) | https://documents.un.org/api/symbol/access?s=A/HRC/60/19&l=en&t=pdf",read: all three primary documents opened and parsed,Amos Hadar Properties and Investments Ltd.,Amos Hadar Properties and Investments Ltd.,NOT VERIFIED: A/HRC/63/20 (Sept 2026) could not be opened,
Angel Bakeries,Israel,"2020:(e),(g) | 2023:(e),(g) | 2025:(e),(g)",yes (#6),yes (#5),A/HRC/60/19 (2025) yes (#131),,"https://documents.un.org/api/symbol/access?s=A/HRC/43/71&l=en&t=pdf | https://www.un.org/unispal/wp-content/uploads/2023/06/OHCHRDATABASEOPT_300630.pdf (OHCHR update, 30 June 2023) | https://documents.un.org/api/symbol/access?s=A/HRC/60/19&l=en&t=pdf",read: all three primary documents opened and parsed,Angel Bakeries,Salomon A. Angel Ltd.,NOT VERIFIED: A/HRC/63/20 (Sept 2026) could not be opened,2025 name change per A/HRC/60/19 annex I footnote. 
Archivists Ltd.,Israel,2020:(g) | 2023:(g) | 2025:(g),yes (#7),yes (#6),A/HRC/60/19 (2025) yes (#12),,"https://documents.un.org/api/symbol/access?s=A/HRC/43/71&l=en&t=pdf | https://www.un.org/unispal/wp-content/uploads/2023/06/OHCHRDATABASEOPT_300630.pdf (OHCHR update, 30 June 2023) | https://documents.un.org/api/symbol/access?s=A/HRC/60/19&l=en&t=pdf",read: all three primary documents opened and parsed,Archivists Ltd.,Archivists Ltd.,NOT VERIFIED: A/HRC/63/20 (Sept 2026) could not be opened,
Ariel Properties Group,Israel,"2020:(e) | 2023:(e),(g)",yes (#8),yes (#7),"A/HRC/60/19 (2025): Annex II, no longer involved",2025 (A/HRC/60/19 Annex II),"https://documents.un.org/api/symbol/access?s=A/HRC/43/71&l=en&t=pdf | https://www.un.org/unispal/wp-content/uploads/2023/06/OHCHRDATABASEOPT_300630.pdf (OHCHR update, 30 June 2023) | https://documents.un.org/api/symbol/access?s=A/HRC/60/19&l=en&t=pdf",read: all three primary documents opened and parsed,Ariel Properties Group,,NOT VERIFIED: A/HRC/63/20 (Sept 2026) could not be opened,
Ashtrom Industries Ltd.,Israel,2020:(g) | 2023:(g) | 2025:(g),yes (#9),yes (#8),A/HRC/60/19 (2025) yes (#14),,"https://documents.un.org/api/symbol/access?s=A/HRC/43/71&l=en&t=pdf | https://www.un.org/unispal/wp-content/uploads/2023/06/OHCHRDATABASEOPT_300630.pdf (OHCHR update, 30 June 2023) | https://documents.un.org/api/symbol/access?s=A/HRC/60/19&l=en&t=pdf",read: all three primary documents opened and parsed,Ashtrom Industries Ltd.,Ashtrom Industries Ltd.,NOT VERIFIED: A/HRC/63/20 (Sept 2026) could not be opened,
Ashtrom Properties Ltd.,Israel,2020:(g),yes (#10),"no - removed (Section A, no longer involved)",,"2023 (OHCHR update 30 Jun 2023, Section A)","https://documents.un.org/api/symbol/access?s=A/HRC/43/71&l=en&t=pdf | https://www.un.org/unispal/wp-content/uploads/2023/06/OHCHRDATABASEOPT_300630.pdf (OHCHR update, 30 June 2023) | https://documents.un.org/api/symbol/access?s=A/HRC/60/19&l=en&t=pdf",read: all three primary documents opened and parsed,,,NOT VERIFIED: A/HRC/63/20 (Sept 2026) could not be opened,
Avgol Industries 1953 Ltd.,Israel,2020:(g),yes (#11),"no - removed (Section A, no longer involved)",,"2023 (OHCHR update 30 Jun 2023, Section A)","https://documents.un.org/api/symbol/access?s=A/HRC/43/71&l=en&t=pdf | https://www.un.org/unispal/wp-content/uploads/2023/06/OHCHRDATABASEOPT_300630.pdf (OHCHR update, 30 June 2023) | https://documents.un.org/api/symbol/access?s=A/HRC/60/19&l=en&t=pdf",read: all three primary documents opened and parsed,,,NOT VERIFIED: A/HRC/63/20 (Sept 2026) could not be opened,
Bank Hapoalim B.M.,Israel,"2020:(e),(f) | 2023:(e),(f),(g) | 2025:(e),(f),(g)",yes (#12),yes (#9),A/HRC/60/19 (2025) yes (#17),,"https://documents.un.org/api/symbol/access?s=A/HRC/43/71&l=en&t=pdf | https://www.un.org/unispal/wp-content/uploads/2023/06/OHCHRDATABASEOPT_300630.pdf (OHCHR update, 30 June 2023) | https://documents.un.org/api/symbol/access?s=A/HRC/60/19&l=en&t=pdf",read: all three primary documents opened and parsed,Bank Hapoalim B.M.,Bank Hapoalim Ltd.,NOT VERIFIED: A/HRC/63/20 (Sept 2026) could not be opened,
Bank Leumi Le-Israel B.M.,Israel,"2020:(e),(f) | 2023:(e),(f),(g) | 2025:(e),(f),(g)",yes (#13),yes (#10),A/HRC/60/19 (2025) yes (#18),,"https://documents.un.org/api/symbol/access?s=A/HRC/43/71&l=en&t=pdf | https://www.un.org/unispal/wp-content/uploads/2023/06/OHCHRDATABASEOPT_300630.pdf (OHCHR update, 30 June 2023) | https://documents.un.org/api/symbol/access?s=A/HRC/60/19&l=en&t=pdf",read: all three primary documents opened and parsed,Bank Leumi Le-Israel B. M.,Bank Leumi Le-Israel Ltd.,NOT VERIFIED: A/HRC/63/20 (Sept 2026) could not be opened,
Bank of Jerusalem Ltd.,Israel,"2020:(e),(f) | 2023:(e),(f),(g) | 2025:(e),(f),(g)",yes (#14),yes (#11),A/HRC/60/19 (2025) yes (#19),,"https://documents.un.org/api/symbol/access?s=A/HRC/43/71&l=en&t=pdf | https://www.un.org/unispal/wp-content/uploads/2023/06/OHCHRDATABASEOPT_300630.pdf (OHCHR update, 30 June 2023) | https://documents.un.org/api/symbol/access?s=A/HRC/60/19&l=en&t=pdf",read: all three primary documents opened and parsed,Bank of Jerusalem Ltd.,Bank of Jerusalem Ltd.,NOT VERIFIED: A/HRC/63/20 (Sept 2026) could not be opened,
Beit Haarchiv Ltd.,Israel,2020:(g) | 2023:(g) | 2025:(g),yes (#15),yes (#12),A/HRC/60/19 (2025) yes (#24),,"https://documents.un.org/api/symbol/access?s=A/HRC/43/71&l=en&t=pdf | https://www.un.org/unispal/wp-content/uploads/2023/06/OHCHRDATABASEOPT_300630.pdf (OHCHR update, 30 June 2023) | https://documents.un.org/api/symbol/access?s=A/HRC/60/19&l=en&t=pdf",read: all three primary documents opened and parsed,Beit Haarchiv Ltd.,Beit Haarchiv Ltd.,NOT VERIFIED: A/HRC/63/20 (Sept 2026) could not be opened,
"Bezeq, the Israel Telecommunication Corp Ltd.",Israel,"2020:(e),(g) | 2023:(e),(g) | 2025:(e),(g)",yes (#16),yes (#13),A/HRC/60/19 (2025) yes (#25),,"https://documents.un.org/api/symbol/access?s=A/HRC/43/71&l=en&t=pdf | https://www.un.org/unispal/wp-content/uploads/2023/06/OHCHRDATABASEOPT_300630.pdf (OHCHR update, 30 June 2023) | https://documents.un.org/api/symbol/access?s=A/HRC/60/19&l=en&t=pdf",read: all three primary documents opened and parsed,Bezeq the Israel Telecommunication Corp. Ltd.,"Bezeq, the Israeli Telecommunications Corp. Ltd.",NOT VERIFIED: A/HRC/63/20 (Sept 2026) could not be opened,"2025 name differs; mapped by name similarity, no footnote. "
Booking.com B.V.,Netherlands,2020:(e) | 2023:(e) | 2025:(e),yes (#17),yes (#14),A/HRC/60/19 (2025) yes (#28),,"https://documents.un.org/api/symbol/access?s=A/HRC/43/71&l=en&t=pdf | https://www.un.org/unispal/wp-content/uploads/2023/06/OHCHRDATABASEOPT_300630.pdf (OHCHR update, 30 June 2023) | https://documents.un.org/api/symbol/access?s=A/HRC/60/19&l=en&t=pdf",read: all three primary documents opened and parsed,Booking.com B. V.,Booking.com B.V.,NOT VERIFIED: A/HRC/63/20 (Sept 2026) could not be opened,
C. Mer Industries Ltd.,Israel,"2020:(b) | 2023:(b) | 2025:(b),(e)",yes (#18),yes (#15),A/HRC/60/19 (2025) yes (#30),,"https://documents.un.org/api/symbol/access?s=A/HRC/43/71&l=en&t=pdf | https://www.un.org/unispal/wp-content/uploads/2023/06/OHCHRDATABASEOPT_300630.pdf (OHCHR update, 30 June 2023) | https://documents.un.org/api/symbol/access?s=A/HRC/60/19&l=en&t=pdf",read: all three primary documents opened and parsed,C Mer Industries Ltd.,C. Mer Industries Ltd.,NOT VERIFIED: A/HRC/63/20 (Sept 2026) could not be opened,"2025 name differs; mapped by name similarity, no footnote. "
Café Café Israel Ltd.,Israel,"2020:(e),(g) | 2023:(e),(g) | 2025:(e),(g)",yes (#19),yes (#16),A/HRC/60/19 (2025) yes (#31),,"https://documents.un.org/api/symbol/access?s=A/HRC/43/71&l=en&t=pdf | https://www.un.org/unispal/wp-content/uploads/2023/06/OHCHRDATABASEOPT_300630.pdf (OHCHR update, 30 June 2023) | https://documents.un.org/api/symbol/access?s=A/HRC/60/19&l=en&t=pdf",read: all three primary documents opened and parsed,Café Café Israel Ltd.,Café Café Israel Ltd.,NOT VERIFIED: A/HRC/63/20 (Sept 2026) could not be opened,
Caliber 3,Israel,"2020:(d),(g) | 2023:(d),(g) | 2025:(d),(g)",yes (#20),yes (#17),A/HRC/60/19 (2025) yes (#32),,"https://documents.un.org/api/symbol/access?s=A/HRC/43/71&l=en&t=pdf | https://www.un.org/unispal/wp-content/uploads/2023/06/OHCHRDATABASEOPT_300630.pdf (OHCHR update, 30 June 2023) | https://documents.un.org/api/symbol/access?s=A/HRC/60/19&l=en&t=pdf",read: all three primary documents opened and parsed,Caliber 3,Caliber 3 Ltd.,NOT VERIFIED: A/HRC/63/20 (Sept 2026) could not be opened,
Cellcom Israel Ltd.,Israel,"2020:(e),(g) | 2023:(e),(g) | 2025:(e),(g)",yes (#21),yes (#18),A/HRC/60/19 (2025) yes (#33),,"https://documents.un.org/api/symbol/access?s=A/HRC/43/71&l=en&t=pdf | https://www.un.org/unispal/wp-content/uploads/2023/06/OHCHRDATABASEOPT_300630.pdf (OHCHR update, 30 June 2023) | https://documents.un.org/api/symbol/access?s=A/HRC/60/19&l=en&t=pdf",read: all three primary documents opened and parsed,Cellcom Israel Ltd.,Cellcom Israel Ltd.,NOT VERIFIED: A/HRC/63/20 (Sept 2026) could not be opened,
Cherriessa Ltd.,Israel,2020:(g) | 2023:(g) | 2025:(g),yes (#22),yes (#19),A/HRC/60/19 (2025) yes (#34),,"https://documents.un.org/api/symbol/access?s=A/HRC/43/71&l=en&t=pdf | https://www.un.org/unispal/wp-content/uploads/2023/06/OHCHRDATABASEOPT_300630.pdf (OHCHR update, 30 June 2023) | https://documents.un.org/api/symbol/access?s=A/HRC/60/19&l=en&t=pdf",read: all three primary documents opened and parsed,Cherriessa Ltd.,Cherriessa Ltd.,NOT VERIFIED: A/HRC/63/20 (Sept 2026) could not be opened,
Chish Nofei Israel Ltd.,Israel,"2020:(g) | 2023:(g) | 2025:(e),(g),(j)",yes (#23),yes (#20),A/HRC/60/19 (2025) yes (#44),,"https://documents.un.org/api/symbol/access?s=A/HRC/43/71&l=en&t=pdf | https://www.un.org/unispal/wp-content/uploads/2023/06/OHCHRDATABASEOPT_300630.pdf (OHCHR update, 30 June 2023) | https://documents.un.org/api/symbol/access?s=A/HRC/60/19&l=en&t=pdf",read: all three primary documents opened and parsed,Chish Nofei Israel Ltd.,Db Billiards Ltd.,NOT VERIFIED: A/HRC/63/20 (Sept 2026) could not be opened,2025 name change per A/HRC/60/19 annex I footnote. 
Citadis Israel Ltd.,Israel,"2020:(e),(g)",yes (#24),"no - removed (Section A, no longer involved)",,"2023 (OHCHR update 30 Jun 2023, Section A)","https://documents.un.org/api/symbol/access?s=A/HRC/43/71&l=en&t=pdf | https://www.un.org/unispal/wp-content/uploads/2023/06/OHCHRDATABASEOPT_300630.pdf (OHCHR update, 30 June 2023) | https://documents.un.org/api/symbol/access?s=A/HRC/60/19&l=en&t=pdf",read: all three primary documents opened and parsed,,,NOT VERIFIED: A/HRC/63/20 (Sept 2026) could not be opened,
Comasco Ltd.,Israel,"2020:(a) | 2023:(a) | 2025:(a),(c)",yes (#25),yes (#21),A/HRC/60/19 (2025) yes (#37),,"https://documents.un.org/api/symbol/access?s=A/HRC/43/71&l=en&t=pdf | https://www.un.org/unispal/wp-content/uploads/2023/06/OHCHRDATABASEOPT_300630.pdf (OHCHR update, 30 June 2023) | https://documents.un.org/api/symbol/access?s=A/HRC/60/19&l=en&t=pdf",read: all three primary documents opened and parsed,Comasco Ltd.,Comasco Ltd.,NOT VERIFIED: A/HRC/63/20 (Sept 2026) could not be opened,
Darban Investments Ltd.,Israel,2020:(g),yes (#26),"no - removed (Section A, no longer involved)",,"2023 (OHCHR update 30 Jun 2023, Section A)","https://documents.un.org/api/symbol/access?s=A/HRC/43/71&l=en&t=pdf | https://www.un.org/unispal/wp-content/uploads/2023/06/OHCHRDATABASEOPT_300630.pdf (OHCHR update, 30 June 2023) | https://documents.un.org/api/symbol/access?s=A/HRC/60/19&l=en&t=pdf",read: all three primary documents opened and parsed,,,NOT VERIFIED: A/HRC/63/20 (Sept 2026) could not be opened,
Delek Group Ltd.,Israel,"2020:(e),(g) | 2023:(e),(g) | 2025:(e),(g)",yes (#27),yes (#23),A/HRC/60/19 (2025) yes (#45),,"https://documents.un.org/api/symbol/access?s=A/HRC/43/71&l=en&t=pdf | https://www.un.org/unispal/wp-content/uploads/2023/06/OHCHRDATABASEOPT_300630.pdf (OHCHR update, 30 June 2023) | https://documents.un.org/api/symbol/access?s=A/HRC/60/19&l=en&t=pdf",read: all three primary documents opened and parsed,Delek Group Ltd.,Delek Group Ltd.,NOT VERIFIED: A/HRC/63/20 (Sept 2026) could not be opened,
Delta Israel,Israel,2020:(g) | 2023:(g) | 2025:(g),yes (#28),yes (#24),A/HRC/60/19 (2025) yes (#47),,"https://documents.un.org/api/symbol/access?s=A/HRC/43/71&l=en&t=pdf | https://www.un.org/unispal/wp-content/uploads/2023/06/OHCHRDATABASEOPT_300630.pdf (OHCHR update, 30 June 2023) | https://documents.un.org/api/symbol/access?s=A/HRC/60/19&l=en&t=pdf",read: all three primary documents opened and parsed,Delta Israel Brands Ltd.,Delta Israel Brands Ltd.,NOT VERIFIED: A/HRC/63/20 (Sept 2026) could not be opened,2023 name change per 2023 update footnote. 
Dor Alon Energy in Israel 1988 Ltd.,Israel,"2020:(e),(g) | 2023:(e),(g) | 2025:(e),(g)",yes (#29),yes (#25),A/HRC/60/19 (2025) yes (#48),,"https://documents.un.org/api/symbol/access?s=A/HRC/43/71&l=en&t=pdf | https://www.un.org/unispal/wp-content/uploads/2023/06/OHCHRDATABASEOPT_300630.pdf (OHCHR update, 30 June 2023) | https://documents.un.org/api/symbol/access?s=A/HRC/60/19&l=en&t=pdf",read: all three primary documents opened and parsed,Dor Alon Energy in Israel 1988 Ltd.,Dor Alon Energy in Israel 1988 Ltd.,NOT VERIFIED: A/HRC/63/20 (Sept 2026) could not be opened,
Egis Rail,France,2020:(e) | 2023:(e) | 2025:(e),yes (#30),yes (#26),A/HRC/60/19 (2025) yes (#53),,"https://documents.un.org/api/symbol/access?s=A/HRC/43/71&l=en&t=pdf | https://www.un.org/unispal/wp-content/uploads/2023/06/OHCHRDATABASEOPT_300630.pdf (OHCHR update, 30 June 2023) | https://documents.un.org/api/symbol/access?s=A/HRC/60/19&l=en&t=pdf",read: all three primary documents opened and parsed,Egis Rai,Egis Rai,NOT VERIFIED: A/HRC/63/20 (Sept 2026) could not be opened,
"Egged, Israel Transportation Cooperative Society Ltd.",Israel,2020:(e) | 2023:(e) | 2025:(e),yes (#31),yes (#27),A/HRC/60/19 (2025) yes (#51),,"https://documents.un.org/api/symbol/access?s=A/HRC/43/71&l=en&t=pdf | https://www.un.org/unispal/wp-content/uploads/2023/06/OHCHRDATABASEOPT_300630.pdf (OHCHR update, 30 June 2023) | https://documents.un.org/api/symbol/access?s=A/HRC/60/19&l=en&t=pdf",read: all three primary documents opened and parsed,Egged Transportation Ltd.,Egged Transportation Ltd.,NOT VERIFIED: A/HRC/63/20 (Sept 2026) could not be opened,2023 name change per 2023 update footnote. 
Energix Renewable Energies Ltd.,Israel,2020:(g),yes (#32),"no - removed (Section A, no longer involved)",,"2023 (OHCHR update 30 Jun 2023, Section A)","https://documents.un.org/api/symbol/access?s=A/HRC/43/71&l=en&t=pdf | https://www.un.org/unispal/wp-content/uploads/2023/06/OHCHRDATABASEOPT_300630.pdf (OHCHR update, 30 June 2023) | https://documents.un.org/api/symbol/access?s=A/HRC/60/19&l=en&t=pdf",read: all three primary documents opened and parsed,,,NOT VERIFIED: A/HRC/63/20 (Sept 2026) could not be opened,
EPR Systems Ltd.,Israel,"2020:(e),(g) | 2023:(e),(g) | 2025:(e),(g)",yes (#33),yes (#29),A/HRC/60/19 (2025) yes (#49),,"https://documents.un.org/api/symbol/access?s=A/HRC/43/71&l=en&t=pdf | https://www.un.org/unispal/wp-content/uploads/2023/06/OHCHRDATABASEOPT_300630.pdf (OHCHR update, 30 June 2023) | https://documents.un.org/api/symbol/access?s=A/HRC/60/19&l=en&t=pdf",read: all three primary documents opened and parsed,EPR Systems Ltd.,EPR Systems Ltd.,NOT VERIFIED: A/HRC/63/20 (Sept 2026) could not be opened,
Extal Ltd.,Israel,2020:(g) | 2023:(g) | 2025:(g),yes (#34),yes (#30),A/HRC/60/19 (2025) yes (#62),,"https://documents.un.org/api/symbol/access?s=A/HRC/43/71&l=en&t=pdf | https://www.un.org/unispal/wp-content/uploads/2023/06/OHCHRDATABASEOPT_300630.pdf (OHCHR update, 30 June 2023) | https://documents.un.org/api/symbol/access?s=A/HRC/60/19&l=en&t=pdf",read: all three primary documents opened and parsed,Extal Ltd.,Extal Ltd.,NOT VERIFIED: A/HRC/63/20 (Sept 2026) could not be opened,
Expedia Group Inc.,United States,2020:(e) | 2023:(e) | 2025:(e),yes (#35),yes (#31),A/HRC/60/19 (2025) yes (#60),,"https://documents.un.org/api/symbol/access?s=A/HRC/43/71&l=en&t=pdf | https://www.un.org/unispal/wp-content/uploads/2023/06/OHCHRDATABASEOPT_300630.pdf (OHCHR update, 30 June 2023) | https://documents.un.org/api/symbol/access?s=A/HRC/60/19&l=en&t=pdf",read: all three primary documents opened and parsed,Expedia Group Inc.,Expedia Group Inc.,NOT VERIFIED: A/HRC/63/20 (Sept 2026) could not be opened,
Field Produce Ltd.,Israel,2020:(g) | 2023:(g) | 2025:(g),yes (#36),yes (#32),A/HRC/60/19 (2025) yes (#64),,"https://documents.un.org/api/symbol/access?s=A/HRC/43/71&l=en&t=pdf | https://www.un.org/unispal/wp-content/uploads/2023/06/OHCHRDATABASEOPT_300630.pdf (OHCHR update, 30 June 2023) | https://documents.un.org/api/symbol/access?s=A/HRC/60/19&l=en&t=pdf",read: all three primary documents opened and parsed,Field Produce Ltd.,Field Produce Ltd.,NOT VERIFIED: A/HRC/63/20 (Sept 2026) could not be opened,
Field Produce Marketing Ltd.,Israel,2020:(g) | 2023:(g) | 2025:(g),yes (#37),yes (#33),A/HRC/60/19 (2025) yes (#65),,"https://documents.un.org/api/symbol/access?s=A/HRC/43/71&l=en&t=pdf | https://www.un.org/unispal/wp-content/uploads/2023/06/OHCHRDATABASEOPT_300630.pdf (OHCHR update, 30 June 2023) | https://documents.un.org/api/symbol/access?s=A/HRC/60/19&l=en&t=pdf",read: all three primary documents opened and parsed,Field Produce Marketing Ltd.,Field Produce Marketing Ltd.,NOT VERIFIED: A/HRC/63/20 (Sept 2026) could not be opened,
First International Bank of Israel Ltd.,Israel,"2020:(e),(f) | 2023:(e),(f),(g) | 2025:(e),(f),(g)",yes (#38),yes (#34),A/HRC/60/19 (2025) yes (#66),,"https://documents.un.org/api/symbol/access?s=A/HRC/43/71&l=en&t=pdf | https://www.un.org/unispal/wp-content/uploads/2023/06/OHCHRDATABASEOPT_300630.pdf (OHCHR update, 30 June 2023) | https://documents.un.org/api/symbol/access?s=A/HRC/60/19&l=en&t=pdf",read: all three primary documents opened and parsed,First International Bank of Israel Ltd.,First International Bank of Israel Ltd.,NOT VERIFIED: A/HRC/63/20 (Sept 2026) could not be opened,
Galshan Shvakim Ltd.,Israel,"2020:(e),(d) | 2023:(e),(d) | 2025:(e)",yes (#39),yes (#35),A/HRC/60/19 (2025) yes (#70),,"https://documents.un.org/api/symbol/access?s=A/HRC/43/71&l=en&t=pdf | https://www.un.org/unispal/wp-content/uploads/2023/06/OHCHRDATABASEOPT_300630.pdf (OHCHR update, 30 June 2023) | https://documents.un.org/api/symbol/access?s=A/HRC/60/19&l=en&t=pdf",read: all three primary documents opened and parsed,Galshan Shvakim Ltd.,Galshan Shvakim Ltd.,NOT VERIFIED: A/HRC/63/20 (Sept 2026) could not be opened,
General Mills Israel Ltd.,Israel,2020:(g),yes (#40),"no - removed (Section A, no longer involved)",,"2023 (OHCHR update 30 Jun 2023, Section A)","https://documents.un.org/api/symbol/access?s=A/HRC/43/71&l=en&t=pdf | https://www.un.org/unispal/wp-content/uploads/2023/06/OHCHRDATABASEOPT_300630.pdf (OHCHR update, 30 June 2023) | https://documents.un.org/api/symbol/access?s=A/HRC/60/19&l=en&t=pdf",read: all three primary documents opened and parsed,,,NOT VERIFIED: A/HRC/63/20 (Sept 2026) could not be opened,
Hadiklaim Israel Date Growers Cooperative Ltd.,Israel,2020:(g) | 2023:(g),yes (#41),yes (#36),"A/HRC/60/19 (2025): Annex II, no longer involved",2025 (A/HRC/60/19 Annex II),"https://documents.un.org/api/symbol/access?s=A/HRC/43/71&l=en&t=pdf | https://www.un.org/unispal/wp-content/uploads/2023/06/OHCHRDATABASEOPT_300630.pdf (OHCHR update, 30 June 2023) | https://documents.un.org/api/symbol/access?s=A/HRC/60/19&l=en&t=pdf",read: all three primary documents opened and parsed,Hadiklaim Israel Date Growers Cooperative Ltd.,,NOT VERIFIED: A/HRC/63/20 (Sept 2026) could not be opened,
Hot Mobile Ltd.,Israel,"2020:(e) | 2023:(e),(g) | 2025:(e),(g)",yes (#42),yes (#37),A/HRC/60/19 (2025) yes (#79),,"https://documents.un.org/api/symbol/access?s=A/HRC/43/71&l=en&t=pdf | https://www.un.org/unispal/wp-content/uploads/2023/06/OHCHRDATABASEOPT_300630.pdf (OHCHR update, 30 June 2023) | https://documents.un.org/api/symbol/access?s=A/HRC/60/19&l=en&t=pdf",read: all three primary documents opened and parsed,Hot Mobile Ltd.,Hot Mobile Ltd.,NOT VERIFIED: A/HRC/63/20 (Sept 2026) could not be opened,
Hot Telecommunications Systems Ltd.,Israel,"2020:(e) | 2023:(e),(g) | 2025:(e),(g)",yes (#43),yes (#38),A/HRC/60/19 (2025) yes (#80),,"https://documents.un.org/api/symbol/access?s=A/HRC/43/71&l=en&t=pdf | https://www.un.org/unispal/wp-content/uploads/2023/06/OHCHRDATABASEOPT_300630.pdf (OHCHR update, 30 June 2023) | https://documents.un.org/api/symbol/access?s=A/HRC/60/19&l=en&t=pdf",read: all three primary documents opened and parsed,Hot Telecommunications Systems Ltd.,Hot Telecommunication Systems Ltd.,NOT VERIFIED: A/HRC/63/20 (Sept 2026) could not be opened,
Industrial Buildings Corporation Ltd.,Israel,2020:(g) | 2023:(g) | 2025:(g),yes (#44),yes (#39),A/HRC/60/19 (2025) yes (#108),,"https://documents.un.org/api/symbol/access?s=A/HRC/43/71&l=en&t=pdf | https://www.un.org/unispal/wp-content/uploads/2023/06/OHCHRDATABASEOPT_300630.pdf (OHCHR update, 30 June 2023) | https://documents.un.org/api/symbol/access?s=A/HRC/60/19&l=en&t=pdf",read: all three primary documents opened and parsed,Mivne Real Estate (K.D) Ltd.,Mivne Real Estate KD Ltd.,NOT VERIFIED: A/HRC/63/20 (Sept 2026) could not be opened,2023 name change per 2023 update footnote. 
Israel Discount Bank Ltd.,Israel,"2020:(e),(f) | 2023:(e),(f),(g) | 2025:(e),(f)",yes (#45),yes (#40),A/HRC/60/19 (2025) yes (#83),,"https://documents.un.org/api/symbol/access?s=A/HRC/43/71&l=en&t=pdf | https://www.un.org/unispal/wp-content/uploads/2023/06/OHCHRDATABASEOPT_300630.pdf (OHCHR update, 30 June 2023) | https://documents.un.org/api/symbol/access?s=A/HRC/60/19&l=en&t=pdf",read: all three primary documents opened and parsed,Israel Discount Bank Ltd.,Israel Discount Bank Ltd.,NOT VERIFIED: A/HRC/63/20 (Sept 2026) could not be opened,
Israel Railways Corporation Ltd.,Israel,"2020:(g),(h) | 2023:(g),(h) | 2025:(g),(h)",yes (#46),yes (#41),A/HRC/60/19 (2025) yes (#84),,"https://documents.un.org/api/symbol/access?s=A/HRC/43/71&l=en&t=pdf | https://www.un.org/unispal/wp-content/uploads/2023/06/OHCHRDATABASEOPT_300630.pdf (OHCHR update, 30 June 2023) | https://documents.un.org/api/symbol/access?s=A/HRC/60/19&l=en&t=pdf",read: all three primary documents opened and parsed,Israel Railways Corporation Ltd.,Israel Railways Corporation Ltd.,NOT VERIFIED: A/HRC/63/20 (Sept 2026) could not be opened,
Italek Ltd.,Israel,"2020:(e),(g) | 2023:(e),(g) | 2025:(e),(g)",yes (#47),yes (#42),A/HRC/60/19 (2025) yes (#85),,"https://documents.un.org/api/symbol/access?s=A/HRC/43/71&l=en&t=pdf | https://www.un.org/unispal/wp-content/uploads/2023/06/OHCHRDATABASEOPT_300630.pdf (OHCHR update, 30 June 2023) | https://documents.un.org/api/symbol/access?s=A/HRC/60/19&l=en&t=pdf",read: all three primary documents opened and parsed,Italek Ltd.,Italek Ltd.,NOT VERIFIED: A/HRC/63/20 (Sept 2026) could not be opened,
J.C. Bamford Excavators Ltd.,United Kingdom of Great Britain and Northern Ireland,"2020:(a) | 2023:(a) | 2025:(a),(c)",yes (#48),yes (#43),A/HRC/60/19 (2025) yes (#86),,"https://documents.un.org/api/symbol/access?s=A/HRC/43/71&l=en&t=pdf | https://www.un.org/unispal/wp-content/uploads/2023/06/OHCHRDATABASEOPT_300630.pdf (OHCHR update, 30 June 2023) | https://documents.un.org/api/symbol/access?s=A/HRC/60/19&l=en&t=pdf",read: all three primary documents opened and parsed,J.C. Bamford Excavators Ltd.,J.C. Bamford Excavators Ltd.,NOT VERIFIED: A/HRC/63/20 (Sept 2026) could not be opened,
Jerusalem Economy Ltd.,Israel,2020:(g),yes (#49),"no - removed (Section A, no longer involved)",,"2023 (OHCHR update 30 Jun 2023, Section A)","https://documents.un.org/api/symbol/access?s=A/HRC/43/71&l=en&t=pdf | https://www.un.org/unispal/wp-content/uploads/2023/06/OHCHRDATABASEOPT_300630.pdf (OHCHR update, 30 June 2023) | https://documents.un.org/api/symbol/access?s=A/HRC/60/19&l=en&t=pdf",read: all three primary documents opened and parsed,,,NOT VERIFIED: A/HRC/63/20 (Sept 2026) could not be opened,
Kavim Public Transportation Ltd.,Israel,"2020:(e) | 2023:(e) | 2025:(e),(g)",yes (#50),yes (#44),A/HRC/60/19 (2025) yes (#88),,"https://documents.un.org/api/symbol/access?s=A/HRC/43/71&l=en&t=pdf | https://www.un.org/unispal/wp-content/uploads/2023/06/OHCHRDATABASEOPT_300630.pdf (OHCHR update, 30 June 2023) | https://documents.un.org/api/symbol/access?s=A/HRC/60/19&l=en&t=pdf",read: all three primary documents opened and parsed,Kavim Public Transportation Ltd.,Kavim Public Transportation Ltd.,NOT VERIFIED: A/HRC/63/20 (Sept 2026) could not be opened,
Lipski Installation and Sanitation Ltd.,Israel,2020:(g) | 2023:(g) | 2025:(g),yes (#51),yes (#45),A/HRC/60/19 (2025) yes (#77),,"https://documents.un.org/api/symbol/access?s=A/HRC/43/71&l=en&t=pdf | https://www.un.org/unispal/wp-content/uploads/2023/06/OHCHRDATABASEOPT_300630.pdf (OHCHR update, 30 June 2023) | https://documents.un.org/api/symbol/access?s=A/HRC/60/19&l=en&t=pdf",read: all three primary documents opened and parsed,Lipski Installation and Sanitation Ltd.,Harsa Studio – Sanitaryware Manufacturers Ltd.,NOT VERIFIED: A/HRC/63/20 (Sept 2026) could not be opened,2025 name change per A/HRC/60/19 annex I footnote. 
Matrix IT Ltd.,Israel,"2020:(e),(g) | 2023:(e),(g) | 2025:(e),(g)",yes (#52),yes (#46),A/HRC/60/19 (2025) yes (#96),,"https://documents.un.org/api/symbol/access?s=A/HRC/43/71&l=en&t=pdf | https://www.un.org/unispal/wp-content/uploads/2023/06/OHCHRDATABASEOPT_300630.pdf (OHCHR update, 30 June 2023) | https://documents.un.org/api/symbol/access?s=A/HRC/60/19&l=en&t=pdf",read: all three primary documents opened and parsed,Matrix IT Ltd.,Matrix IT Ltd.,NOT VERIFIED: A/HRC/63/20 (Sept 2026) could not be opened,
Mayer Davidov Garages Ltd.,Israel,"2020:(e),(g) | 2023:(e),(g) | 2025:(e),(g)",yes (#53),yes (#47),A/HRC/60/19 (2025) yes (#43),,"https://documents.un.org/api/symbol/access?s=A/HRC/43/71&l=en&t=pdf | https://www.un.org/unispal/wp-content/uploads/2023/06/OHCHRDATABASEOPT_300630.pdf (OHCHR update, 30 June 2023) | https://documents.un.org/api/symbol/access?s=A/HRC/60/19&l=en&t=pdf",read: all three primary documents opened and parsed,Mayer Davidov Garages Ltd.,Davidov Garages Ltd.,NOT VERIFIED: A/HRC/63/20 (Sept 2026) could not be opened,2025 name change per A/HRC/60/19 annex I footnote. 
Mekorot Water Company Ltd.,Israel,"2020:(g) | 2023:(e),(g) | 2025:(e),(g)",yes (#54),yes (#48),A/HRC/60/19 (2025) yes (#100),,"https://documents.un.org/api/symbol/access?s=A/HRC/43/71&l=en&t=pdf | https://www.un.org/unispal/wp-content/uploads/2023/06/OHCHRDATABASEOPT_300630.pdf (OHCHR update, 30 June 2023) | https://documents.un.org/api/symbol/access?s=A/HRC/60/19&l=en&t=pdf",read: all three primary documents opened and parsed,Mekorot Water Company Ltd.,Mekorot Water Company Ltd.,NOT VERIFIED: A/HRC/63/20 (Sept 2026) could not be opened,
Mercantile Discount Bank Ltd.,Israel,"2020:(e),(f) | 2023:(e),(f),(g) | 2025:(e),(f)",yes (#55),yes (#49),A/HRC/60/19 (2025) yes (#101),,"https://documents.un.org/api/symbol/access?s=A/HRC/43/71&l=en&t=pdf | https://www.un.org/unispal/wp-content/uploads/2023/06/OHCHRDATABASEOPT_300630.pdf (OHCHR update, 30 June 2023) | https://documents.un.org/api/symbol/access?s=A/HRC/60/19&l=en&t=pdf",read: all three primary documents opened and parsed,Mercantile Discount Bank Ltd.,Mercantile Discount Bank Ltd.,NOT VERIFIED: A/HRC/63/20 (Sept 2026) could not be opened,
Merkavim Transportation Technologies Ltd.,Israel,2020:(e) | 2023:(e) | 2025:(e),yes (#56),yes (#50),A/HRC/60/19 (2025) yes (#102),,"https://documents.un.org/api/symbol/access?s=A/HRC/43/71&l=en&t=pdf | https://www.un.org/unispal/wp-content/uploads/2023/06/OHCHRDATABASEOPT_300630.pdf (OHCHR update, 30 June 2023) | https://documents.un.org/api/symbol/access?s=A/HRC/60/19&l=en&t=pdf",read: all three primary documents opened and parsed,Merkavim Transportation Technologies Ltd.,Merkavim Transportation Technologies Ltd.,NOT VERIFIED: A/HRC/63/20 (Sept 2026) could not be opened,
Mizrahi Tefahot Bank Ltd.,Israel,"2020:(e),(f) | 2023:(e),(f),(g) | 2025:(e),(g)",yes (#57),yes (#51),A/HRC/60/19 (2025) yes (#110),,"https://documents.un.org/api/symbol/access?s=A/HRC/43/71&l=en&t=pdf | https://www.un.org/unispal/wp-content/uploads/2023/06/OHCHRDATABASEOPT_300630.pdf (OHCHR update, 30 June 2023) | https://documents.un.org/api/symbol/access?s=A/HRC/60/19&l=en&t=pdf",read: all three primary documents opened and parsed,Mizrahi Tefahot Bank Ltd.,Mizrahi Tefahot Bank Ltd.,NOT VERIFIED: A/HRC/63/20 (Sept 2026) could not be opened,
Modi’in Ezrachi Group Ltd.,Israel,"2020:(e),(d) | 2023:(d),(e),(g) | 2025:(d),(e),(g)",yes (#58),yes (#52),A/HRC/60/19 (2025) yes (#111),,"https://documents.un.org/api/symbol/access?s=A/HRC/43/71&l=en&t=pdf | https://www.un.org/unispal/wp-content/uploads/2023/06/OHCHRDATABASEOPT_300630.pdf (OHCHR update, 30 June 2023) | https://documents.un.org/api/symbol/access?s=A/HRC/60/19&l=en&t=pdf",read: all three primary documents opened and parsed,Modi’in Ezrachi Group Ltd.,Modi’in Ezrachi Group Ltd.,NOT VERIFIED: A/HRC/63/20 (Sept 2026) could not be opened,
Mordechai Aviv Taasiot Beniyah 1973 Ltd.,Israel,2020:(g) | 2023:(g) | 2025:(g),yes (#59),yes (#53),A/HRC/60/19 (2025) yes (#112),,"https://documents.un.org/api/symbol/access?s=A/HRC/43/71&l=en&t=pdf | https://www.un.org/unispal/wp-content/uploads/2023/06/OHCHRDATABASEOPT_300630.pdf (OHCHR update, 30 June 2023) | https://documents.un.org/api/symbol/access?s=A/HRC/60/19&l=en&t=pdf",read: all three primary documents opened and parsed,Mordechai Aviv Tassiot Beniyah 1973 Ltd.,Mordechai Aviv 1973 Ltd.,NOT VERIFIED: A/HRC/63/20 (Sept 2026) could not be opened,
Motorola Solutions Israel Ltd.,Israel,"2020:(b) | 2023:(e),(d) | 2025:(d),(e)",yes (#60),yes (#54),A/HRC/60/19 (2025) yes (#113),,"https://documents.un.org/api/symbol/access?s=A/HRC/43/71&l=en&t=pdf | https://www.un.org/unispal/wp-content/uploads/2023/06/OHCHRDATABASEOPT_300630.pdf (OHCHR update, 30 June 2023) | https://documents.un.org/api/symbol/access?s=A/HRC/60/19&l=en&t=pdf",read: all three primary documents opened and parsed,Motorola Solutions Israel Ltd.,Motorola Solutions Israel Ltd.,NOT VERIFIED: A/HRC/63/20 (Sept 2026) could not be opened,
Municipal Bank Ltd.,Israel,2020:(f),yes (#61),"no - removed (Section A, no longer involved)",,"2023 (OHCHR update 30 Jun 2023, Section A)","https://documents.un.org/api/symbol/access?s=A/HRC/43/71&l=en&t=pdf | https://www.un.org/unispal/wp-content/uploads/2023/06/OHCHRDATABASEOPT_300630.pdf (OHCHR update, 30 June 2023) | https://documents.un.org/api/symbol/access?s=A/HRC/60/19&l=en&t=pdf",read: all three primary documents opened and parsed,,,NOT VERIFIED: A/HRC/63/20 (Sept 2026) could not be opened,
Naaman Group Ltd.,Israel,"2020:(e),(g) | 2023:(e),(g) | 2025:(e),(g)",yes (#62),yes (#55),A/HRC/60/19 (2025) yes (#63),,"https://documents.un.org/api/symbol/access?s=A/HRC/43/71&l=en&t=pdf | https://www.un.org/unispal/wp-content/uploads/2023/06/OHCHRDATABASEOPT_300630.pdf (OHCHR update, 30 June 2023) | https://documents.un.org/api/symbol/access?s=A/HRC/60/19&l=en&t=pdf",read: all three primary documents opened and parsed,Naaman Group Ltd.,Extra Retail Group Ltd.,NOT VERIFIED: A/HRC/63/20 (Sept 2026) could not be opened,2025 name change per A/HRC/60/19 annex I footnote. 
Nof Yam Security Ltd.,Israel,"2020:(e),(d) | 2023:(e),(d) | 2025:(d),(e)",yes (#63),yes (#56),A/HRC/60/19 (2025) yes (#116),,"https://documents.un.org/api/symbol/access?s=A/HRC/43/71&l=en&t=pdf | https://www.un.org/unispal/wp-content/uploads/2023/06/OHCHRDATABASEOPT_300630.pdf (OHCHR update, 30 June 2023) | https://documents.un.org/api/symbol/access?s=A/HRC/60/19&l=en&t=pdf",read: all three primary documents opened and parsed,Nof Yam Security Ltd.,Natoon – Nof Yam Security Ltd.,NOT VERIFIED: A/HRC/63/20 (Sept 2026) could not be opened,"AMBIGUOUS: 2023 entries Nof Yam Security Ltd. (#56) and Natoon Group (#95) both mapped by name to 2025 #116 ""Natoon – Nof Yam Security Ltd.""; report gives no footnote. "
Ofertex Industries 1997 Ltd.,Israel,2020:(g) | 2023:(g) | 2025:(g),yes (#64),yes (#57),A/HRC/60/19 (2025) yes (#118),,"https://documents.un.org/api/symbol/access?s=A/HRC/43/71&l=en&t=pdf | https://www.un.org/unispal/wp-content/uploads/2023/06/OHCHRDATABASEOPT_300630.pdf (OHCHR update, 30 June 2023) | https://documents.un.org/api/symbol/access?s=A/HRC/60/19&l=en&t=pdf",read: all three primary documents opened and parsed,Ofertex Industries 1997 Ltd.,Ofertex Industries 1997 Ltd.,NOT VERIFIED: A/HRC/63/20 (Sept 2026) could not be opened,
Opodo Ltd.,United Kingdom,2020:(e) | 2023:(e),yes (#65),yes (#58),"A/HRC/60/19 (2025): Annex II, no longer involved",2025 (A/HRC/60/19 Annex II),"https://documents.un.org/api/symbol/access?s=A/HRC/43/71&l=en&t=pdf | https://www.un.org/unispal/wp-content/uploads/2023/06/OHCHRDATABASEOPT_300630.pdf (OHCHR update, 30 June 2023) | https://documents.un.org/api/symbol/access?s=A/HRC/60/19&l=en&t=pdf",read: all three primary documents opened and parsed,Opodo Ltd.,,NOT VERIFIED: A/HRC/63/20 (Sept 2026) could not be opened,
Bank Otsar Ha-Hayal Ltd.,Israel,"2020:(e),(f)",yes (#66),"no - removed (Section A, no longer involved)",,"2023 (OHCHR update 30 Jun 2023, Section A)","https://documents.un.org/api/symbol/access?s=A/HRC/43/71&l=en&t=pdf | https://www.un.org/unispal/wp-content/uploads/2023/06/OHCHRDATABASEOPT_300630.pdf (OHCHR update, 30 June 2023) | https://documents.un.org/api/symbol/access?s=A/HRC/60/19&l=en&t=pdf",read: all three primary documents opened and parsed,,,NOT VERIFIED: A/HRC/63/20 (Sept 2026) could not be opened,
Partner Communications Company Ltd.,Israel,"2020:(e),(g) | 2023:(e),(g) | 2025:(e),(g)",yes (#67),yes (#59),A/HRC/60/19 (2025) yes (#121),,"https://documents.un.org/api/symbol/access?s=A/HRC/43/71&l=en&t=pdf | https://www.un.org/unispal/wp-content/uploads/2023/06/OHCHRDATABASEOPT_300630.pdf (OHCHR update, 30 June 2023) | https://documents.un.org/api/symbol/access?s=A/HRC/60/19&l=en&t=pdf",read: all three primary documents opened and parsed,Partner Communication Company Ltd.,Partner Communications Company Ltd.,NOT VERIFIED: A/HRC/63/20 (Sept 2026) could not be opened,
Paz Oil Company Ltd.,Israel,"2020:(e),(g) | 2023:(e),(g) | 2025:(e),(g)",yes (#68),yes (#60),A/HRC/60/19 (2025) yes (#122),,"https://documents.un.org/api/symbol/access?s=A/HRC/43/71&l=en&t=pdf | https://www.un.org/unispal/wp-content/uploads/2023/06/OHCHRDATABASEOPT_300630.pdf (OHCHR update, 30 June 2023) | https://documents.un.org/api/symbol/access?s=A/HRC/60/19&l=en&t=pdf",read: all three primary documents opened and parsed,Paz Oil Company Ltd.,Paz Retail and Energy Ltd.,NOT VERIFIED: A/HRC/63/20 (Sept 2026) could not be opened,2025 name change per A/HRC/60/19 annex I footnote. 
Pelegas Ltd.,Israel,2020:(g),yes (#69),"no - removed (Section A, no longer involved)",,"2023 (OHCHR update 30 Jun 2023, Section A)","https://documents.un.org/api/symbol/access?s=A/HRC/43/71&l=en&t=pdf | https://www.un.org/unispal/wp-content/uploads/2023/06/OHCHRDATABASEOPT_300630.pdf (OHCHR update, 30 June 2023) | https://documents.un.org/api/symbol/access?s=A/HRC/60/19&l=en&t=pdf",read: all three primary documents opened and parsed,,,NOT VERIFIED: A/HRC/63/20 (Sept 2026) could not be opened,
Pelephone Communications Ltd.,Israel,"2020:(e),(g) | 2023:(e),(g) | 2025:(e),(g)",yes (#70),yes (#61),A/HRC/60/19 (2025) yes (#123),,"https://documents.un.org/api/symbol/access?s=A/HRC/43/71&l=en&t=pdf | https://www.un.org/unispal/wp-content/uploads/2023/06/OHCHRDATABASEOPT_300630.pdf (OHCHR update, 30 June 2023) | https://documents.un.org/api/symbol/access?s=A/HRC/60/19&l=en&t=pdf",read: all three primary documents opened and parsed,Pelephone Communications Ltd.,Pelephone Communications Ltd.,NOT VERIFIED: A/HRC/63/20 (Sept 2026) could not be opened,
Proffimat S.R. Ltd.,Israel,2020:(g) | 2023:(g) | 2025:(g),yes (#71),yes (#62),A/HRC/60/19 (2025) yes (#125),,"https://documents.un.org/api/symbol/access?s=A/HRC/43/71&l=en&t=pdf | https://www.un.org/unispal/wp-content/uploads/2023/06/OHCHRDATABASEOPT_300630.pdf (OHCHR update, 30 June 2023) | https://documents.un.org/api/symbol/access?s=A/HRC/60/19&l=en&t=pdf",read: all three primary documents opened and parsed,Proffimat S. R. Ltd.,Proffimat S.R Ltd.,NOT VERIFIED: A/HRC/63/20 (Sept 2026) could not be opened,
Rami Levy Chain Stores Hashikma Marketing 2006 Ltd.,Israel,"2020:(e),(g) | 2023:(e),(g) | 2025:(e),(g)",yes (#72),yes (#63),A/HRC/60/19 (2025) yes (#126),,"https://documents.un.org/api/symbol/access?s=A/HRC/43/71&l=en&t=pdf | https://www.un.org/unispal/wp-content/uploads/2023/06/OHCHRDATABASEOPT_300630.pdf (OHCHR update, 30 June 2023) | https://documents.un.org/api/symbol/access?s=A/HRC/60/19&l=en&t=pdf",read: all three primary documents opened and parsed,Rami Levy Chain Stores Hashikma Marketing 2006 Ltd.,Rami Levi Chain Stores Hashikma Marketing 2006 Ltd.,NOT VERIFIED: A/HRC/63/20 (Sept 2026) could not be opened,
Rami Levy Hashikma Marketing Communication Ltd.,Israel,"2020:(e),(g) | 2023:(e),(g) | 2025:(e),(g)",yes (#73),yes (#64),A/HRC/60/19 (2025) yes (#127),,"https://documents.un.org/api/symbol/access?s=A/HRC/43/71&l=en&t=pdf | https://www.un.org/unispal/wp-content/uploads/2023/06/OHCHRDATABASEOPT_300630.pdf (OHCHR update, 30 June 2023) | https://documents.un.org/api/symbol/access?s=A/HRC/60/19&l=en&t=pdf",read: all three primary documents opened and parsed,Rami Levy Hashikma Marketing Communications Lt,Rami Levy Hashikma Marketing Communication Ltd.,NOT VERIFIED: A/HRC/63/20 (Sept 2026) could not be opened,
Re/Max Israel,Israel,"2020:(e) | 2023:(e),(g) | 2025:(e),(g)",yes (#74),yes (#65),A/HRC/60/19 (2025) yes (#81),,"https://documents.un.org/api/symbol/access?s=A/HRC/43/71&l=en&t=pdf | https://www.un.org/unispal/wp-content/uploads/2023/06/OHCHRDATABASEOPT_300630.pdf (OHCHR update, 30 June 2023) | https://documents.un.org/api/symbol/access?s=A/HRC/60/19&l=en&t=pdf",read: all three primary documents opened and parsed,Re/Max Israe,Impact Property Development Ltd.,NOT VERIFIED: A/HRC/63/20 (Sept 2026) could not be opened,2025 name change per A/HRC/60/19 annex I footnote. 
Shalgal Food Ltd.,Israel,2020:(g) | 2023:(g) | 2025:(g),yes (#75),yes (#66),A/HRC/60/19 (2025) yes (#134),,"https://documents.un.org/api/symbol/access?s=A/HRC/43/71&l=en&t=pdf | https://www.un.org/unispal/wp-content/uploads/2023/06/OHCHRDATABASEOPT_300630.pdf (OHCHR update, 30 June 2023) | https://documents.un.org/api/symbol/access?s=A/HRC/60/19&l=en&t=pdf",read: all three primary documents opened and parsed,Shalgal Food Ltd.,Shalgal Food Ltd.,NOT VERIFIED: A/HRC/63/20 (Sept 2026) could not be opened,
Shapir Engineering and Industry Ltd.,Israel,"2020:(e),(g) | 2023:(e),(g) | 2025:(a),(e),(g)",yes (#76),yes (#67),A/HRC/60/19 (2025) yes (#135),,"https://documents.un.org/api/symbol/access?s=A/HRC/43/71&l=en&t=pdf | https://www.un.org/unispal/wp-content/uploads/2023/06/OHCHRDATABASEOPT_300630.pdf (OHCHR update, 30 June 2023) | https://documents.un.org/api/symbol/access?s=A/HRC/60/19&l=en&t=pdf",read: all three primary documents opened and parsed,Shapir Engineering and Industry Ltd.,Shapir Engineering and Industry Ltd.,NOT VERIFIED: A/HRC/63/20 (Sept 2026) could not be opened,
Shufersal Ltd.,Israel,"2020:(e),(g) | 2023:(e),(g) | 2025:(e),(g)",yes (#77),yes (#68),A/HRC/60/19 (2025) yes (#140),,"https://documents.un.org/api/symbol/access?s=A/HRC/43/71&l=en&t=pdf | https://www.un.org/unispal/wp-content/uploads/2023/06/OHCHRDATABASEOPT_300630.pdf (OHCHR update, 30 June 2023) | https://documents.un.org/api/symbol/access?s=A/HRC/60/19&l=en&t=pdf",read: all three primary documents opened and parsed,Shufersal Ltd.,Shufersal Ltd.,NOT VERIFIED: A/HRC/63/20 (Sept 2026) could not be opened,
Sonol Israel Ltd.,Israel,"2020:(e),(g) | 2023:(e),(g) | 2025:(e),(g)",yes (#78),yes (#69),A/HRC/60/19 (2025) yes (#142),,"https://documents.un.org/api/symbol/access?s=A/HRC/43/71&l=en&t=pdf | https://www.un.org/unispal/wp-content/uploads/2023/06/OHCHRDATABASEOPT_300630.pdf (OHCHR update, 30 June 2023) | https://documents.un.org/api/symbol/access?s=A/HRC/60/19&l=en&t=pdf",read: all three primary documents opened and parsed,Sonol Israel Ltd.,Sonol Israel Ltd.,NOT VERIFIED: A/HRC/63/20 (Sept 2026) could not be opened,
Superbus Ltd.,Israel,2020:(e) | 2023:(e) | 2025:(e),yes (#79),yes (#70),A/HRC/60/19 (2025) yes (#144),,"https://documents.un.org/api/symbol/access?s=A/HRC/43/71&l=en&t=pdf | https://www.un.org/unispal/wp-content/uploads/2023/06/OHCHRDATABASEOPT_300630.pdf (OHCHR update, 30 June 2023) | https://documents.un.org/api/symbol/access?s=A/HRC/60/19&l=en&t=pdf",read: all three primary documents opened and parsed,Superbus Ltd.,Superbus Transportation and Tourism Ltd.,NOT VERIFIED: A/HRC/63/20 (Sept 2026) could not be opened,
Supergum Industries 1969 Ltd.,Israel,2020:(g) | 2023:(g) | 2025:(g),yes (#80),yes (#71),A/HRC/60/19 (2025) yes (#145),,"https://documents.un.org/api/symbol/access?s=A/HRC/43/71&l=en&t=pdf | https://www.un.org/unispal/wp-content/uploads/2023/06/OHCHRDATABASEOPT_300630.pdf (OHCHR update, 30 June 2023) | https://documents.un.org/api/symbol/access?s=A/HRC/60/19&l=en&t=pdf",read: all three primary documents opened and parsed,Supergum Industries 1969 Ltd.,Supergum Industries 1969 Ltd.,NOT VERIFIED: A/HRC/63/20 (Sept 2026) could not be opened,
Tahal Group International B.V.,Netherlands,2020:(e) | 2023:(e),yes (#81),yes (#72),"A/HRC/60/19 (2025): Annex II, no longer involved",2025 (A/HRC/60/19 Annex II),"https://documents.un.org/api/symbol/access?s=A/HRC/43/71&l=en&t=pdf | https://www.un.org/unispal/wp-content/uploads/2023/06/OHCHRDATABASEOPT_300630.pdf (OHCHR update, 30 June 2023) | https://documents.un.org/api/symbol/access?s=A/HRC/60/19&l=en&t=pdf",read: all three primary documents opened and parsed,Tahal Group International B.V.,,NOT VERIFIED: A/HRC/63/20 (Sept 2026) could not be opened,
TripAdvisor Inc.,United States,2020:(e) | 2023:(e) | 2025:(e),yes (#82),yes (#73),A/HRC/60/19 (2025) yes (#147),,"https://documents.un.org/api/symbol/access?s=A/HRC/43/71&l=en&t=pdf | https://www.un.org/unispal/wp-content/uploads/2023/06/OHCHRDATABASEOPT_300630.pdf (OHCHR update, 30 June 2023) | https://documents.un.org/api/symbol/access?s=A/HRC/60/19&l=en&t=pdf",read: all three primary documents opened and parsed,TripAdvisor Inc.,"TripAdvisor, Inc.",NOT VERIFIED: A/HRC/63/20 (Sept 2026) could not be opened,"2025 name differs; mapped by name similarity, no footnote. "
Twitoplast Ltd.,Israel,2020:(g) | 2023:(g) | 2025:(g),yes (#83),yes (#74),A/HRC/60/19 (2025) yes (#148),,"https://documents.un.org/api/symbol/access?s=A/HRC/43/71&l=en&t=pdf | https://www.un.org/unispal/wp-content/uploads/2023/06/OHCHRDATABASEOPT_300630.pdf (OHCHR update, 30 June 2023) | https://documents.un.org/api/symbol/access?s=A/HRC/60/19&l=en&t=pdf",read: all three primary documents opened and parsed,Twitoplast Ltd.,Twitoplast Ltd.,NOT VERIFIED: A/HRC/63/20 (Sept 2026) could not be opened,
Unikowsky Maoz Ltd.,Israel,2020:(g) | 2023:(g) | 2025:(g),yes (#84),yes (#75),A/HRC/60/19 (2025) yes (#149),,"https://documents.un.org/api/symbol/access?s=A/HRC/43/71&l=en&t=pdf | https://www.un.org/unispal/wp-content/uploads/2023/06/OHCHRDATABASEOPT_300630.pdf (OHCHR update, 30 June 2023) | https://documents.un.org/api/symbol/access?s=A/HRC/60/19&l=en&t=pdf",read: all three primary documents opened and parsed,Unikowsky Maoz Ltd.,Unikowsky Maoz Ltd.,NOT VERIFIED: A/HRC/63/20 (Sept 2026) could not be opened,
YES,Israel,2020:(e) | 2023:(e) | 2025:(e),yes (#85),yes (#22),A/HRC/60/19 (2025) yes (#154),,"https://documents.un.org/api/symbol/access?s=A/HRC/43/71&l=en&t=pdf | https://www.un.org/unispal/wp-content/uploads/2023/06/OHCHRDATABASEOPT_300630.pdf (OHCHR update, 30 June 2023) | https://documents.un.org/api/symbol/access?s=A/HRC/60/19&l=en&t=pdf",read: all three primary documents opened and parsed,D.B.S Satellite Services Ltd.,Yes TV and Communications Services Ltd.,NOT VERIFIED: A/HRC/63/20 (Sept 2026) could not be opened,2023 name change per 2023 update footnote. 2025 name change per A/HRC/60/19 annex I footnote. 
Zakai Agricultural Know-how and inputs Ltd.,Israel,2020:(g) | 2023:(g) | 2025:(g),yes (#86),yes (#76),A/HRC/60/19 (2025) yes (#156),,"https://documents.un.org/api/symbol/access?s=A/HRC/43/71&l=en&t=pdf | https://www.un.org/unispal/wp-content/uploads/2023/06/OHCHRDATABASEOPT_300630.pdf (OHCHR update, 30 June 2023) | https://documents.un.org/api/symbol/access?s=A/HRC/60/19&l=en&t=pdf",read: all three primary documents opened and parsed,Zakai Agriculture Know-how and inputs Ltd.,Zakai Agricultural Know-how and Inputs Ltd.,NOT VERIFIED: A/HRC/63/20 (Sept 2026) could not be opened,
ZF Development and Construction,Israel,2020:(g) | 2023:(g) | 2025:(g),yes (#87),yes (#77),A/HRC/60/19 (2025) yes (#155),,"https://documents.un.org/api/symbol/access?s=A/HRC/43/71&l=en&t=pdf | https://www.un.org/unispal/wp-content/uploads/2023/06/OHCHRDATABASEOPT_300630.pdf (OHCHR update, 30 June 2023) | https://documents.un.org/api/symbol/access?s=A/HRC/60/19&l=en&t=pdf",read: all three primary documents opened and parsed,ZF Development and Construction,Z.F. Building Company Ltd.,NOT VERIFIED: A/HRC/63/20 (Sept 2026) could not be opened,2025 name change per A/HRC/60/19 annex I footnote. 
ZMH Hammermand Ltd.,Israel,"2020:(g) | 2023:(e),(g) | 2025:(e),(g)",yes (#88),yes (#78),A/HRC/60/19 (2025) yes (#157),,"https://documents.un.org/api/symbol/access?s=A/HRC/43/71&l=en&t=pdf | https://www.un.org/unispal/wp-content/uploads/2023/06/OHCHRDATABASEOPT_300630.pdf (OHCHR update, 30 June 2023) | https://documents.un.org/api/symbol/access?s=A/HRC/60/19&l=en&t=pdf",read: all three primary documents opened and parsed,ZMH Hammerman Ltd.,Z.M.H. Hammerman Ltd.,NOT VERIFIED: A/HRC/63/20 (Sept 2026) could not be opened,"2025 name differs; mapped by name similarity, no footnote. "
Zorganika Ltd.,Israel,2020:(g),yes (#89),"no - removed (Section A, no longer involved)",,"2023 (OHCHR update 30 Jun 2023, Section A)","https://documents.un.org/api/symbol/access?s=A/HRC/43/71&l=en&t=pdf | https://www.un.org/unispal/wp-content/uploads/2023/06/OHCHRDATABASEOPT_300630.pdf (OHCHR update, 30 June 2023) | https://documents.un.org/api/symbol/access?s=A/HRC/60/19&l=en&t=pdf",read: all three primary documents opened and parsed,,,NOT VERIFIED: A/HRC/63/20 (Sept 2026) could not be opened,
Zriha Hlavin Industries Ltd.,Israel,2020:(g) | 2023:(g) | 2025:(g),yes (#90),yes (#79),A/HRC/60/19 (2025) yes (#158),,"https://documents.un.org/api/symbol/access?s=A/HRC/43/71&l=en&t=pdf | https://www.un.org/unispal/wp-content/uploads/2023/06/OHCHRDATABASEOPT_300630.pdf (OHCHR update, 30 June 2023) | https://documents.un.org/api/symbol/access?s=A/HRC/60/19&l=en&t=pdf",read: all three primary documents opened and parsed,Zriha Hlavin Industries Ltd.,Zriha Hlavin Industries Ltd.,NOT VERIFIED: A/HRC/63/20 (Sept 2026) could not be opened,
Alon Blue Square Israel Ltd.,Israel,"2020:(e),(g) | 2023:(e),(g) | 2025:(e),(g)",yes (#91),yes (#80),A/HRC/60/19 (2025) yes (#6),,"https://documents.un.org/api/symbol/access?s=A/HRC/43/71&l=en&t=pdf | https://www.un.org/unispal/wp-content/uploads/2023/06/OHCHRDATABASEOPT_300630.pdf (OHCHR update, 30 June 2023) | https://documents.un.org/api/symbol/access?s=A/HRC/60/19&l=en&t=pdf",read: all three primary documents opened and parsed,Alon Blue Square Israel Ltd.,Alon Blue Square Israel Ltd.,NOT VERIFIED: A/HRC/63/20 (Sept 2026) could not be opened,
Alstom S.A.,France,"2020:(e),(g) | 2023:(e),(g)",yes (#92),yes (#81),"A/HRC/60/19 (2025): Annex II, no longer involved",2025 (A/HRC/60/19 Annex II),"https://documents.un.org/api/symbol/access?s=A/HRC/43/71&l=en&t=pdf | https://www.un.org/unispal/wp-content/uploads/2023/06/OHCHRDATABASEOPT_300630.pdf (OHCHR update, 30 June 2023) | https://documents.un.org/api/symbol/access?s=A/HRC/60/19&l=en&t=pdf",read: all three primary documents opened and parsed,Alstom S.A.,,NOT VERIFIED: A/HRC/63/20 (Sept 2026) could not be opened,
Altice Europe N.V.,Netherlands,"2020:(e) | 2023:(e),(g) | 2025:(e),(g)",yes (#93),yes (#82),A/HRC/60/19 (2025) yes (#7),,"https://documents.un.org/api/symbol/access?s=A/HRC/43/71&l=en&t=pdf | https://www.un.org/unispal/wp-content/uploads/2023/06/OHCHRDATABASEOPT_300630.pdf (OHCHR update, 30 June 2023) | https://documents.un.org/api/symbol/access?s=A/HRC/60/19&l=en&t=pdf",read: all three primary documents opened and parsed,Altice International Ltd.,Altice International Ltd.,NOT VERIFIED: A/HRC/63/20 (Sept 2026) could not be opened,2023 name change per 2023 update footnote. 
Amnon Mesilot Ltd.,Israel,2020:(e),yes (#94),"no - removed (Section A, no longer involved)",,"2023 (OHCHR update 30 Jun 2023, Section A)","https://documents.un.org/api/symbol/access?s=A/HRC/43/71&l=en&t=pdf | https://www.un.org/unispal/wp-content/uploads/2023/06/OHCHRDATABASEOPT_300630.pdf (OHCHR update, 30 June 2023) | https://documents.un.org/api/symbol/access?s=A/HRC/60/19&l=en&t=pdf",read: all three primary documents opened and parsed,,,NOT VERIFIED: A/HRC/63/20 (Sept 2026) could not be opened,
Ashtrom Group Ltd.,Israel,2020:(g) | 2023:(g) | 2025:(g),yes (#95),yes (#83),A/HRC/60/19 (2025) yes (#13),,"https://documents.un.org/api/symbol/access?s=A/HRC/43/71&l=en&t=pdf | https://www.un.org/unispal/wp-content/uploads/2023/06/OHCHRDATABASEOPT_300630.pdf (OHCHR update, 30 June 2023) | https://documents.un.org/api/symbol/access?s=A/HRC/60/19&l=en&t=pdf",read: all three primary documents opened and parsed,Ashtrom Group Ltd.,Ashtrom Group Ltd.,NOT VERIFIED: A/HRC/63/20 (Sept 2026) could not be opened,
Booking Holdings Inc.,United States,2020:(e) | 2023:(e) | 2025:(e),yes (#96),yes (#84),A/HRC/60/19 (2025) yes (#27),,"https://documents.un.org/api/symbol/access?s=A/HRC/43/71&l=en&t=pdf | https://www.un.org/unispal/wp-content/uploads/2023/06/OHCHRDATABASEOPT_300630.pdf (OHCHR update, 30 June 2023) | https://documents.un.org/api/symbol/access?s=A/HRC/60/19&l=en&t=pdf",read: all three primary documents opened and parsed,Booking Holdings Inc.,Booking Holdings Inc.,NOT VERIFIED: A/HRC/63/20 (Sept 2026) could not be opened,
Brand Industries Ltd.,Israel,2020:(g),yes (#97),"no - removed (Section A, no longer involved)",,"2023 (OHCHR update 30 Jun 2023, Section A)","https://documents.un.org/api/symbol/access?s=A/HRC/43/71&l=en&t=pdf | https://www.un.org/unispal/wp-content/uploads/2023/06/OHCHRDATABASEOPT_300630.pdf (OHCHR update, 30 June 2023) | https://documents.un.org/api/symbol/access?s=A/HRC/60/19&l=en&t=pdf",read: all three primary documents opened and parsed,,,NOT VERIFIED: A/HRC/63/20 (Sept 2026) could not be opened,
Delta Galil Industries Ltd.,Israel,2020:(g) | 2023:(g) | 2025:(g),yes (#98),yes (#85),A/HRC/60/19 (2025) yes (#46),,"https://documents.un.org/api/symbol/access?s=A/HRC/43/71&l=en&t=pdf | https://www.un.org/unispal/wp-content/uploads/2023/06/OHCHRDATABASEOPT_300630.pdf (OHCHR update, 30 June 2023) | https://documents.un.org/api/symbol/access?s=A/HRC/60/19&l=en&t=pdf",read: all three primary documents opened and parsed,Delta Galil Industries Ltd.,Delta Galil Industries Ltd.,NOT VERIFIED: A/HRC/63/20 (Sept 2026) could not be opened,
eDreams ODIGEO S.A.,Luxembourg,2020:(e) | 2023:(e),yes (#99),yes (#86),"A/HRC/60/19 (2025): Annex II, no longer involved",2025 (A/HRC/60/19 Annex II),"https://documents.un.org/api/symbol/access?s=A/HRC/43/71&l=en&t=pdf | https://www.un.org/unispal/wp-content/uploads/2023/06/OHCHRDATABASEOPT_300630.pdf (OHCHR update, 30 June 2023) | https://documents.un.org/api/symbol/access?s=A/HRC/60/19&l=en&t=pdf",read: all three primary documents opened and parsed,eDreams ODIGEO S.A.,,NOT VERIFIED: A/HRC/63/20 (Sept 2026) could not be opened,
Egis S.A.,France,2020:(e) | 2023:(e) | 2025:(e),yes (#100),yes (#87),A/HRC/60/19 (2025) yes (#52),,"https://documents.un.org/api/symbol/access?s=A/HRC/43/71&l=en&t=pdf | https://www.un.org/unispal/wp-content/uploads/2023/06/OHCHRDATABASEOPT_300630.pdf (OHCHR update, 30 June 2023) | https://documents.un.org/api/symbol/access?s=A/HRC/60/19&l=en&t=pdf",read: all three primary documents opened and parsed,Egis Group,Egis,NOT VERIFIED: A/HRC/63/20 (Sept 2026) could not be opened,2023 name change per 2023 update footnote. 
Electra Ltd.,Israel,"2020:(e) | 2023:(e),(g) | 2025:(e),(g)",yes (#101),yes (#88),A/HRC/60/19 (2025) yes (#57),,"https://documents.un.org/api/symbol/access?s=A/HRC/43/71&l=en&t=pdf | https://www.un.org/unispal/wp-content/uploads/2023/06/OHCHRDATABASEOPT_300630.pdf (OHCHR update, 30 June 2023) | https://documents.un.org/api/symbol/access?s=A/HRC/60/19&l=en&t=pdf",read: all three primary documents opened and parsed,Electra Group Ltd.,Electra Group Ltd.,NOT VERIFIED: A/HRC/63/20 (Sept 2026) could not be opened,2023 name change per 2023 update footnote. 
Export Investment Company Ltd.,Israel,"2020:(e),(f) | 2023:(e),(f),(g) | 2025:(e),(f),(g)",yes (#102),yes (#89),A/HRC/60/19 (2025) yes (#61),,"https://documents.un.org/api/symbol/access?s=A/HRC/43/71&l=en&t=pdf | https://www.un.org/unispal/wp-content/uploads/2023/06/OHCHRDATABASEOPT_300630.pdf (OHCHR update, 30 June 2023) | https://documents.un.org/api/symbol/access?s=A/HRC/60/19&l=en&t=pdf",read: all three primary documents opened and parsed,Export Investment Company Ltd.,Export Investment Company Ltd.,NOT VERIFIED: A/HRC/63/20 (Sept 2026) could not be opened,
General Mills Inc.,United States,2020:(g),yes (#103),"no - removed (Section A, no longer involved)",,"2023 (OHCHR update 30 Jun 2023, Section A)","https://documents.un.org/api/symbol/access?s=A/HRC/43/71&l=en&t=pdf | https://www.un.org/unispal/wp-content/uploads/2023/06/OHCHRDATABASEOPT_300630.pdf (OHCHR update, 30 June 2023) | https://documents.un.org/api/symbol/access?s=A/HRC/60/19&l=en&t=pdf",read: all three primary documents opened and parsed,,,NOT VERIFIED: A/HRC/63/20 (Sept 2026) could not be opened,
Hadar Group,Israel,2020:(g) | 2023:(g),yes (#104),yes (#90),A/HRC/60/19 (2025): name not found in Annex I or Annex II,,"https://documents.un.org/api/symbol/access?s=A/HRC/43/71&l=en&t=pdf | https://www.un.org/unispal/wp-content/uploads/2023/06/OHCHRDATABASEOPT_300630.pdf (OHCHR update, 30 June 2023) | https://documents.un.org/api/symbol/access?s=A/HRC/60/19&l=en&t=pdf",read: all three primary documents opened and parsed,Hadar Group,,NOT VERIFIED: A/HRC/63/20 (Sept 2026) could not be opened,Not located in 2025 annexes by name; status unverified. 
Hamat Group Ltd.,Israel,2020:(g) | 2023:(g) | 2025:(g),yes (#105),yes (#91),A/HRC/60/19 (2025) yes (#75),,"https://documents.un.org/api/symbol/access?s=A/HRC/43/71&l=en&t=pdf | https://www.un.org/unispal/wp-content/uploads/2023/06/OHCHRDATABASEOPT_300630.pdf (OHCHR update, 30 June 2023) | https://documents.un.org/api/symbol/access?s=A/HRC/60/19&l=en&t=pdf",read: all three primary documents opened and parsed,Hamat Group Ltd.,Hamat Group Ltd.,NOT VERIFIED: A/HRC/63/20 (Sept 2026) could not be opened,
Indorama Ventures P.C.L.,Thailand,2020:(g),yes (#106),"no - removed (Section A, no longer involved)",,"2023 (OHCHR update 30 Jun 2023, Section A)","https://documents.un.org/api/symbol/access?s=A/HRC/43/71&l=en&t=pdf | https://www.un.org/unispal/wp-content/uploads/2023/06/OHCHRDATABASEOPT_300630.pdf (OHCHR update, 30 June 2023) | https://documents.un.org/api/symbol/access?s=A/HRC/60/19&l=en&t=pdf",read: all three primary documents opened and parsed,,,NOT VERIFIED: A/HRC/63/20 (Sept 2026) could not be opened,
Kardan N.V.,Netherlands,2020:(e) | 2023:(e),yes (#107),yes (#92),"A/HRC/60/19 (2025): Annex II, no longer involved",2025 (A/HRC/60/19 Annex II),"https://documents.un.org/api/symbol/access?s=A/HRC/43/71&l=en&t=pdf | https://www.un.org/unispal/wp-content/uploads/2023/06/OHCHRDATABASEOPT_300630.pdf (OHCHR update, 30 June 2023) | https://documents.un.org/api/symbol/access?s=A/HRC/60/19&l=en&t=pdf",read: all three primary documents opened and parsed,Kardan N.V.,,NOT VERIFIED: A/HRC/63/20 (Sept 2026) could not be opened,
Mayer’s Cars and Trucks Co. Ltd.,Israel,"2020:(e) | 2023:(e) | 2025:(e),(g)",yes (#108),yes (#93),A/HRC/60/19 (2025) yes (#97),,"https://documents.un.org/api/symbol/access?s=A/HRC/43/71&l=en&t=pdf | https://www.un.org/unispal/wp-content/uploads/2023/06/OHCHRDATABASEOPT_300630.pdf (OHCHR update, 30 June 2023) | https://documents.un.org/api/symbol/access?s=A/HRC/60/19&l=en&t=pdf",read: all three primary documents opened and parsed,Mayer’s Cars and Trucks Co. Ltd.,Mayer’s Cars and Trucks Co. Ltd.,NOT VERIFIED: A/HRC/63/20 (Sept 2026) could not be opened,
Motorola Solutions Inc.,United States,"2020:(b) | 2023:(e),(d) | 2025:(d),(e)",yes (#109),yes (#94),A/HRC/60/19 (2025) yes (#114),,"https://documents.un.org/api/symbol/access?s=A/HRC/43/71&l=en&t=pdf | https://www.un.org/unispal/wp-content/uploads/2023/06/OHCHRDATABASEOPT_300630.pdf (OHCHR update, 30 June 2023) | https://documents.un.org/api/symbol/access?s=A/HRC/60/19&l=en&t=pdf",read: all three primary documents opened and parsed,Motorola Solutions Inc.,"Motorola Solutions, Inc.",NOT VERIFIED: A/HRC/63/20 (Sept 2026) could not be opened,
Natoon Group,Israel,"2020:(e),(d) | 2023:(e),(d) | 2025:(d),(e)",yes (#110),yes (#95),A/HRC/60/19 (2025) yes (#116),,"https://documents.un.org/api/symbol/access?s=A/HRC/43/71&l=en&t=pdf | https://www.un.org/unispal/wp-content/uploads/2023/06/OHCHRDATABASEOPT_300630.pdf (OHCHR update, 30 June 2023) | https://documents.un.org/api/symbol/access?s=A/HRC/60/19&l=en&t=pdf",read: all three primary documents opened and parsed,Natoon Group,Natoon – Nof Yam Security Ltd.,NOT VERIFIED: A/HRC/63/20 (Sept 2026) could not be opened,"AMBIGUOUS: 2023 entries Nof Yam Security Ltd. (#56) and Natoon Group (#95) both mapped by name to 2025 #116 ""Natoon – Nof Yam Security Ltd.""; report gives no footnote. "
Villar International Ltd.,Israel,2020:(g) | 2023:(g) | 2025:(g),yes (#111),yes (#96),A/HRC/60/19 (2025) yes (#150),,"https://documents.un.org/api/symbol/access?s=A/HRC/43/71&l=en&t=pdf | https://www.un.org/unispal/wp-content/uploads/2023/06/OHCHRDATABASEOPT_300630.pdf (OHCHR update, 30 June 2023) | https://documents.un.org/api/symbol/access?s=A/HRC/60/19&l=en&t=pdf",read: all three primary documents opened and parsed,Villar International Ltd.,Villar International Ltd.,NOT VERIFIED: A/HRC/63/20 (Sept 2026) could not be opened,
Greenkote P.L.C.,United Kingdom,2020:(g) | 2023:(g) | 2025:(g),yes (#112),yes (#97),A/HRC/60/19 (2025) yes (#72),,"https://documents.un.org/api/symbol/access?s=A/HRC/43/71&l=en&t=pdf | https://www.un.org/unispal/wp-content/uploads/2023/06/OHCHRDATABASEOPT_300630.pdf (OHCHR update, 30 June 2023) | https://documents.un.org/api/symbol/access?s=A/HRC/60/19&l=en&t=pdf",read: all three primary documents opened and parsed,Greenkote P.L.C.,Greenkote P.L.C.,NOT VERIFIED: A/HRC/63/20 (Sept 2026) could not be opened,
A. Barkan and Partners Ltd.,Israel,"2025:(a),(g)",no,no,A/HRC/60/19 (2025) yes (#1) - first listed 2025,,https://documents.un.org/api/symbol/access?s=A/HRC/60/19&l=en&t=pdf,read: A/HRC/60/19 opened and parsed,,A. Barkan and Partners Ltd.,NOT VERIFIED: A/HRC/63/20 (Sept 2026) could not be opened,
Ackerstein Industries Ltd.,Israel,2025:(a),no,no,A/HRC/60/19 (2025) yes (#2) - first listed 2025,,https://documents.un.org/api/symbol/access?s=A/HRC/60/19&l=en&t=pdf,read: A/HRC/60/19 opened and parsed,,Ackerstein Industries Ltd.,NOT VERIFIED: A/HRC/63/20 (Sept 2026) could not be opened,
ACS Actividades de Construcción y Servicios S.A.,Spain,2025:(g),no,no,A/HRC/60/19 (2025) yes (#3) - first listed 2025,,https://documents.un.org/api/symbol/access?s=A/HRC/60/19&l=en&t=pdf,read: A/HRC/60/19 opened and parsed,,ACS Actividades de Construcción y Servicios S.A.,NOT VERIFIED: A/HRC/63/20 (Sept 2026) could not be opened,
Ahava – Dead Sea Laboratories Ltd.,Israel,2025:(g),no,no,A/HRC/60/19 (2025) yes (#4) - first listed 2025,,https://documents.un.org/api/symbol/access?s=A/HRC/60/19&l=en&t=pdf,read: A/HRC/60/19 opened and parsed,,Ahava – Dead Sea Laboratories Ltd.,NOT VERIFIED: A/HRC/63/20 (Sept 2026) could not be opened,
Amot Investments Ltd.,Israel,2025:(g),no,no,A/HRC/60/19 (2025) yes (#10) - first listed 2025,,https://documents.un.org/api/symbol/access?s=A/HRC/60/19&l=en&t=pdf,read: A/HRC/60/19 opened and parsed,,Amot Investments Ltd.,NOT VERIFIED: A/HRC/63/20 (Sept 2026) could not be opened,
Anglo Saxon Real Estate Agency (Israel 1992) Ltd.,Israel,"2025:(e),(g)",no,no,A/HRC/60/19 (2025) yes (#11) - first listed 2025,,https://documents.un.org/api/symbol/access?s=A/HRC/60/19&l=en&t=pdf,read: A/HRC/60/19 opened and parsed,,Anglo Saxon Real Estate Agency (Israel 1992) Ltd.,NOT VERIFIED: A/HRC/63/20 (Sept 2026) could not be opened,
Ashtrom Residential Development Ltd.,Israel,"2025:(e),(g)",no,no,A/HRC/60/19 (2025) yes (#15) - first listed 2025,,https://documents.un.org/api/symbol/access?s=A/HRC/60/19&l=en&t=pdf,read: A/HRC/60/19 opened and parsed,,Ashtrom Residential Development Ltd.,NOT VERIFIED: A/HRC/63/20 (Sept 2026) could not be opened,
B. Gaon Holdings Ltd.,Israel,2025:(a),no,no,A/HRC/60/19 (2025) yes (#16) - first listed 2025,,https://documents.un.org/api/symbol/access?s=A/HRC/60/19&l=en&t=pdf,read: A/HRC/60/19 opened and parsed,,B. Gaon Holdings Ltd.,NOT VERIFIED: A/HRC/63/20 (Sept 2026) could not be opened,
"Barad Earthworks, Development and Roadworks Ltd.",Israel,"2025:(a),(e)",no,no,A/HRC/60/19 (2025) yes (#20) - first listed 2025,,https://documents.un.org/api/symbol/access?s=A/HRC/60/19&l=en&t=pdf,read: A/HRC/60/19 opened and parsed,,"Barad Earthworks, Development and Roadworks Ltd.",NOT VERIFIED: A/HRC/63/20 (Sept 2026) could not be opened,
Bar-Amana Buildings Construction and Development Company Ltd.,Israel,"2025:(a),(e)",no,no,A/HRC/60/19 (2025) yes (#21) - first listed 2025,,https://documents.un.org/api/symbol/access?s=A/HRC/60/19&l=en&t=pdf,read: A/HRC/60/19 opened and parsed,,Bar-Amana Buildings Construction and Development Company Ltd.,NOT VERIFIED: A/HRC/63/20 (Sept 2026) could not be opened,
Baran Group Ltd.,Israel,2025:(e),no,no,A/HRC/60/19 (2025) yes (#22) - first listed 2025,,https://documents.un.org/api/symbol/access?s=A/HRC/60/19&l=en&t=pdf,read: A/HRC/60/19 opened and parsed,,Baran Group Ltd.,NOT VERIFIED: A/HRC/63/20 (Sept 2026) could not be opened,
Bardarian Brothers Ltd.,Israel,"2025:(a),(e),(g)",no,no,A/HRC/60/19 (2025) yes (#23) - first listed 2025,,https://documents.un.org/api/symbol/access?s=A/HRC/60/19&l=en&t=pdf,read: A/HRC/60/19 opened and parsed,,Bardarian Brothers Ltd.,NOT VERIFIED: A/HRC/63/20 (Sept 2026) could not be opened,
Boneich Construction Development & Investments Ltd.,Israel,"2025:(a),(g)",no,no,A/HRC/60/19 (2025) yes (#26) - first listed 2025,,https://documents.un.org/api/symbol/access?s=A/HRC/60/19&l=en&t=pdf,read: A/HRC/60/19 opened and parsed,,Boneich Construction Development & Investments Ltd.,NOT VERIFIED: A/HRC/63/20 (Sept 2026) could not be opened,
Brothers Hasid Construction Contracting Company Ltd.,Israel,"2025:(a),(e),(g)",no,no,A/HRC/60/19 (2025) yes (#29) - first listed 2025,,https://documents.un.org/api/symbol/access?s=A/HRC/60/19&l=en&t=pdf,read: A/HRC/60/19 opened and parsed,,Brothers Hasid Construction Contracting Company Ltd.,NOT VERIFIED: A/HRC/63/20 (Sept 2026) could not be opened,
Cim Lustigman Development and Construction Ltd.,Israel,2025:(g),no,no,A/HRC/60/19 (2025) yes (#35) - first listed 2025,,https://documents.un.org/api/symbol/access?s=A/HRC/60/19&l=en&t=pdf,read: A/HRC/60/19 opened and parsed,,Cim Lustigman Development and Construction Ltd.,NOT VERIFIED: A/HRC/63/20 (Sept 2026) could not be opened,
CityBook Services Ltd.,Israel,2025:(g),no,no,A/HRC/60/19 (2025) yes (#36) - first listed 2025,,https://documents.un.org/api/symbol/access?s=A/HRC/60/19&l=en&t=pdf,read: A/HRC/60/19 opened and parsed,,CityBook Services Ltd.,NOT VERIFIED: A/HRC/63/20 (Sept 2026) could not be opened,
Construcciones y Auxiliar de Ferrocarriles S.A. (CAF),Spain,"2025:(a),(e),(g)",no,no,A/HRC/60/19 (2025) yes (#38) - first listed 2025,,https://documents.un.org/api/symbol/access?s=A/HRC/60/19&l=en&t=pdf,read: A/HRC/60/19 opened and parsed,,Construcciones y Auxiliar de Ferrocarriles S.A. (CAF),NOT VERIFIED: A/HRC/63/20 (Sept 2026) could not be opened,
D.N. Kol-Gader Ltd.,Israel,2025:(g),no,no,A/HRC/60/19 (2025) yes (#39) - first listed 2025,,https://documents.un.org/api/symbol/access?s=A/HRC/60/19&l=en&t=pdf,read: A/HRC/60/19 opened and parsed,,D.N. Kol-Gader Ltd.,NOT VERIFIED: A/HRC/63/20 (Sept 2026) could not be opened,
Dalia Elispur Construction Contracting Company 1972 Ltd.,Israel,"2025:(a),(g)",no,no,A/HRC/60/19 (2025) yes (#40) - first listed 2025,,https://documents.un.org/api/symbol/access?s=A/HRC/60/19&l=en&t=pdf,read: A/HRC/60/19 opened and parsed,,Dalia Elispur Construction Contracting Company 1972 Ltd.,NOT VERIFIED: A/HRC/63/20 (Sept 2026) could not be opened,
Dan Public Transportation Company Ltd.,Israel,"2025:(a),(e),(g)",no,no,A/HRC/60/19 (2025) yes (#41) - first listed 2025,,https://documents.un.org/api/symbol/access?s=A/HRC/60/19&l=en&t=pdf,read: A/HRC/60/19 opened and parsed,,Dan Public Transportation Company Ltd.,NOT VERIFIED: A/HRC/63/20 (Sept 2026) could not be opened,
Danya Cebus Ltd.,Israel,"2025:(a),(e),(g)",no,no,A/HRC/60/19 (2025) yes (#42) - first listed 2025,,https://documents.un.org/api/symbol/access?s=A/HRC/60/19&l=en&t=pdf,read: A/HRC/60/19 opened and parsed,,Danya Cebus Ltd.,NOT VERIFIED: A/HRC/63/20 (Sept 2026) could not be opened,
E.T. Legal Services Ltd.,Israel,"2025:(c),(e)",no,no,A/HRC/60/19 (2025) yes (#50) - first listed 2025,,https://documents.un.org/api/symbol/access?s=A/HRC/60/19&l=en&t=pdf,read: A/HRC/60/19 opened and parsed,,E.T. Legal Services Ltd.,NOT VERIFIED: A/HRC/63/20 (Sept 2026) could not be opened,
Einav Hahetz 1965 Ltd.,Israel,2025:(g),no,no,A/HRC/60/19 (2025) yes (#54) - first listed 2025,,https://documents.un.org/api/symbol/access?s=A/HRC/60/19&l=en&t=pdf,read: A/HRC/60/19 opened and parsed,,Einav Hahetz 1965 Ltd.,NOT VERIFIED: A/HRC/63/20 (Sept 2026) could not be opened,
Elco Ltd.,Israel,"2025:(a),(e),(g)",no,no,A/HRC/60/19 (2025) yes (#55) - first listed 2025,,https://documents.un.org/api/symbol/access?s=A/HRC/60/19&l=en&t=pdf,read: A/HRC/60/19 opened and parsed,,Elco Ltd.,NOT VERIFIED: A/HRC/63/20 (Sept 2026) could not be opened,
Elyakim Ben-Ari Ltd.,Israel,2025:(g),no,no,A/HRC/60/19 (2025) yes (#58) - first listed 2025,,https://documents.un.org/api/symbol/access?s=A/HRC/60/19&l=en&t=pdf,read: A/HRC/60/19 opened and parsed,,Elyakim Ben-Ari Ltd.,NOT VERIFIED: A/HRC/63/20 (Sept 2026) could not be opened,
Euro-Israel (Y.S.) Ltd.,Israel,"2025:(a),(g)",no,no,A/HRC/60/19 (2025) yes (#59) - first listed 2025,,https://documents.un.org/api/symbol/access?s=A/HRC/60/19&l=en&t=pdf,read: A/HRC/60/19 opened and parsed,,Euro-Israel (Y.S.) Ltd.,NOT VERIFIED: A/HRC/63/20 (Sept 2026) could not be opened,
Fosun International Ltd.,China,2025:(g),no,no,A/HRC/60/19 (2025) yes (#67) - first listed 2025,,https://documents.un.org/api/symbol/access?s=A/HRC/60/19&l=en&t=pdf,read: A/HRC/60/19 opened and parsed,,Fosun International Ltd.,NOT VERIFIED: A/HRC/63/20 (Sept 2026) could not be opened,
Gadish Engineering Company Ltd. (Gadish Group),Israel,"2025:(a),(e),(g)",no,no,A/HRC/60/19 (2025) yes (#68) - first listed 2025,,https://documents.un.org/api/symbol/access?s=A/HRC/60/19&l=en&t=pdf,read: A/HRC/60/19 opened and parsed,,Gadish Engineering Company Ltd. (Gadish Group),NOT VERIFIED: A/HRC/63/20 (Sept 2026) could not be opened,
Galnor Construction and Development Ltd.,Israel,"2025:(a),(e)",no,no,A/HRC/60/19 (2025) yes (#69) - first listed 2025,,https://documents.un.org/api/symbol/access?s=A/HRC/60/19&l=en&t=pdf,read: A/HRC/60/19 opened and parsed,,Galnor Construction and Development Ltd.,NOT VERIFIED: A/HRC/63/20 (Sept 2026) could not be opened,
Geo-Da – Lands & Property Management & Information Ltd.,Israel,2025:(e),no,no,A/HRC/60/19 (2025) yes (#71) - first listed 2025,,https://documents.un.org/api/symbol/access?s=A/HRC/60/19&l=en&t=pdf,read: A/HRC/60/19 opened and parsed,,Geo-Da – Lands & Property Management & Information Ltd.,NOT VERIFIED: A/HRC/63/20 (Sept 2026) could not be opened,
"Greenmix, of Benny and Tzvika Group Ltd.",Israel,2025:(g),no,no,A/HRC/60/19 (2025) yes (#73) - first listed 2025,,https://documents.un.org/api/symbol/access?s=A/HRC/60/19&l=en&t=pdf,read: A/HRC/60/19 opened and parsed,,"Greenmix, of Benny and Tzvika Group Ltd.",NOT VERIFIED: A/HRC/63/20 (Sept 2026) could not be opened,
Haim Zaken Construction & Investments Ltd.,Israel,"2025:(a),(e),(g)",no,no,A/HRC/60/19 (2025) yes (#74) - first listed 2025,,https://documents.un.org/api/symbol/access?s=A/HRC/60/19&l=en&t=pdf,read: A/HRC/60/19 opened and parsed,,Haim Zaken Construction & Investments Ltd.,NOT VERIFIED: A/HRC/63/20 (Sept 2026) could not be opened,
Hanson Israel Ltd.,Israel,2025:(g),no,no,A/HRC/60/19 (2025) yes (#76) - first listed 2025,,https://documents.un.org/api/symbol/access?s=A/HRC/60/19&l=en&t=pdf,read: A/HRC/60/19 opened and parsed,,Hanson Israel Ltd.,NOT VERIFIED: A/HRC/63/20 (Sept 2026) could not be opened,
Heidelberg Materials AG,Germany,2025:(g),no,no,A/HRC/60/19 (2025) yes (#78) - first listed 2025,,https://documents.un.org/api/symbol/access?s=A/HRC/60/19&l=en&t=pdf,read: A/HRC/60/19 opened and parsed,,Heidelberg Materials AG,NOT VERIFIED: A/HRC/63/20 (Sept 2026) could not be opened,
"Ingeniería y Economía del Transporte S.M.E. M.P, S.A. (Ineco)",Spain,2025:(e),no,no,A/HRC/60/19 (2025) yes (#82) - first listed 2025,,https://documents.un.org/api/symbol/access?s=A/HRC/60/19&l=en&t=pdf,read: A/HRC/60/19 opened and parsed,,"Ingeniería y Economía del Transporte S.M.E. M.P, S.A. (Ineco)",NOT VERIFIED: A/HRC/63/20 (Sept 2026) could not be opened,
Kass – C Ltd.,Israel,"2025:(a),(e),(g)",no,no,A/HRC/60/19 (2025) yes (#87) - first listed 2025,,https://documents.un.org/api/symbol/access?s=A/HRC/60/19&l=en&t=pdf,read: A/HRC/60/19 opened and parsed,,Kass – C Ltd.,NOT VERIFIED: A/HRC/63/20 (Sept 2026) could not be opened,
Kfar Giladi Quarries Agricultural Cooperative Association Ltd.,Israel,2025:(g),no,no,A/HRC/60/19 (2025) yes (#89) - first listed 2025,,https://documents.un.org/api/symbol/access?s=A/HRC/60/19&l=en&t=pdf,read: A/HRC/60/19 opened and parsed,,Kfar Giladi Quarries Agricultural Cooperative Association Ltd.,NOT VERIFIED: A/HRC/63/20 (Sept 2026) could not be opened,
Kiriat Sefer (Diur Modyin) Ltd.,Israel,2025:(g),no,no,A/HRC/60/19 (2025) yes (#90) - first listed 2025,,https://documents.un.org/api/symbol/access?s=A/HRC/60/19&l=en&t=pdf,read: A/HRC/60/19 opened and parsed,,Kiriat Sefer (Diur Modyin) Ltd.,NOT VERIFIED: A/HRC/63/20 (Sept 2026) could not be opened,
Kotler Adika Building Company Ltd.,Israel,"2025:(a),(g)",no,no,A/HRC/60/19 (2025) yes (#91) - first listed 2025,,https://documents.un.org/api/symbol/access?s=A/HRC/60/19&l=en&t=pdf,read: A/HRC/60/19 opened and parsed,,Kotler Adika Building Company Ltd.,NOT VERIFIED: A/HRC/63/20 (Sept 2026) could not be opened,
Lapidoth Capital Ltd.,Israel,"2025:(a),(e),(g)",no,no,A/HRC/60/19 (2025) yes (#92) - first listed 2025,,https://documents.un.org/api/symbol/access?s=A/HRC/60/19&l=en&t=pdf,read: A/HRC/60/19 opened and parsed,,Lapidoth Capital Ltd.,NOT VERIFIED: A/HRC/63/20 (Sept 2026) could not be opened,
Magen – Construction Engineering Works Ltd.,Israel,"2025:(a),(e),(g)",no,no,A/HRC/60/19 (2025) yes (#93) - first listed 2025,,https://documents.un.org/api/symbol/access?s=A/HRC/60/19&l=en&t=pdf,read: A/HRC/60/19 opened and parsed,,Magen – Construction Engineering Works Ltd.,NOT VERIFIED: A/HRC/63/20 (Sept 2026) could not be opened,
Margolin Bros. Engineering & Consulting Ltd.,Israel,"2025:(a),(e),(g)",no,no,A/HRC/60/19 (2025) yes (#94) - first listed 2025,,https://documents.un.org/api/symbol/access?s=A/HRC/60/19&l=en&t=pdf,read: A/HRC/60/19 opened and parsed,,Margolin Bros. Engineering & Consulting Ltd.,NOT VERIFIED: A/HRC/63/20 (Sept 2026) could not be opened,
"Marom Tuval – Consulting, Management & Investments Ltd.",Israel,2025:(e),no,no,A/HRC/60/19 (2025) yes (#95) - first listed 2025,,https://documents.un.org/api/symbol/access?s=A/HRC/60/19&l=en&t=pdf,read: A/HRC/60/19 opened and parsed,,"Marom Tuval – Consulting, Management & Investments Ltd.",NOT VERIFIED: A/HRC/63/20 (Sept 2026) could not be opened,
Medan – Roads and Quarries (1964) Ltd.,Israel,"2025:(a),(g)",no,no,A/HRC/60/19 (2025) yes (#98) - first listed 2025,,https://documents.un.org/api/symbol/access?s=A/HRC/60/19&l=en&t=pdf,read: A/HRC/60/19 opened and parsed,,Medan – Roads and Quarries (1964) Ltd.,NOT VERIFIED: A/HRC/63/20 (Sept 2026) could not be opened,
Mega Or Holdings Ltd.,Israel,2025:(g),no,no,A/HRC/60/19 (2025) yes (#99) - first listed 2025,,https://documents.un.org/api/symbol/access?s=A/HRC/60/19&l=en&t=pdf,read: A/HRC/60/19 opened and parsed,,Mega Or Holdings Ltd.,NOT VERIFIED: A/HRC/63/20 (Sept 2026) could not be opened,
Mery Building Works Contracting Company Ltd.,Israel,2025:(g),no,no,A/HRC/60/19 (2025) yes (#103) - first listed 2025,,https://documents.un.org/api/symbol/access?s=A/HRC/60/19&l=en&t=pdf,read: A/HRC/60/19 opened and parsed,,Mery Building Works Contracting Company Ltd.,NOT VERIFIED: A/HRC/63/20 (Sept 2026) could not be opened,
Metrontario Investments Ltd.,Canada,2025:(g),no,no,A/HRC/60/19 (2025) yes (#104) - first listed 2025,,https://documents.un.org/api/symbol/access?s=A/HRC/60/19&l=en&t=pdf,read: A/HRC/60/19 opened and parsed,,Metrontario Investments Ltd.,NOT VERIFIED: A/HRC/63/20 (Sept 2026) could not be opened,
Minrav Group Ltd.,Israel,2025:(g),no,no,A/HRC/60/19 (2025) yes (#105) - first listed 2025,,https://documents.un.org/api/symbol/access?s=A/HRC/60/19&l=en&t=pdf,read: A/HRC/60/19 opened and parsed,,Minrav Group Ltd.,NOT VERIFIED: A/HRC/63/20 (Sept 2026) could not be opened,
Mishab Housing Construction & Development Company Ltd.,Israel,"2025:(a),(g)",no,no,A/HRC/60/19 (2025) yes (#106) - first listed 2025,,https://documents.un.org/api/symbol/access?s=A/HRC/60/19&l=en&t=pdf,read: A/HRC/60/19 opened and parsed,,Mishab Housing Construction & Development Company Ltd.,NOT VERIFIED: A/HRC/63/20 (Sept 2026) could not be opened,
Mishkan Eliyahu – Construction and Investment Company Ltd.,Israel,"2025:(a),(g)",no,no,A/HRC/60/19 (2025) yes (#107) - first listed 2025,,https://documents.un.org/api/symbol/access?s=A/HRC/60/19&l=en&t=pdf,read: A/HRC/60/19 opened and parsed,,Mishkan Eliyahu – Construction and Investment Company Ltd.,NOT VERIFIED: A/HRC/63/20 (Sept 2026) could not be opened,
Mizrachi & Sons Investments Group Ltd.,Israel,"2025:(a),(g)",no,no,A/HRC/60/19 (2025) yes (#109) - first listed 2025,,https://documents.un.org/api/symbol/access?s=A/HRC/60/19&l=en&t=pdf,read: A/HRC/60/19 opened and parsed,,Mizrachi & Sons Investments Group Ltd.,NOT VERIFIED: A/HRC/63/20 (Sept 2026) could not be opened,
N.O.H. Management and Consulting Ltd.,Israel,2025:(g),no,no,A/HRC/60/19 (2025) yes (#115) - first listed 2025,,https://documents.un.org/api/symbol/access?s=A/HRC/60/19&l=en&t=pdf,read: A/HRC/60/19 opened and parsed,,N.O.H. Management and Consulting Ltd.,NOT VERIFIED: A/HRC/63/20 (Sept 2026) could not be opened,
New Way Traffic Ltd.,Israel,"2025:(a),(e)",no,no,A/HRC/60/19 (2025) yes (#117) - first listed 2025,,https://documents.un.org/api/symbol/access?s=A/HRC/60/19&l=en&t=pdf,read: A/HRC/60/19 opened and parsed,,New Way Traffic Ltd.,NOT VERIFIED: A/HRC/63/20 (Sept 2026) could not be opened,
Olenik Transportation Earth Work and Road Constructions Ltd.,Israel,"2025:(a),(e)",no,no,A/HRC/60/19 (2025) yes (#119) - first listed 2025,,https://documents.un.org/api/symbol/access?s=A/HRC/60/19&l=en&t=pdf,read: A/HRC/60/19 opened and parsed,,Olenik Transportation Earth Work and Road Constructions Ltd.,NOT VERIFIED: A/HRC/63/20 (Sept 2026) could not be opened,
Oron Group Investments & Holdings Ltd.,Israel,"2025:(a),(e),(g)",no,no,A/HRC/60/19 (2025) yes (#120) - first listed 2025,,https://documents.un.org/api/symbol/access?s=A/HRC/60/19&l=en&t=pdf,read: A/HRC/60/19 opened and parsed,,Oron Group Investments & Holdings Ltd.,NOT VERIFIED: A/HRC/63/20 (Sept 2026) could not be opened,
Powergen Solar A Ltd.,Israel,"2025:(a),(e)",no,no,A/HRC/60/19 (2025) yes (#124) - first listed 2025,,https://documents.un.org/api/symbol/access?s=A/HRC/60/19&l=en&t=pdf,read: A/HRC/60/19 opened and parsed,,Powergen Solar A Ltd.,NOT VERIFIED: A/HRC/63/20 (Sept 2026) could not be opened,
"Re/Max Holdings, Inc.",United States of America,"2025:(e),(g)",no,no,A/HRC/60/19 (2025) yes (#128) - first listed 2025,,https://documents.un.org/api/symbol/access?s=A/HRC/60/19&l=en&t=pdf,read: A/HRC/60/19 opened and parsed,,"Re/Max Holdings, Inc.",NOT VERIFIED: A/HRC/63/20 (Sept 2026) could not be opened,
Rotshtein Real Estate Ltd.,Israel,2025:(g),no,no,A/HRC/60/19 (2025) yes (#129) - first listed 2025,,https://documents.un.org/api/symbol/access?s=A/HRC/60/19&l=en&t=pdf,read: A/HRC/60/19 opened and parsed,,Rotshtein Real Estate Ltd.,NOT VERIFIED: A/HRC/63/20 (Sept 2026) could not be opened,
S.A.G. (Velvel) Building & Development Ltd.,Israel,"2025:(a),(g)",no,no,A/HRC/60/19 (2025) yes (#130) - first listed 2025,,https://documents.un.org/api/symbol/access?s=A/HRC/60/19&l=en&t=pdf,read: A/HRC/60/19 opened and parsed,,S.A.G. (Velvel) Building & Development Ltd.,NOT VERIFIED: A/HRC/63/20 (Sept 2026) could not be opened,
Sarfati Shimon Ltd.,Israel,"2025:(a),(g)",no,no,A/HRC/60/19 (2025) yes (#132) - first listed 2025,,https://documents.un.org/api/symbol/access?s=A/HRC/60/19&l=en&t=pdf,read: A/HRC/60/19 opened and parsed,,Sarfati Shimon Ltd.,NOT VERIFIED: A/HRC/63/20 (Sept 2026) could not be opened,
"Shahar Co. – Civil Engineering, Construction and Infrastructure Company Ltd.",Israel,"2025:(a),(g)",no,no,A/HRC/60/19 (2025) yes (#133) - first listed 2025,,https://documents.un.org/api/symbol/access?s=A/HRC/60/19&l=en&t=pdf,read: A/HRC/60/19 opened and parsed,,"Shahar Co. – Civil Engineering, Construction and Infrastructure Company Ltd.",NOT VERIFIED: A/HRC/63/20 (Sept 2026) could not be opened,
Shikun & Binui Ltd.,Israel,2025:(e),no,no,A/HRC/60/19 (2025) yes (#136) - first listed 2025,,https://documents.un.org/api/symbol/access?s=A/HRC/60/19&l=en&t=pdf,read: A/HRC/60/19 opened and parsed,,Shikun & Binui Ltd.,NOT VERIFIED: A/HRC/63/20 (Sept 2026) could not be opened,
Shikun & Binui – Solel Boneh – Infrastructure Ltd.,Israel,"2025:(a),(e)",no,no,A/HRC/60/19 (2025) yes (#137) - first listed 2025,,https://documents.un.org/api/symbol/access?s=A/HRC/60/19&l=en&t=pdf,read: A/HRC/60/19 opened and parsed,,Shikun & Binui – Solel Boneh – Infrastructure Ltd.,NOT VERIFIED: A/HRC/63/20 (Sept 2026) could not be opened,
Shlomo Cohen Construction Company Ltd.,Israel,"2025:(a),(g)",no,no,A/HRC/60/19 (2025) yes (#138) - first listed 2025,,https://documents.un.org/api/symbol/access?s=A/HRC/60/19&l=en&t=pdf,read: A/HRC/60/19 opened and parsed,,Shlomo Cohen Construction Company Ltd.,NOT VERIFIED: A/HRC/63/20 (Sept 2026) could not be opened,
Shoham Engineering and Development Ltd.,Israel,"2025:(a),(e),(g)",no,no,A/HRC/60/19 (2025) yes (#139) - first listed 2025,,https://documents.un.org/api/symbol/access?s=A/HRC/60/19&l=en&t=pdf,read: A/HRC/60/19 opened and parsed,,Shoham Engineering and Development Ltd.,NOT VERIFIED: A/HRC/63/20 (Sept 2026) could not be opened,
Sociedad Espanola De Montajes Industriales S.A. (SEMI),Spain,2025:(g),no,no,A/HRC/60/19 (2025) yes (#141) - first listed 2025,,https://documents.un.org/api/symbol/access?s=A/HRC/60/19&l=en&t=pdf,read: A/HRC/60/19 opened and parsed,,Sociedad Espanola De Montajes Industriales S.A. (SEMI),NOT VERIFIED: A/HRC/63/20 (Sept 2026) could not be opened,
Steconfer S.A.,Portugal,"2025:(a),(e)",no,no,A/HRC/60/19 (2025) yes (#143) - first listed 2025,,https://documents.un.org/api/symbol/access?s=A/HRC/60/19&l=en&t=pdf,read: A/HRC/60/19 opened and parsed,,Steconfer S.A.,NOT VERIFIED: A/HRC/63/20 (Sept 2026) could not be opened,
Y.A.Z (Yaaz) – Construction and Development Company Ltd.,Israel,2025:(c),no,no,A/HRC/60/19 (2025) yes (#151) - first listed 2025,,https://documents.un.org/api/symbol/access?s=A/HRC/60/19&l=en&t=pdf,read: A/HRC/60/19 opened and parsed,,Y.A.Z (Yaaz) – Construction and Development Company Ltd.,NOT VERIFIED: A/HRC/63/20 (Sept 2026) could not be opened,
Y.D. Barazani Ltd.,Israel,"2025:(a),(g)",no,no,A/HRC/60/19 (2025) yes (#152) - first listed 2025,,https://documents.un.org/api/symbol/access?s=A/HRC/60/19&l=en&t=pdf,read: A/HRC/60/19 opened and parsed,,Y.D. Barazani Ltd.,NOT VERIFIED: A/HRC/63/20 (Sept 2026) could not be opened,
Yacobi Brothers Group (YSB) Ltd.,Israel,"2025:(e),(g)",no,no,A/HRC/60/19 (2025) yes (#153) - first listed 2025,,https://documents.un.org/api/symbol/access?s=A/HRC/60/19&l=en&t=pdf,read: A/HRC/60/19 opened and parsed,,Yacobi Brothers Group (YSB) Ltd.,NOT VERIFIED: A/HRC/63/20 (Sept 2026) could not be opened,
