company,fund,decision_date,action,stated_reason,source_url,read_status
Ashtrom Group Ltd.,Norway GPFG (Norges Bank / NBIM),2021-09-02,Exclusion,Serious violations of individuals' rights in situations of war or conflict,https://www.nbim.no/en/responsible-investment/ethical-exclusions/exclusion-of-companies/,read: NBIM list page (dates are the page's 'publishing date'; list last updated 11 Aug 2026)
Bank Hapoalim B.M.,Norway GPFG (Norges Bank / NBIM),2025-08-25,Exclusion,Serious violations of individuals' rights in situations of war or conflict,https://www.nbim.no/en/responsible-investment/ethical-exclusions/exclusion-of-companies/,read: NBIM list page (dates are the page's 'publishing date'; list last updated 11 Aug 2026)
Bank Leumi Le-Israel B.M.,Norway GPFG (Norges Bank / NBIM),2025-08-25,Exclusion,Serious violations of individuals' rights in situations of war or conflict,https://www.nbim.no/en/responsible-investment/ethical-exclusions/exclusion-of-companies/,read: NBIM list page (dates are the page's 'publishing date'; list last updated 11 Aug 2026)
"Bezeq, the Israel Telecommunication Corp Ltd.",Norway GPFG (Norges Bank / NBIM),2024-12-03,Exclusion,Serious violations of individuals' rights in situations of war or conflict,https://www.nbim.no/en/responsible-investment/ethical-exclusions/exclusion-of-companies/,read: NBIM list page (dates are the page's 'publishing date'; list last updated 11 Aug 2026)
Danya Cebus Ltd.,Norway GPFG (Norges Bank / NBIM),2010-08-23,Exclusion,Serious violations of individuals' rights in situations of war or conflict [predates UN database; company first listed by OHCHR in 2025],https://www.nbim.no/en/responsible-investment/ethical-exclusions/exclusion-of-companies/,read: NBIM list page (dates are the page's 'publishing date'; list last updated 11 Aug 2026)
Delek Group Ltd.,Norway GPFG (Norges Bank / NBIM),2023-12-18,Exclusion,Other particularly serious violations of fundamental ethical norms [criterion as listed; NBIM page does not tie it to settlements],https://www.nbim.no/en/responsible-investment/ethical-exclusions/exclusion-of-companies/,read: NBIM list page (dates are the page's 'publishing date'; list last updated 11 Aug 2026)
Elco Ltd.,Norway GPFG (Norges Bank / NBIM),2021-09-02,Exclusion,Serious violations of individuals' rights in situations of war or conflict [company first listed by OHCHR in 2025],https://www.nbim.no/en/responsible-investment/ethical-exclusions/exclusion-of-companies/,read: NBIM list page (dates are the page's 'publishing date'; list last updated 11 Aug 2026)
Electra Ltd. (NBIM: Electra Ltd/Israel),Norway GPFG (Norges Bank / NBIM),2021-09-02,Exclusion,Serious violations of individuals' rights in situations of war or conflict,https://www.nbim.no/en/responsible-investment/ethical-exclusions/exclusion-of-companies/,read: NBIM list page (dates are the page's 'publishing date'; list last updated 11 Aug 2026)
First International Bank of Israel Ltd.,Norway GPFG (Norges Bank / NBIM),2025-08-25,Exclusion,Serious violations of individuals' rights in situations of war or conflict,https://www.nbim.no/en/responsible-investment/ethical-exclusions/exclusion-of-companies/,read: NBIM list page (dates are the page's 'publishing date'; list last updated 11 Aug 2026)
FIBI Holdings Ltd (not itself on OHCHR list),Norway GPFG (Norges Bank / NBIM),2025-08-25,Exclusion,Serious violations of individuals' rights in situations of war or conflict,https://www.nbim.no/en/responsible-investment/ethical-exclusions/exclusion-of-companies/,read: NBIM list page (dates are the page's 'publishing date'; list last updated 11 Aug 2026)
Mizrahi Tefahot Bank Ltd.,Norway GPFG (Norges Bank / NBIM),2025-08-25,Exclusion,Serious violations of individuals' rights in situations of war or conflict,https://www.nbim.no/en/responsible-investment/ethical-exclusions/exclusion-of-companies/,read: NBIM list page (dates are the page's 'publishing date'; list last updated 11 Aug 2026)
Mivne Real Estate KD Ltd. (2020 list: Industrial Buildings Corporation Ltd.),Norway GPFG (Norges Bank / NBIM),2021-05-19,Exclusion,Serious violations of individuals' rights in situations of war or conflict,https://www.nbim.no/en/responsible-investment/ethical-exclusions/exclusion-of-companies/,read: NBIM list page (dates are the page's 'publishing date'; list last updated 11 Aug 2026)
Paz Retail and Energy Ltd. (2020 list: Paz Oil Company Ltd.),Norway GPFG (Norges Bank / NBIM),2025-05-11,Exclusion,Serious violations of individuals' rights in situations of war or conflict,https://www.nbim.no/en/responsible-investment/ethical-exclusions/exclusion-of-companies/,read: NBIM list page (dates are the page's 'publishing date'; list last updated 11 Aug 2026)
Shapir Engineering and Industry Ltd.,Norway GPFG (Norges Bank / NBIM),2021-05-19,Exclusion,Serious violations of individuals' rights in situations of war or conflict,https://www.nbim.no/en/responsible-investment/ethical-exclusions/exclusion-of-companies/,read: NBIM list page (dates are the page's 'publishing date'; list last updated 11 Aug 2026)
Shikun & Binui Ltd.,Norway GPFG (Norges Bank / NBIM),2012-06-15,Exclusion,Serious violations of individuals' rights in situations of war or conflict [predates UN database; company first listed by OHCHR in 2025],https://www.nbim.no/en/responsible-investment/ethical-exclusions/exclusion-of-companies/,read: NBIM list page (dates are the page's 'publishing date'; list last updated 11 Aug 2026)
Alstom S.A.,KLP (Norway),2021-06,Exclusion,"Unacceptable risk of contributing to human-rights abuse in war/conflict via links to West Bank settlements (KLP June 2021 decision, based on OHCHR list)",https://www.klp.no/en/corporate-responsibility-and-responsible-investments/exclusion-and-dialogue/Decision%20to%20exclude%20companies%20with%20links%20to%20Israeli%20settlements%20in%20the%20West%20Bank.pdf ; https://www.klp.no/en/corporate-responsibility-and-responsible-investments/exclusion-and-dialogue/_/attachment/inline/f1f3be45-fe2f-472e-8ddc-4984b135455b:ad08466daad8bf73b884cb66aeb8745036ca86d8/KLP%20List%20per%20Q3%202026-2.xlsx,read: KLP June 2021 decision PDF + KLP list Q3 2026
Ashtrom Group Ltd.,KLP (Norway),2021-06,Exclusion,"Unacceptable risk of contributing to human-rights abuse in war/conflict via links to West Bank settlements (KLP June 2021 decision, based on OHCHR list)",https://www.klp.no/en/corporate-responsibility-and-responsible-investments/exclusion-and-dialogue/Decision%20to%20exclude%20companies%20with%20links%20to%20Israeli%20settlements%20in%20the%20West%20Bank.pdf ; https://www.klp.no/en/corporate-responsibility-and-responsible-investments/exclusion-and-dialogue/_/attachment/inline/f1f3be45-fe2f-472e-8ddc-4984b135455b:ad08466daad8bf73b884cb66aeb8745036ca86d8/KLP%20List%20per%20Q3%202026-2.xlsx,read: KLP June 2021 decision PDF + KLP list Q3 2026
Electra Ltd.,KLP (Norway),2021-06,Exclusion,"Unacceptable risk of contributing to human-rights abuse in war/conflict via links to West Bank settlements (KLP June 2021 decision, based on OHCHR list)",https://www.klp.no/en/corporate-responsibility-and-responsible-investments/exclusion-and-dialogue/Decision%20to%20exclude%20companies%20with%20links%20to%20Israeli%20settlements%20in%20the%20West%20Bank.pdf ; https://www.klp.no/en/corporate-responsibility-and-responsible-investments/exclusion-and-dialogue/_/attachment/inline/f1f3be45-fe2f-472e-8ddc-4984b135455b:ad08466daad8bf73b884cb66aeb8745036ca86d8/KLP%20List%20per%20Q3%202026-2.xlsx,read: KLP June 2021 decision PDF + KLP list Q3 2026
Bank Hapoalim B.M.,KLP (Norway),2021-06,Exclusion,"Unacceptable risk of contributing to human-rights abuse in war/conflict via links to West Bank settlements (KLP June 2021 decision, based on OHCHR list)",https://www.klp.no/en/corporate-responsibility-and-responsible-investments/exclusion-and-dialogue/Decision%20to%20exclude%20companies%20with%20links%20to%20Israeli%20settlements%20in%20the%20West%20Bank.pdf ; https://www.klp.no/en/corporate-responsibility-and-responsible-investments/exclusion-and-dialogue/_/attachment/inline/f1f3be45-fe2f-472e-8ddc-4984b135455b:ad08466daad8bf73b884cb66aeb8745036ca86d8/KLP%20List%20per%20Q3%202026-2.xlsx,read: KLP June 2021 decision PDF + KLP list Q3 2026
Bank Leumi Le-Israel B.M.,KLP (Norway),2021-06,Exclusion,"Unacceptable risk of contributing to human-rights abuse in war/conflict via links to West Bank settlements (KLP June 2021 decision, based on OHCHR list)",https://www.klp.no/en/corporate-responsibility-and-responsible-investments/exclusion-and-dialogue/Decision%20to%20exclude%20companies%20with%20links%20to%20Israeli%20settlements%20in%20the%20West%20Bank.pdf ; https://www.klp.no/en/corporate-responsibility-and-responsible-investments/exclusion-and-dialogue/_/attachment/inline/f1f3be45-fe2f-472e-8ddc-4984b135455b:ad08466daad8bf73b884cb66aeb8745036ca86d8/KLP%20List%20per%20Q3%202026-2.xlsx,read: KLP June 2021 decision PDF + KLP list Q3 2026
First International Bank of Israel Ltd.,KLP (Norway),2021-06,Exclusion,"Unacceptable risk of contributing to human-rights abuse in war/conflict via links to West Bank settlements (KLP June 2021 decision, based on OHCHR list)",https://www.klp.no/en/corporate-responsibility-and-responsible-investments/exclusion-and-dialogue/Decision%20to%20exclude%20companies%20with%20links%20to%20Israeli%20settlements%20in%20the%20West%20Bank.pdf ; https://www.klp.no/en/corporate-responsibility-and-responsible-investments/exclusion-and-dialogue/_/attachment/inline/f1f3be45-fe2f-472e-8ddc-4984b135455b:ad08466daad8bf73b884cb66aeb8745036ca86d8/KLP%20List%20per%20Q3%202026-2.xlsx,read: KLP June 2021 decision PDF + KLP list Q3 2026
Israel Discount Bank Ltd.,KLP (Norway),2021-06,Exclusion,"Unacceptable risk of contributing to human-rights abuse in war/conflict via links to West Bank settlements (KLP June 2021 decision, based on OHCHR list)",https://www.klp.no/en/corporate-responsibility-and-responsible-investments/exclusion-and-dialogue/Decision%20to%20exclude%20companies%20with%20links%20to%20Israeli%20settlements%20in%20the%20West%20Bank.pdf ; https://www.klp.no/en/corporate-responsibility-and-responsible-investments/exclusion-and-dialogue/_/attachment/inline/f1f3be45-fe2f-472e-8ddc-4984b135455b:ad08466daad8bf73b884cb66aeb8745036ca86d8/KLP%20List%20per%20Q3%202026-2.xlsx,read: KLP June 2021 decision PDF + KLP list Q3 2026
Mizrahi Tefahot Bank Ltd.,KLP (Norway),2021-06,Exclusion,"Unacceptable risk of contributing to human-rights abuse in war/conflict via links to West Bank settlements (KLP June 2021 decision, based on OHCHR list)",https://www.klp.no/en/corporate-responsibility-and-responsible-investments/exclusion-and-dialogue/Decision%20to%20exclude%20companies%20with%20links%20to%20Israeli%20settlements%20in%20the%20West%20Bank.pdf ; https://www.klp.no/en/corporate-responsibility-and-responsible-investments/exclusion-and-dialogue/_/attachment/inline/f1f3be45-fe2f-472e-8ddc-4984b135455b:ad08466daad8bf73b884cb66aeb8745036ca86d8/KLP%20List%20per%20Q3%202026-2.xlsx,read: KLP June 2021 decision PDF + KLP list Q3 2026
Altice Europe N.V.,KLP (Norway),2021-06,Exclusion,"Unacceptable risk of contributing to human-rights abuse in war/conflict via links to West Bank settlements (KLP June 2021 decision, based on OHCHR list)",https://www.klp.no/en/corporate-responsibility-and-responsible-investments/exclusion-and-dialogue/Decision%20to%20exclude%20companies%20with%20links%20to%20Israeli%20settlements%20in%20the%20West%20Bank.pdf ; https://www.klp.no/en/corporate-responsibility-and-responsible-investments/exclusion-and-dialogue/_/attachment/inline/f1f3be45-fe2f-472e-8ddc-4984b135455b:ad08466daad8bf73b884cb66aeb8745036ca86d8/KLP%20List%20per%20Q3%202026-2.xlsx,read: KLP June 2021 decision PDF + KLP list Q3 2026
"Bezeq, the Israel Telecommunication Corp Ltd.",KLP (Norway),2021-06,Exclusion,"Unacceptable risk of contributing to human-rights abuse in war/conflict via links to West Bank settlements (KLP June 2021 decision, based on OHCHR list)",https://www.klp.no/en/corporate-responsibility-and-responsible-investments/exclusion-and-dialogue/Decision%20to%20exclude%20companies%20with%20links%20to%20Israeli%20settlements%20in%20the%20West%20Bank.pdf ; https://www.klp.no/en/corporate-responsibility-and-responsible-investments/exclusion-and-dialogue/_/attachment/inline/f1f3be45-fe2f-472e-8ddc-4984b135455b:ad08466daad8bf73b884cb66aeb8745036ca86d8/KLP%20List%20per%20Q3%202026-2.xlsx,read: KLP June 2021 decision PDF + KLP list Q3 2026
Cellcom Israel Ltd.,KLP (Norway),2021-06,Exclusion,"Unacceptable risk of contributing to human-rights abuse in war/conflict via links to West Bank settlements (KLP June 2021 decision, based on OHCHR list)",https://www.klp.no/en/corporate-responsibility-and-responsible-investments/exclusion-and-dialogue/Decision%20to%20exclude%20companies%20with%20links%20to%20Israeli%20settlements%20in%20the%20West%20Bank.pdf ; https://www.klp.no/en/corporate-responsibility-and-responsible-investments/exclusion-and-dialogue/_/attachment/inline/f1f3be45-fe2f-472e-8ddc-4984b135455b:ad08466daad8bf73b884cb66aeb8745036ca86d8/KLP%20List%20per%20Q3%202026-2.xlsx,read: KLP June 2021 decision PDF + KLP list Q3 2026
Partner Communications Company Ltd.,KLP (Norway),2021-06,Exclusion,"Unacceptable risk of contributing to human-rights abuse in war/conflict via links to West Bank settlements (KLP June 2021 decision, based on OHCHR list)",https://www.klp.no/en/corporate-responsibility-and-responsible-investments/exclusion-and-dialogue/Decision%20to%20exclude%20companies%20with%20links%20to%20Israeli%20settlements%20in%20the%20West%20Bank.pdf ; https://www.klp.no/en/corporate-responsibility-and-responsible-investments/exclusion-and-dialogue/_/attachment/inline/f1f3be45-fe2f-472e-8ddc-4984b135455b:ad08466daad8bf73b884cb66aeb8745036ca86d8/KLP%20List%20per%20Q3%202026-2.xlsx,read: KLP June 2021 decision PDF + KLP list Q3 2026
Delek Group Ltd.,KLP (Norway),2021-06,Exclusion,"Unacceptable risk of contributing to human-rights abuse in war/conflict via links to West Bank settlements (KLP June 2021 decision, based on OHCHR list)",https://www.klp.no/en/corporate-responsibility-and-responsible-investments/exclusion-and-dialogue/Decision%20to%20exclude%20companies%20with%20links%20to%20Israeli%20settlements%20in%20the%20West%20Bank.pdf ; https://www.klp.no/en/corporate-responsibility-and-responsible-investments/exclusion-and-dialogue/_/attachment/inline/f1f3be45-fe2f-472e-8ddc-4984b135455b:ad08466daad8bf73b884cb66aeb8745036ca86d8/KLP%20List%20per%20Q3%202026-2.xlsx,read: KLP June 2021 decision PDF + KLP list Q3 2026
Energix Renewable Energies Ltd.,KLP (Norway),2021-06,Exclusion,"Unacceptable risk of contributing to human-rights abuse in war/conflict via links to West Bank settlements (KLP June 2021 decision, based on OHCHR list)",https://www.klp.no/en/corporate-responsibility-and-responsible-investments/exclusion-and-dialogue/Decision%20to%20exclude%20companies%20with%20links%20to%20Israeli%20settlements%20in%20the%20West%20Bank.pdf ; https://www.klp.no/en/corporate-responsibility-and-responsible-investments/exclusion-and-dialogue/_/attachment/inline/f1f3be45-fe2f-472e-8ddc-4984b135455b:ad08466daad8bf73b884cb66aeb8745036ca86d8/KLP%20List%20per%20Q3%202026-2.xlsx,read: KLP June 2021 decision PDF + KLP list Q3 2026
Paz Oil Company Ltd.,KLP (Norway),2021-06,Exclusion,"Unacceptable risk of contributing to human-rights abuse in war/conflict via links to West Bank settlements (KLP June 2021 decision, based on OHCHR list)",https://www.klp.no/en/corporate-responsibility-and-responsible-investments/exclusion-and-dialogue/Decision%20to%20exclude%20companies%20with%20links%20to%20Israeli%20settlements%20in%20the%20West%20Bank.pdf ; https://www.klp.no/en/corporate-responsibility-and-responsible-investments/exclusion-and-dialogue/_/attachment/inline/f1f3be45-fe2f-472e-8ddc-4984b135455b:ad08466daad8bf73b884cb66aeb8745036ca86d8/KLP%20List%20per%20Q3%202026-2.xlsx,read: KLP June 2021 decision PDF + KLP list Q3 2026
Motorola Solutions Inc.,KLP (Norway),2021-06,Exclusion,"Unacceptable risk of contributing to human-rights abuse in war/conflict via links to West Bank settlements (KLP June 2021 decision, based on OHCHR list)",https://www.klp.no/en/corporate-responsibility-and-responsible-investments/exclusion-and-dialogue/Decision%20to%20exclude%20companies%20with%20links%20to%20Israeli%20settlements%20in%20the%20West%20Bank.pdf ; https://www.klp.no/en/corporate-responsibility-and-responsible-investments/exclusion-and-dialogue/_/attachment/inline/f1f3be45-fe2f-472e-8ddc-4984b135455b:ad08466daad8bf73b884cb66aeb8745036ca86d8/KLP%20List%20per%20Q3%202026-2.xlsx,read: KLP June 2021 decision PDF + KLP list Q3 2026
Alstom S.A.,KLP (Norway),2025-12,Re-inclusion (exclusion revoked),Alstom removed from OHCHR database in Sept 2025 update (A/HRC/60/19 Annex II),https://www.klp.no/en/corporate-responsibility-and-responsible-investments/exclusion-and-dialogue/_/attachment/inline/57733e30-5f79-4a30-8961-ed7118bd6344:bdcc78647ab77d17c1e8a504e3ca565556c7bb7f/Decision%20to%20include%20Alstom%20-%20December%202025.pdf,read: KLP decision PDF
Energix Renewable Energies Ltd.,KLP (Norway),2021 (post-June),Exclusion maintained,Energix said it left West Bank; KLP kept exclusion citing planned Golan wind project,https://www.klp.no/en/corporate-responsibility-and-responsible-investments/exclusion-and-dialogue/Decision%20to%20exclude%20companies%20with%20links%20to%20Israeli%20settlements%20in%20the%20West%20Bank.pdf,read: KLP June 2021 decision PDF
Mivne Real Estate KD Ltd.,KLP (Norway),2021-06,Exclusion,War/conflict rights risk; mainly based on Council on Ethics recommendation (GPFG excl. 19 May 2021): letting buildings in settlements,https://www.klp.no/en/corporate-responsibility-and-responsible-investments/exclusion-and-dialogue/Decision%20to%20exclude%20Mivne%20Real%20Estate%20Ltd.pdf,read: KLP decision PDF
Shapir Engineering and Industry Ltd.,KLP (Norway),2021-06,Exclusion,War/conflict rights risk; based on Council on Ethics recommendation: construction of West Bank settlements,https://www.klp.no/en/corporate-responsibility-and-responsible-investments/exclusion-and-dialogue/Decision%20to%20exclude%20Shapir%20Engineering%20and%20Industry%20Ltd.pdf,read: KLP decision PDF
Elco Ltd.,KLP (Norway),2021-09,Exclusion,War/conflict rights risk through subsidiary Electra Ltd (settlement construction); based on Council on Ethics recommendation of 2 Sept 2021,https://www.klp.no/en/corporate-responsibility-and-responsible-investments/exclusion-and-dialogue/Decision%20to%20exclude%20Elco%20Ltd.pdf,read: KLP decision PDF
Danya Cebus Ltd.,KLP (Norway),2010-Q4,Exclusion,Risk of human rights violation in war and conflict (KLP list category); rationale link is a 2010 Norwegian MoF press release,https://www.klp.no/en/corporate-responsibility-and-responsible-investments/exclusion-and-dialogue/_/attachment/inline/f1f3be45-fe2f-472e-8ddc-4984b135455b:ad08466daad8bf73b884cb66aeb8745036ca86d8/KLP%20List%20per%20Q3%202026-2.xlsx,partial: KLP list only; linked rationale not opened
Shikun & Binui Ltd.,KLP (Norway),2012-Q4,Exclusion,Risk of human rights violation in war and conflict (KLP list category); rationale link is a 2012 Norwegian MoF notice,https://www.klp.no/en/corporate-responsibility-and-responsible-investments/exclusion-and-dialogue/_/attachment/inline/f1f3be45-fe2f-472e-8ddc-4984b135455b:ad08466daad8bf73b884cb66aeb8745036ca86d8/KLP%20List%20per%20Q3%202026-2.xlsx,partial: KLP list only; linked rationale not opened
Matrix IT Ltd.,KLP (Norway),2025-10 (list says Q3 2025),Exclusion,War/conflict rights risk tied to Gaza war (IT services to Israeli MoD/IDF); decision says it is NOT based on settlement listing,"https://www.klp.no/en/corporate-responsibility-and-responsible-investments/exclusion-and-dialogue/Decision%20to%20exclude%20Formula%20Systems,%20Matrix%20IT%20and%20Magic%20Software.pdf",read: KLP decision PDF
Construcciones y Auxiliar de Ferrocarriles S.A. (CAF),KLP (Norway),2025-12,Exclusion,Unacceptable risk of contributing to rights abuse in war/conflict via links to Israeli settlements in oPt incl. East Jerusalem,https://www.klp.no/en/corporate-responsibility-and-responsible-investments/exclusion-and-dialogue/decision-to-exclude-caf-december-2025.pdf,read: KLP decision PDF
Lapidoth Capital Ltd.,KLP (Norway),2026-Q3,Exclusion,Risk of human rights violation in war and conflict (KLP list category only),https://www.klp.no/en/corporate-responsibility-and-responsible-investments/exclusion-and-dialogue/_/attachment/inline/f1f3be45-fe2f-472e-8ddc-4984b135455b:ad08466daad8bf73b884cb66aeb8745036ca86d8/KLP%20List%20per%20Q3%202026-2.xlsx,"partial: KLP list only; its rationale link points to a 2010 press release, so the stated reason is NOT verified"
Heidelberg Materials AG,KLP (Norway),2015-Q2,Exclusion,Subsidiary Hanson Israel operated Nahal Raba quarry in occupied West Bank (per KLP 2026 re-inclusion decision),https://www.klp.no/en/corporate-responsibility-and-responsible-investments/exclusion-and-dialogue/_/attachment/inline/f1f3be45-fe2f-472e-8ddc-4984b135455b:ad08466daad8bf73b884cb66aeb8745036ca86d8/KLP%20List%20per%20Q3%202026-2.xlsx,read: KLP list + 2026 decision PDF
Heidelberg Materials AG,KLP (Norway),2026-09,Re-inclusion (exclusion revoked),Company states all Nahal Raba quarry operations ceased in 2023; KLP revoked exclusion,https://www.klp.no/en/corporate-responsibility-and-responsible-investments/exclusion-and-dialogue/_/attachment/inline/6858ef4a-fa66-432c-96c9-effc9e00a6b2:f89da361ef9f3aff366983c68f875cf59e5f57e2/Decision%20to%20re-include%20Heidelberg%20Materials%20AG%20-%20September%202026.pdf,read: KLP decision PDF
(none of the OHCHR-listed companies),ABP (Netherlands),list dated 2026-06-01,No match,ABP list (1 June 2026) contains product-based exclusions + state bonds only; no OHCHR-listed company appears; list gives no per-company dates,https://www.abp.nl/content/dam/abp/documenten/beleggen/abp-uitsluitingslijst-nederlands.pdf,read: ABP Dutch-language list (English PDF URL returned 404)
(not determined),PFZW (Netherlands),,Not verified,No published PFZW exclusion list located on pfzw.nl (pages/sitemap searched),https://www.pfzw.nl/,could not locate document
(unnamed) certain OHCHR-listed companies,Ireland Strategic Investment Fund (ISIF/NTMA),,"Exclusion (discretionary), names and dates not published",ISIF Investment Strategy 2026 lists as a discretionary exclusion category certain companies on the UN oPt database,https://assets.isif.ie/publications/ISIF-InvestmentStrategy_Published2026-1.pdf ; https://www.isif.ie/responsible-investment-isif,read: ISIF strategy + RI page; published ISIF lists cover only fossil fuel and cluster munitions/APM
