vote_id,congress,chamber,voteview_rollnumber,official_rollnumber,session,date,bill,title,vote_question,result,yea,nay,selection_basis,exclusion_reason
116-H-649,116,House,649,650,1,2019-12-05,HRES741,Providing for consideration of the bill (H.R. 4) Voting Rights Advancement Act and providing for consideration of the resolution (H.Res. 326) Expressing the sense of the House of Representatives regarding United States efforts to resolve the Israeli-Palestinian conflict through a negotiated two-stat,On Ordering the Previous Question,Passed,228,196,rule+official_title,special rule (H.Res. providing for consideration)
116-H-650,116,House,650,651,1,2019-12-05,HRES741,Providing for consideration of the bill (H.R. 4) Voting Rights Advancement Act and providing for consideration of the resolution (H.Res. 326) Expressing the sense of the House of Representatives regarding United States efforts to resolve the Israeli-Palestinian conflict through a negotiated two-stat,On Agreeing to the Resolution,Passed,226,196,rule+official_title,special rule (H.Res. providing for consideration)
116-S-1,116,Senate,1,1,1,2019-01-08,S1,"A bill to make improvements to certain defense and security assistance provisions and to authorize the appropriation of funds to Israel, to reauthorize the United States-Jordan Defense Cooperation Act of 2015, and to halt the wholesale slaughter of the Syrian people, and for other purposes.",On Cloture on the Motion to Proceed,Cloture on the Motion to Proceed Rejected,56,44,rule+official_title,procedural/non-passage question: On Cloture on the Motion to Proceed
116-S-2,116,Senate,2,2,1,2019-01-10,S1,"A bill to make improvements to certain defense and security assistance provisions and to authorize the appropriation of funds to Israel, to reauthorize the United States-Jordan Defense Cooperation Act of 2015, and to halt the wholesale slaughter of the Syrian people, and for other purposes.",On Cloture on the Motion to Proceed,Cloture on the Motion to Proceed Rejected,53,43,rule+official_title,procedural/non-passage question: On Cloture on the Motion to Proceed
116-S-3,116,Senate,3,3,1,2019-01-14,S1,"A bill to make improvements to certain defense and security assistance provisions and to authorize the appropriation of funds to Israel, to reauthorize the United States-Jordan Defense Cooperation Act of 2015, and to halt the wholesale slaughter of the Syrian people, and for other purposes.",On Cloture on the Motion to Proceed,Cloture on the Motion to Proceed Rejected,50,43,rule+official_title,procedural/non-passage question: On Cloture on the Motion to Proceed
116-S-11,116,Senate,11,11,1,2019-01-28,S1,"A bill to make improvements to certain defense and security assistance provisions and to authorize the appropriation of funds to Israel, to reauthorize the United States-Jordan Defense Cooperation Act of 2015, and to halt the wholesale slaughter of the Syrian people, and for other purposes.",On Cloture on the Motion to Proceed,Cloture on the Motion to Proceed Agreed to,74,19,rule+official_title,procedural/non-passage question: On Cloture on the Motion to Proceed
116-S-12,116,Senate,12,12,1,2019-01-29,S1,"A bill to make improvements to certain defense and security assistance provisions and to authorize the appropriation of funds to Israel, to reauthorize the United States-Jordan Defense Cooperation Act of 2015, and to halt the wholesale slaughter of the Syrian people, and for other purposes.",On the Motion to Proceed,Motion to Proceed Agreed to,76,22,rule+official_title,procedural/non-passage question: On the Motion to Proceed
116-S-13,116,Senate,13,13,1,2019-01-31,S1,"A bill to make improvements to certain defense and security assistance provisions and to authorize the appropriation of funds to Israel, to reauthorize the United States-Jordan Defense Cooperation Act of 2015, and to halt the wholesale slaughter of the Syrian people, and for other purposes. [official title, GovInfo BILLSTATUS; Voteview text: To express the sense of the Senate that the United State",On the Cloture Motion,Cloture Motion Agreed to,68,23,official_title,procedural/non-passage question: On the Cloture Motion
116-S-14,116,Senate,14,14,1,2019-02-04,S1,"A bill to make improvements to certain defense and security assistance provisions and to authorize the appropriation of funds to Israel, to reauthorize the United States-Jordan Defense Cooperation Act of 2015, and to halt the wholesale slaughter of the Syrian people, and for other purposes. [official title, GovInfo BILLSTATUS; Voteview text: To express the sense of the Senate that the United State",On the Amendment,Amendment Agreed to,70,26,official_title,procedural/non-passage question: On the Amendment
116-S-15,116,Senate,15,15,1,2019-02-04,S1,"A bill to make improvements to certain defense and security assistance provisions and to authorize the appropriation of funds to Israel, to reauthorize the United States-Jordan Defense Cooperation Act of 2015, and to halt the wholesale slaughter of the Syrian people, and for other purposes.",On the Cloture Motion,Cloture Motion Agreed to,72,24,rule+official_title,procedural/non-passage question: On the Cloture Motion
116-S-179,116,Senate,179,179,1,2019-06-20,SJRES48,"A joint resolution providing for congressional disapproval of the proposed transfer to the United Arab Emirates, United Kingdom and Australia certain defense articles and services; and A joint resolution providing for congressional disapproval of the proposed foreign military sale to the United Arab",On the Joint Resolution,Joint Resolution Passed,51,45,rule_voteview_text_only,"judgement exclusion: S.J.Res.48 concerns arms transfers to UAE/UK/Australia; the keyword ""Israel"" occurs only because Voteview concatenates the titles of ~20 other disapproval resolutions into this record; no official title of S.J.Res.48 (GovInfo BILLSTATUS) contains a keyword"
117-S-30,117,Senate,30,30,1,2021-02-04,SCONRES5,"To establish a deficit-neutral reserve fund relating to maintaining the United States Embassy in Jerusalem, Israel.",On the Amendment,Amendment Agreed to,97,3,rule,procedural/non-passage question: On the Amendment
117-S-334,117,Senate,334,334,1,2021-08-10,SCONRES14,"To establish a deficit-neutral reserve fund relating to preventing terrorist actions against the United States and its allies, and to ensure that United States tax dollars do not benefit terrorist organizations such as Hamas or the Palestinian Islamic Jihad.",On the Amendment,Amendment Agreed to,99,0,rule,procedural/non-passage question: On the Amendment
118-H-560,118,House,560,565,1,2023-11-02,HRES838,"Providing for consideration of the bills (H.R. 4821) Dept. of Interior, Environment, and Related Agencies Appropriations Act, 2024; (H.R. 4820) Dept. of Transportation, Housing and Urban Development, and Related Agencies Appropriations Act, 2024; and (H.R. 6126) Israel Security Supplemental Appropri",On Ordering the Previous Question,Passed,213,200,rule+official_title,special rule (H.Res. providing for consideration)
118-H-561,118,House,561,566,1,2023-11-02,HRES838,"Providing for consideration of the bills (H.R. 4821) Dept. of Interior, Environment, and Related Agencies Appropriations Act, 2024; (H.R. 4820) Dept. of Transportation, Housing and Urban Development, and Related Agencies Appropriations Act, 2024; and (H.R. 6126) Israel Security Supplemental Appropri",On Agreeing to the Resolution,Passed,213,203,rule+official_title,special rule (H.Res. providing for consideration)
118-H-603,118,House,603,608,1,2023-11-07,HRES845,"Censuring Representative Rashida Tlaib for promoting false narratives regarding the October 7, 2023, Hamas attack on Israel and for calling for the destruction of the State of Israel",On Motion to Table,Failed,208,213,rule+official_title,procedural/non-passage question: On Motion to Table
118-H-740,118,House,740,22,2,2024-01-30,HRES980,Providing for consideration of the bills (H.R. 5585) Agent Raul Gonzalez Officer Safety Act; (H.R. 6678) Consequences for Social Security Fraud Act; (H.R. 6679) No Immigration Benefits for Hamas Terrorists Act; and (H.R. 6976) Protect Our Communities from DUIs Act,On Ordering the Previous Question,Passed,216,210,rule+official_title,special rule (H.Res. providing for consideration)
118-H-741,118,House,741,23,2,2024-01-30,HRES980,Providing for consideration of the bills (H.R. 5585) Agent Raul Gonzalez Officer Safety Act; (H.R. 6678) Consequences for Social Security Fraud Act; (H.R. 6679) No Immigration Benefits for Hamas Terrorists Act; and (H.R. 6976) Protect Our Communities from DUIs Act,On Agreeing to the Resolution,Passed,216,210,rule+official_title,special rule (H.Res. providing for consideration)
118-H-825,118,House,825,107,2,2024-04-10,HRES1125,"Providing for consideration of the bill (H.R. 7888) to reform the Foreign Intelligence Surveillance Act of 1978; providing for consideration of the bill (H.R. 529) to extend the customs waters of the United States from 12 nautical miles to 24 nautical miles from the baselines of the United States, consistent with Presidential Proclamation 7219; providing for consideration of the resolution (H. Res",On Ordering the Previous Question,Passed,210,209,official_title,special rule (H.Res. providing for consideration)
118-H-826,118,House,826,108,2,2024-04-10,HRES1125,"Providing for consideration of the bill (H.R. 7888) to reform the Foreign Intelligence Surveillance Act of 1978; providing for consideration of the bill (H.R. 529) to extend the customs waters of the United States from 12 nautical miles to 24 nautical miles from the baselines of the United States, consistent with Presidential Proclamation 7219; providing for consideration of the resolution (H. Res",On Agreeing to the Resolution,Failed,193,228,official_title,special rule (H.Res. providing for consideration)
118-H-830,118,House,830,112,2,2024-04-12,HRES1137,"Providing for consideration of the bill (H.R. 7888) to reform the Foreign Intelligence Surveillance Act of 1978; providing for consideration of the bill (H.R. 529) to extend the customs waters of the United States from 12 nautical miles to 24 nautical miles from the baselines of the United States, consistent with Presidential Proclamation 7219; providing for consideration of the resolution (H. Res",On Ordering the Previous Question,Passed,208,202,official_title,special rule (H.Res. providing for consideration)
118-H-831,118,House,831,113,2,2024-04-12,HRES1137,"Providing for consideration of the bill (H.R. 7888) to reform the Foreign Intelligence Surveillance Act of 1978; providing for consideration of the bill (H.R. 529) to extend the customs waters of the United States from 12 nautical miles to 24 nautical miles from the baselines of the United States, consistent with Presidential Proclamation 7219; providing for consideration of the resolution (H. Res",On Agreeing to the Resolution,Passed,213,208,official_title,special rule (H.Res. providing for consideration)
118-H-842,118,House,842,124,2,2024-04-16,HRES1149,"Providing for consideration of the bill (H.R. 6323) to modify the availability of certain waiver authorities with respect to sanctions imposed with respect to the financial sector of Iran, and for other purposes; providing for consideration of the resolution (H. Res. 1143) condemning Iran's unprecedented drone and missile attack on Israel; providing for consideration of the bill (H.R. 4691) to pro",On Ordering the Previous Question,Passed,212,208,official_title,special rule (H.Res. providing for consideration)
118-H-843,118,House,843,125,2,2024-04-16,HRES1149,"Providing for consideration of the bill (H.R. 6323) to modify the availability of certain waiver authorities with respect to sanctions imposed with respect to the financial sector of Iran, and for other purposes; providing for consideration of the resolution (H. Res. 1143) condemning Iran's unprecedented drone and missile attack on Israel; providing for consideration of the bill (H.R. 4691) to pro",On Agreeing to the Resolution,Passed,214,208,official_title,special rule (H.Res. providing for consideration)
118-H-860,118,House,860,142,2,2024-04-19,HRES1160,Providing for consideration of the bills (H.R. 8034) Israel Security Supplemental Appropriations Act; (H.R. 8035) Ukraine Security Supplemental Appropriations Act; (H.R. 8036) Indo-Pacific Security Supplemental Appropriations Act; and (H.R. 8038) 21st Century Peace through Strength Act;,On Agreeing to the Resolution,Passed,316,94,rule+official_title,special rule (H.Res. providing for consideration)
118-H-880,118,House,880,162,2,2024-04-30,HRES1173,"Providing for consideration of the bill (H.R. 615) to prohibit the Secretary of the Interior and the Secretary of Agriculture from prohibiting the use of lead ammunition or tackle on certain Federal land or water under the jurisdiction of the Secretary of the Interior and the Secretary of Agriculture, and for other purposes; providing for consideration of the bill (H.R. 2925) to amend the Omnibus ",On Ordering the Previous Question,Passed,209,205,official_title,special rule (H.Res. providing for consideration)
118-H-881,118,House,881,163,2,2024-04-30,HRES1173,"Providing for consideration of the bill (H.R. 615) to prohibit the Secretary of the Interior and the Secretary of Agriculture from prohibiting the use of lead ammunition or tackle on certain Federal land or water under the jurisdiction of the Secretary of the Interior and the Secretary of Agriculture, and for other purposes; providing for consideration of the bill (H.R. 2925) to amend the Omnibus ",On Agreeing to the Resolution,Passed,209,205,official_title,special rule (H.Res. providing for consideration)
118-H-916,118,House,916,198,2,2024-05-15,HRES1227,"Providing for consideration of the bill (H.R. 8369) to provide for the expeditious delivery of defense articles and defense services for Israel and other matters; providing for consideration of the bill (H.R. 7530) to limit youth offender status in the District of Columbia to individuals 18 years of age or younger, to direct the Attorney General of the District of Columbia to establish and operate",On Ordering the Previous Question,Passed,212,201,official_title,special rule (H.Res. providing for consideration)
118-H-917,118,House,917,199,2,2024-05-15,HRES1227,"Providing for consideration of the bill (H.R. 8369) to provide for the expeditious delivery of defense articles and defense services for Israel and other matters; providing for consideration of the bill (H.R. 7530) to limit youth offender status in the District of Columbia to individuals 18 years of age or younger, to direct the Attorney General of the District of Columbia to establish and operate",On Agreeing to the Resolution,Passed,212,200,official_title,special rule (H.Res. providing for consideration)
118-H-934,118,House,934,216,2,2024-05-16,HR8369,Israel Security Assistance Support Act,On Motion to Recommit,Failed,202,210,rule+official_title,procedural/non-passage question: On Motion to Recommit
118-H-1138,118,House,1138,420,2,2024-09-18,HRES1455,"Providing for consideration of the bill (H.R. 3724) to amend the Higher Education Act of 1965 to prohibit recognized accrediting agencies and associations from requiring, encouraging, or coercing institutions of higher education to meet any political litmus test or violate any right protected by the Constitution as a condition of accreditation; providing for consideration of the bill (H.R. 4790) t",On Ordering the Previous Question,Passed,206,196,official_title,special rule (H.Res. providing for consideration)
118-H-1139,118,House,1139,421,2,2024-09-18,HRES1455,"Providing for consideration of the bill (H.R. 3724) to amend the Higher Education Act of 1965 to prohibit recognized accrediting agencies and associations from requiring, encouraging, or coercing institutions of higher education to meet any political litmus test or violate any right protected by the Constitution as a condition of accreditation; providing for consideration of the bill (H.R. 4790) t",On Agreeing to the Resolution,Passed,214,200,official_title,special rule (H.Res. providing for consideration)
118-S-3,118,Senate,3,3,1,2023-01-30,PN62,"Roger Israel Zakheim, of Maryland, to be a Member of the Board of Directors of the United States Institute of Peace for a term of four years",On the Nomination,Nomination Confirmed,84,10,rule,procedural/non-passage question: On the Nomination
118-S-275,118,Senate,275,275,1,2023-10-31,PN1062,"Jacob J. Lew, of New York, to be Ambassador to the State of Israel",On the Cloture Motion,Cloture Motion Agreed to,53,44,rule,procedural/non-passage question: On the Cloture Motion
118-S-276,118,Senate,276,276,1,2023-10-31,PN1062,"Jacob J. Lew, of New York, to be Ambassador to the State of Israel",On the Nomination,Nomination Confirmed,53,43,rule,procedural/non-passage question: On the Nomination
118-S-309,118,Senate,309,309,1,2023-11-14,HR6126,"A bill making emergency supplemental appropriations to respond to the attacks in Israel for the fiscal year ending September 30, 2024, and for other purposes.",On the Motion to Table,Motion to Table Agreed to,51,48,rule+official_title,procedural/non-passage question: On the Motion to Table
118-S-360,118,Senate,360,8,2,2024-01-16,SRES504,A resolution requesting information on Israel's human rights practices pursuant to section 502B(c) of the Foreign Assistance Act of 1961.,On the Motion to Table,Motion to Table Agreed to,72,11,rule,procedural/non-passage question: On the Motion to Table
118-S-362,118,Senate,362,10,2,2024-01-18,HR2872,To limit foreign assistance to the Palestinian Authority or any other Palestinian governing entity in the West Bank and Gaza.,On the Amendment,Amendment Rejected,44,50,rule,procedural/non-passage question: On the Amendment
118-S-564,118,Senate,564,212,2,2024-07-11,SJRES89,"A joint resolution to direct the termination of the use of United States Armed Forces for the construction, maintenance, and operation of the Joint Logistics Over-the-Shore pier on the coast of the Gaza Strip that has not been authorized by Congress.",On the Point of Order,Point of Order Well Taken,48,46,rule,procedural/non-passage question: On the Point of Order
118-S-644,118,Senate,644,292,2,2024-11-20,SJRES111,A joint resolution providing for congressional disapproval of the proposed foreign military sale to the Government of Israel of certain defense articles and services.,On the Motion to Discharge,Motion to Discharge Rejected,18,79,rule,procedural/non-passage question: On the Motion to Discharge
118-S-645,118,Senate,645,293,2,2024-11-20,SJRES113,A joint resolution providing for congressional disapproval of the proposed foreign military sale to the Government of Israel of certain defense articles and services.,On the Motion to Discharge,Motion to Discharge Rejected,19,78,rule,procedural/non-passage question: On the Motion to Discharge
118-S-646,118,Senate,646,294,2,2024-11-20,SJRES115,"A joint resolution providing for congressional disapproval of the proposed license amendment for the export of certain defense articles, defense services, and technical data to Israel.",On the Motion to Discharge,Motion to Discharge Rejected,17,80,rule,procedural/non-passage question: On the Motion to Discharge
119-H-647,119,House,647,287,2,2026-09-01,HRES1499,"Providing for consideration of the bill (H.R. 1501) to amend the FAST Act to include certain mineral production activities as a covered project, and for other purposes; providing for consideration of the bill (H.R. 9436) to amend the Consolidated Appropriations Act, 2023 to extend the time period for which certain regulations concerning the North Atlantic right whale are effective; providing for c",On Ordering the Previous Question,Passed,212,205,official_title,special rule (H.Res. providing for consideration)
119-H-648,119,House,648,288,2,2026-09-01,HRES1499,"Providing for consideration of the bill (H.R. 1501) to amend the FAST Act to include certain mineral production activities as a covered project, and for other purposes; providing for consideration of the bill (H.R. 9436) to amend the Consolidated Appropriations Act, 2023 to extend the time period for which certain regulations concerning the North Atlantic right whale are effective; providing for c",On Agreeing to the Resolution,Passed,210,208,official_title,special rule (H.Res. providing for consideration)
119-S-165,119,Senate,165,165,1,2025-04-03,SJRES33,A joint resolution providing for congressional disapproval of the proposed foreign military sale to the Government of Israel of certain defense articles and services.,On the Motion to Discharge,Motion to Discharge Rejected,15,82,rule,procedural/non-passage question: On the Motion to Discharge
119-S-166,119,Senate,166,166,1,2025-04-03,SJRES26,A joint resolution providing for congressional disapproval of the proposed foreign military sale to Israel of certain defense articles and services.,On the Motion to Discharge,Motion to Discharge Rejected,15,83,rule,procedural/non-passage question: On the Motion to Discharge
119-S-196,119,Senate,196,196,1,2025-04-08,PN2520,"Mike Huckabee, of Arkansas, to be Ambassador to the State of Israel",On the Cloture Motion,Cloture Motion Agreed to,53,46,rule,procedural/non-passage question: On the Cloture Motion
119-S-201,119,Senate,201,201,1,2025-04-09,PN2520,"Mike Huckabee, of Arkansas, to be Ambassador to the State of Israel",On the Nomination,Nomination Confirmed,53,46,rule,procedural/non-passage question: On the Nomination
119-S-454,119,Senate,454,454,1,2025-07-30,SJRES41,A joint resolution providing for congressional disapproval of the proposed export of certain defense articles to Israel.,On the Motion to Discharge,Motion to Discharge Rejected,27,70,rule,procedural/non-passage question: On the Motion to Discharge
119-S-455,119,Senate,455,455,1,2025-07-30,SJRES34,A joint resolution providing for congressional disapproval of the proposed foreign military sale to the Government of Israel of certain defense articles and services.,On the Motion to Discharge,Motion to Discharge Rejected,24,73,rule,procedural/non-passage question: On the Motion to Discharge
119-S-546,119,Senate,546,546,1,2025-10-06,PN18,"Neil Jacobs, of North Carolina, to be Under Secretary of Commerce for Oceans and Atmosphere; and Todd Wilcox, of Florida, to be an Assistant Secretary of State (Diplomatic Security); and Riley Barnes, of Texas, to be Assistant Secretary of State for Democracy, Human Rights, and Labor; and Michael De",On the Cloture Motion,Cloture Motion Agreed to,50,45,rule,procedural/non-passage question: On the Cloture Motion
119-S-547,119,Senate,547,547,1,2025-10-07,PN229,"Paul Atkins, of Virginia, to be a Member of the Securities and Exchange Commission for a term expiring June 5, 2031; and James Baehr, of Louisiana, to be General Counsel, Department of Veterans Affairs; and Patrick David Davis, of Maryland, to be an Assistant Attorney General; and Leah Campos, of Vi",On the Nomination,Nomination Confirmed,51,47,rule,procedural/non-passage question: On the Nomination
119-S-653,119,Senate,653,653,1,2025-12-17,PN2529,"Scott Mayer, of Pennsylvania, to be a Member of the National Labor Relations Board for the term of five years expiring December 16, 2029; and Mary Anne Carter, of Tennessee, to be Chairperson of the National Endowment for the Arts for a term of four years; and Christopher Yeaw, of Virginia, to be an",On the Cloture Motion,Cloture Motion Agreed to,53,47,rule,procedural/non-passage question: On the Cloture Motion
119-S-655,119,Senate,655,655,1,2025-12-18,PN252,"Scott Mayer, of Pennsylvania, to be a Member of the National Labor Relations Board for the term of five years expiring December 16, 2029; and Mary Anne Carter, of Tennessee, to be Chairperson of the National Endowment for the Arts for a term of four years; and Christopher Yeaw, of Virginia, to be an",On the Nomination,Nomination Confirmed,53,43,rule,procedural/non-passage question: On the Nomination
119-S-739,119,Senate,739,80,2,2026-04-15,SJRES32,A joint resolution providing for congressional disapproval of the proposed foreign military sale to the Government of Israel of certain defense articles and services.,On the Motion to Discharge,Motion to Discharge Rejected,40,59,rule,procedural/non-passage question: On the Motion to Discharge
119-S-740,119,Senate,740,81,2,2026-04-15,SJRES138,A joint resolution providing for congressional disapproval of the proposed foreign military sale to the Government of Israel of certain defense articles and services.,On the Motion to Discharge,Motion to Discharge Rejected,36,63,rule,procedural/non-passage question: On the Motion to Discharge
119-S-911,119,Senate,911,252,2,2026-09-29,SRES852,A resolution requesting information on Israel's human rights practices pursuant to section 502B(c) of the Foreign Assistance Act of 1961.,On the Motion to Discharge,Motion to Discharge Rejected,47,51,rule,procedural/non-passage question: On the Motion to Discharge
