vote_id,congress,chamber,voteview_rollnumber,official_rollnumber,session,date,bill,title,vote_question,result,yea,nay,selection_basis
116-H-28,116,House,28,29,1,2019-01-11,HR221,Special Envoy to Monitor and Combat Anti-Semitism Act,On Motion to Suspend the Rules and Pass,Passed,411,1,rule+official_title
116-H-107,116,House,107,108,1,2019-03-07,HRES183,Condemning anti-Semitism as hateful expressions of intolerance that are contradictory to the values and aspirations that define the people of the United States and condemning anti-Muslim discrimination and bigotry against minorities as hateful expressions of intolerance that are contrary to the valu,"On Motion to Suspend the Rules and Agree, as Amended",Passed,407,23,rule+official_title
116-H-496,116,House,496,497,1,2019-07-23,HRES246,"Opposing efforts to delegitimize the State of Israel and the Global Boycott, Divestment, and Sanctions Movement targeting Israel","On Motion to Suspend the Rules and Agree, as Amended",Passed,398,17,rule+official_title
116-H-651,116,House,651,652,1,2019-12-06,HRES326,Expressing the sense of the House of Representatives regarding United States efforts to resolve the Israeli-Palestinian conflict through a negotiated two-state solution,On Agreeing to the Resolution,Passed,226,188,rule+official_title
116-S-16,116,Senate,16,16,1,2019-02-05,S1,"A bill to make improvements to certain defense and security assistance provisions and to authorize the appropriation of funds to Israel, to reauthorize the United States-Jordan Defense Cooperation Act of 2015, and to halt the wholesale slaughter of the Syrian people, and for other purposes.",On Passage of the Bill,Bill Passed,77,23,rule+official_title
117-H-274,117,House,274,275,1,2021-09-23,HR5323,"Iron Dome Supplemental Appropriations Act, 2022 [official title, GovInfo BILLSTATUS; Voteview text: Making supplemental appropriations for the fiscal year ending September 30, 2022, and for other purposes]",On Motion to Suspend the Rules and Pass,Passed,420,9,official_title
117-H-660,117,House,660,213,2,2022-05-18,HRES1125,Condemning rising antisemitism,"On Motion to Suspend the Rules and Agree, as Amended",Passed,420,1,rule+official_title
118-H-193,118,House,193,194,1,2023-04-25,HRES311,Encouraging the expansion and strengthening of the Abraham Accords to urge other nations to normalize relations with Israel and ensure that existing agreements reap tangible security and economic benefits for the citizens of those countries and all peoples in the region,On Motion to Suspend the Rules and Agree,Passed,401,19,rule+official_title
118-H-241,118,House,241,242,1,2023-05-31,HRES382,Condemning the rise of antisemitism and calling on elected officials to identify and educate others on the contributions of the Jewish American community,"On Motion to Suspend the Rules and Agree, as Amended",Passed,429,0,rule_voteview_text_only
118-H-337,118,House,337,338,1,2023-07-18,HCONRES57,Expressing the sense of Congress supporting the State of Israel,On Motion to Suspend the Rules and Agree,Passed,412,9,rule+official_title
118-H-523,118,House,523,528,1,2023-10-25,HRES771,Standing with Israel as it defends itself against the barbaric war launched by Hamas and other terrorists,On Motion to Suspend the Rules and Agree,Passed,412,10,rule+official_title
118-H-556,118,House,556,561,1,2023-11-01,HR340,Hamas and Other Palestinian Terrorist Groups International Financing Prevention Act,"On Motion to Suspend the Rules and Pass, as Amended",Passed,363,46,rule+official_title
118-H-572,118,House,572,577,1,2023-11-02,HR6126,"A bill making emergency supplemental appropriations to respond to the attacks in Israel for the fiscal year ending September 30, 2024, and for other purposes.",On Passage,Passed,226,196,addendumA+official_title
118-H-573,118,House,573,578,1,2023-11-02,HRES798,"Condemning the support of Hamas, Hezbollah, and other terrorist organizations at institutions of higher education, which may lead to the creation of a hostile environment for Jewish students, faculty, and staff","On Motion to Suspend the Rules and Agree, as Amended",Passed,396,23,rule+official_title
118-H-617,118,House,617,622,1,2023-11-07,HRES845,"Censuring Representative Rashida Tlaib for promoting false narratives regarding the October 7, 2023, Hamas attack on Israel and for calling for the destruction of the State of Israel",On Agreeing to the Resolution,Passed,234,188,rule+official_title
118-H-671,118,House,671,676,1,2023-11-28,HRES793,Calling on Hamas to immediately release hostages taken during October 2023 attack on Israel,On Motion to Suspend the Rules and Agree,Passed,414,0,rule+official_title
118-H-672,118,House,672,677,1,2023-11-28,HRES888,Reaffirming the State of Israel’s right to exist,On Motion to Suspend the Rules and Agree,Passed,412,1,rule+official_title
118-H-692,118,House,692,697,1,2023-12-05,HRES894,Strongly condemning and denouncing the drastic rise of antisemitism in the United States and around the world,On Motion to Suspend the Rules and Agree,Passed,311,14,rule+official_title
118-H-716,118,House,716,721,1,2023-12-13,HRES927,Condemning antisemitism on University campuses and the testimony of University Presidents in the House Committee on Education and the Workforce,On Motion to Suspend the Rules and Agree,Passed,303,126,rule+official_title
118-H-746,118,House,746,28,2,2024-01-31,HR6679,No Immigration Benefits for Hamas Terrorists Act,On Passage,Passed,422,2,rule+official_title
118-H-756,118,House,756,38,2,2024-02-06,HR7217,Israel Security Supplemental Appropriations Act,On Motion to Suspend the Rules and Pass,Failed,250,180,rule+official_title
118-H-762,118,House,762,44,2,2024-02-14,HRES966,Condemning rape and sexual violence committed by Hamas in its war against Israel,On Motion to Suspend the Rules and Agree,Passed,418,0,rule+official_title
118-H-852,118,House,852,134,2,2024-04-16,HRES883,"Expressing the sense of the House of Representatives that the slogan, “from the river to the sea, Palestine will be free” is antisemitic and its use must be condemned",On Motion to Suspend the Rules and Agree,Passed,377,44,rule+official_title
118-H-859,118,House,859,141,2,2024-04-18,HRES1143,Condemning Iran’s unprecedented drone and missile attack on Israel,On Agreeing to the Resolution,Passed,404,14,rule+official_title
118-H-870,118,House,870,152,2,2024-04-20,HR8034,"Israel Security Supplemental Appropriations Act, 2024",On Passage,Passed,366,58,rule+official_title
118-H-890,118,House,890,172,2,2024-05-01,HR6090,Antisemitism Awareness Act,On Passage,Passed,320,91,rule+official_title
118-H-935,118,House,935,217,2,2024-05-16,HR8369,Israel Security Assistance Support Act,On Passage,Passed,224,187,rule+official_title
118-H-1146,118,House,1146,428,2,2024-09-18,HR5179,Anti-BDS Labeling Act,On Passage,Passed,231,189,rule+official_title
118-H-1194,118,House,1194,476,2,2024-11-20,HRES1449,Condemning the global rise of antisemitism and calling upon countries and international bodies to counter antisemitism,On Motion to Suspend the Rules and Agree,Passed,388,21,rule+official_title
118-S-261,118,Senate,261,261,1,2023-10-19,SRES417,A resolution standing with Israel against terrorism.,On the Resolution,Resolution Agreed to,97,0,rule+official_title
119-H-128,119,House,128,129,1,2025-05-14,HRES352,Calling on elected officials and civil society leaders to counter antisemitism and educate the public on the contributions of the Jewish American community,On Motion to Suspend the Rules and Agree,Passed,421,1,rule+official_title
119-H-158,119,House,158,159,1,2025-06-09,HRES481,"Condemning the rise in ideologically motivated attacks on Jewish individuals in the United States, including the recent violent assault in Boulder, Colorado, and reaffirming the House of Representatives commitment to combatting antisemitism and politically motivated violence",On Motion to Suspend the Rules and Agree,Passed,400,0,rule+official_title
119-H-526,119,House,526,166,2,2026-05-13,HRES1251,Calling on elected officials and civil society leaders to counter antisemitism and educate the public on the contributions of the Jewish-American community,On Motion to Suspend the Rules and Agree,Passed,419,0,rule+official_title
119-H-655,119,House,655,295,2,2026-09-03,HR4795,"To amend the Higher Education Act of 1965 to prohibit an institution that participates in a nonexpressive commercial boycott of Israel from being eligible for certain funds under that Act, to require an institution that participates in certain programs under that Act to certify that students are not unreasonably obstructed from participating in academic programs in Israel, and for other purposes. ",On Passage,Passed,237,169,official_title
